 ID,Date,Parameter/Paramètre,Value/Valeur,Symbol/Symbole
01ED003,1954-12-17,discharge/débit,69.4,
01ED003,1954-12-18,discharge/débit,69.9,
01ED003,1954-12-19,discharge/débit,41.6,
01ED003,1954-12-20,discharge/débit,68.2,
01ED003,1954-12-21,discharge/débit,70.2,
01ED003,1954-12-22,discharge/débit,64.8,
01ED003,1954-12-23,discharge/débit,59.7,
01ED003,1954-12-24,discharge/débit,59.2,
01ED003,1954-12-25,discharge/débit,17.5,
01ED003,1954-12-26,discharge/débit,15.2,
01ED003,1954-12-27,discharge/débit,37.9,
01ED003,1954-12-28,discharge/débit,59.5,
01ED003,1954-12-29,discharge/débit,59.5,
01ED003,1954-12-30,discharge/débit,76.5,
01ED003,1954-12-31,discharge/débit,69.1,
01ED003,1955-01-01,discharge/débit,78.4,
01ED003,1955-01-02,discharge/débit,39.6,
01ED003,1955-01-03,discharge/débit,54.4,
01ED003,1955-01-04,discharge/débit,64.3,
01ED003,1955-01-05,discharge/débit,56.6,
01ED003,1955-01-06,discharge/débit,60.6,
01ED003,1955-01-07,discharge/débit,61.2,
01ED003,1955-01-08,discharge/débit,61.7,
01ED003,1955-01-09,discharge/débit,34.8,
01ED003,1955-01-10,discharge/débit,50.4,
01ED003,1955-01-11,discharge/débit,58.3,
01ED003,1955-01-12,discharge/débit,58.3,
01ED003,1955-01-13,discharge/débit,57.2,
01ED003,1955-01-14,discharge/débit,56.1,
01ED003,1955-01-15,discharge/débit,68.2,
01ED003,1955-01-16,discharge/débit,40.5,
01ED003,1955-01-17,discharge/débit,39.4,
01ED003,1955-01-18,discharge/débit,55.5,
01ED003,1955-01-19,discharge/débit,54.4,
01ED003,1955-01-20,discharge/débit,57.2,
01ED003,1955-01-21,discharge/débit,60.6,
01ED003,1955-01-22,discharge/débit,57.2,
01ED003,1955-01-23,discharge/débit,30.3,
01ED003,1955-01-24,discharge/débit,36.8,
01ED003,1955-01-25,discharge/débit,51.0,
01ED003,1955-01-26,discharge/débit,55.5,
01ED003,1955-01-27,discharge/débit,53.8,
01ED003,1955-01-28,discharge/débit,53.5,
01ED003,1955-01-29,discharge/débit,49.0,
01ED003,1955-01-30,discharge/débit,26.1,
01ED003,1955-01-31,discharge/débit,31.7,
01ED003,1955-02-24,discharge/débit,58.0,
01ED003,1955-02-25,discharge/débit,60.0,
01ED003,1955-02-26,discharge/débit,61.2,
01ED003,1955-02-27,discharge/débit,38.8,
01ED003,1955-02-28,discharge/débit,50.1,
01ED003,1955-03-01,discharge/débit,65.7,
01ED003,1955-03-02,discharge/débit,67.4,
01ED003,1955-03-03,discharge/débit,69.1,
01ED003,1955-03-04,discharge/débit,63.1,
01ED003,1955-03-05,discharge/débit,62.6,
01ED003,1955-03-06,discharge/débit,35.4,
01ED003,1955-03-07,discharge/débit,61.2,
01ED003,1955-03-08,discharge/débit,68.2,
01ED003,1955-03-09,discharge/débit,67.1,
01ED003,1955-03-10,discharge/débit,60.3,
01ED003,1955-03-11,discharge/débit,63.7,
01ED003,1955-03-12,discharge/débit,66.8,
01ED003,1955-03-13,discharge/débit,38.8,
01ED003,1955-03-14,discharge/débit,42.5,
01ED003,1955-03-15,discharge/débit,58.3,
01ED003,1955-03-16,discharge/débit,64.0,
01ED003,1955-03-17,discharge/débit,66.5,
01ED003,1955-03-18,discharge/débit,61.4,
01ED003,1955-03-19,discharge/débit,57.5,
01ED003,1955-03-20,discharge/débit,37.4,
01ED003,1955-03-21,discharge/débit,43.6,
01ED003,1955-03-22,discharge/débit,53.0,
01ED003,1955-03-23,discharge/débit,62.9,
01ED003,1955-03-24,discharge/débit,97.1,
01ED003,1955-03-25,discharge/débit,96.3,
01ED003,1955-03-26,discharge/débit,77.6,
01ED003,1955-03-27,discharge/débit,44.7,
01ED003,1955-03-28,discharge/débit,53.2,
01ED003,1955-03-29,discharge/débit,63.4,
01ED003,1955-03-30,discharge/débit,62.9,
01ED003,1955-03-31,discharge/débit,60.0,
01ED003,1955-04-01,discharge/débit,59.7,
01ED003,1955-04-02,discharge/débit,63.4,
01ED003,1955-04-03,discharge/débit,38.2,
01ED003,1955-04-04,discharge/débit,45.6,
01ED003,1955-04-05,discharge/débit,58.9,
01ED003,1955-04-06,discharge/débit,58.9,
01ED003,1955-04-07,discharge/débit,55.2,
01ED003,1955-04-08,discharge/débit,86.4,
01ED003,1955-04-09,discharge/débit,83.5,
01ED003,1955-04-10,discharge/débit,50.4,
01ED003,1955-04-11,discharge/débit,41.9,
01ED003,1955-04-12,discharge/débit,62.6,
01ED003,1955-04-13,discharge/débit,61.2,
01ED003,1955-04-14,discharge/débit,57.8,
01ED003,1955-04-15,discharge/débit,60.3,
01ED003,1955-04-16,discharge/débit,63.1,
01ED003,1955-04-17,discharge/débit,45.9,
01ED003,1955-04-18,discharge/débit,25.8,
01ED003,1955-04-19,discharge/débit,50.7,
01ED003,1955-04-20,discharge/débit,58.6,
01ED003,1955-04-21,discharge/débit,54.4,
01ED003,1955-04-22,discharge/débit,50.4,
01ED003,1955-04-23,discharge/débit,61.4,
01ED003,1955-04-24,discharge/débit,38.2,
01ED003,1955-04-25,discharge/débit,37.4,
01ED003,1955-04-26,discharge/débit,51.5,
01ED003,1955-04-27,discharge/débit,55.8,
01ED003,1955-04-28,discharge/débit,61.7,
01ED003,1955-04-29,discharge/débit,69.4,
01ED003,1955-04-30,discharge/débit,72.2,
01ED003,1955-05-01,discharge/débit,39.4,
01ED003,1955-05-02,discharge/débit,37.1,
01ED003,1955-05-03,discharge/débit,51.5,
01ED003,1955-05-04,discharge/débit,57.8,
01ED003,1955-05-05,discharge/débit,56.4,
01ED003,1955-05-06,discharge/débit,55.2,
01ED003,1955-05-07,discharge/débit,59.7,
01ED003,1955-05-08,discharge/débit,38.2,
01ED003,1955-05-09,discharge/débit,38.5,
01ED003,1955-05-10,discharge/débit,57.8,
01ED003,1955-05-11,discharge/débit,56.6,
01ED003,1955-05-12,discharge/débit,55.2,
01ED003,1955-05-13,discharge/débit,53.5,
01ED003,1955-05-14,discharge/débit,62.9,
01ED003,1955-05-15,discharge/débit,47.0,
01ED003,1955-05-16,discharge/débit,32.8,
01ED003,1955-05-17,discharge/débit,52.4,
01ED003,1955-05-18,discharge/débit,53.2,
01ED003,1955-05-19,discharge/débit,52.7,
01ED003,1955-05-20,discharge/débit,54.1,
01ED003,1955-05-21,discharge/débit,57.8,
01ED003,1955-05-22,discharge/débit,34.3,
01ED003,1955-05-23,discharge/débit,34.0,
01ED003,1955-05-24,discharge/débit,51.8,
01ED003,1955-05-25,discharge/débit,51.3,
01ED003,1955-05-26,discharge/débit,55.8,
01ED003,1955-05-27,discharge/débit,58.3,
01ED003,1955-05-28,discharge/débit,63.7,
01ED003,1955-05-29,discharge/débit,40.5,
01ED003,1955-05-30,discharge/débit,43.0,
01ED003,1955-05-31,discharge/débit,53.8,
01ED003,1955-06-01,discharge/débit,58.6,
01ED003,1955-06-02,discharge/débit,55.2,
01ED003,1955-06-03,discharge/débit,62.3,
01ED003,1955-06-04,discharge/débit,63.7,
01ED003,1955-06-05,discharge/débit,33.7,
01ED003,1955-06-06,discharge/débit,41.1,
01ED003,1955-06-07,discharge/débit,57.5,
01ED003,1955-06-08,discharge/débit,55.5,
01ED003,1955-06-09,discharge/débit,56.6,
01ED003,1955-06-10,discharge/débit,54.9,
01ED003,1955-06-11,discharge/débit,68.5,
01ED003,1955-06-12,discharge/débit,40.8,
01ED003,1955-06-13,discharge/débit,34.8,
01ED003,1955-06-14,discharge/débit,58.0,
01ED003,1955-06-15,discharge/débit,56.9,
01ED003,1955-06-16,discharge/débit,60.3,
01ED003,1955-06-17,discharge/débit,55.8,
01ED003,1955-06-18,discharge/débit,62.6,
01ED003,1955-06-19,discharge/débit,45.6,
01ED003,1955-06-20,discharge/débit,44.5,
01ED003,1955-06-21,discharge/débit,49.6,
01ED003,1955-06-22,discharge/débit,56.6,
01ED003,1955-06-23,discharge/débit,57.5,
01ED003,1955-06-24,discharge/débit,56.1,
01ED003,1955-06-25,discharge/débit,66.0,
01ED003,1955-06-26,discharge/débit,37.1,
01ED003,1955-06-27,discharge/débit,44.7,
01ED003,1955-06-28,discharge/débit,52.7,
01ED003,1955-06-29,discharge/débit,55.8,
01ED003,1955-06-30,discharge/débit,65.4,
01ED003,1955-07-01,discharge/débit,11.7,
01ED003,1955-07-02,discharge/débit,43.3,
01ED003,1955-07-03,discharge/débit,34.5,
01ED003,1955-07-04,discharge/débit,43.0,
01ED003,1955-07-05,discharge/débit,54.1,
01ED003,1955-07-06,discharge/débit,54.9,
01ED003,1955-07-07,discharge/débit,54.7,
01ED003,1955-07-08,discharge/débit,53.5,
01ED003,1955-07-09,discharge/débit,51.5,
01ED003,1955-07-10,discharge/débit,27.0,
01ED003,1955-07-11,discharge/débit,45.0,
01ED003,1955-07-12,discharge/débit,56.6,
01ED003,1955-07-13,discharge/débit,53.2,
01ED003,1955-07-14,discharge/débit,58.3,
01ED003,1955-07-15,discharge/débit,59.7,
01ED003,1955-07-16,discharge/débit,59.5,
01ED003,1955-07-17,discharge/débit,27.8,
01ED003,1955-07-18,discharge/débit,52.4,
01ED003,1955-07-19,discharge/débit,70.8,
01ED003,1955-07-20,discharge/débit,60.0,
01ED003,1955-07-21,discharge/débit,59.7,
01ED003,1955-07-22,discharge/débit,57.5,
01ED003,1955-07-23,discharge/débit,52.7,
01ED003,1955-07-24,discharge/débit,40.5,
01ED003,1955-07-25,discharge/débit,38.5,
01ED003,1955-07-26,discharge/débit,55.5,
01ED003,1955-07-27,discharge/débit,50.7,
01ED003,1955-07-28,discharge/débit,61.2,
01ED003,1955-07-29,discharge/débit,67.1,
01ED003,1955-07-30,discharge/débit,52.7,
01ED003,1955-07-31,discharge/débit,33.7,
01ED003,1955-08-01,discharge/débit,48.7,
01ED003,1955-08-02,discharge/débit,54.9,
01ED003,1955-08-03,discharge/débit,56.1,
01ED003,1955-08-04,discharge/débit,56.1,
01ED003,1955-08-05,discharge/débit,56.6,
01ED003,1955-08-06,discharge/débit,53.5,
01ED003,1955-08-07,discharge/débit,30.9,
01ED003,1955-08-08,discharge/débit,43.0,
01ED003,1955-08-09,discharge/débit,53.2,
01ED003,1955-08-10,discharge/débit,49.6,
01ED003,1955-08-11,discharge/débit,55.2,
01ED003,1955-08-12,discharge/débit,63.7,
01ED003,1955-08-13,discharge/débit,58.9,
01ED003,1955-08-14,discharge/débit,31.7,
01ED003,1955-08-15,discharge/débit,49.8,
01ED003,1955-08-16,discharge/débit,56.9,
01ED003,1955-08-17,discharge/débit,56.1,
01ED003,1955-08-18,discharge/débit,56.1,
01ED003,1955-08-19,discharge/débit,62.0,
01ED003,1955-08-20,discharge/débit,60.0,
01ED003,1955-08-21,discharge/débit,37.1,
01ED003,1955-08-22,discharge/débit,38.5,
01ED003,1955-08-23,discharge/débit,62.0,
01ED003,1955-08-24,discharge/débit,58.9,
01ED003,1955-08-25,discharge/débit,58.3,
01ED003,1955-08-26,discharge/débit,58.3,
01ED003,1955-08-27,discharge/débit,57.2,
01ED003,1955-08-28,discharge/débit,27.2,
01ED003,1955-08-29,discharge/débit,46.2,
01ED003,1955-08-30,discharge/débit,57.5,
01ED003,1955-08-31,discharge/débit,55.5,
01ED003,1955-09-01,discharge/débit,85.8,
01ED003,1955-09-02,discharge/débit,60.0,
01ED003,1955-09-03,discharge/débit,46.2,
01ED003,1955-09-04,discharge/débit,31.7,
01ED003,1955-09-05,discharge/débit,11.3,
01ED003,1955-09-06,discharge/débit,41.3,
01ED003,1955-09-07,discharge/débit,61.4,
01ED003,1955-09-08,discharge/débit,61.4,
01ED003,1955-09-09,discharge/débit,56.6,
01ED003,1955-09-10,discharge/débit,63.7,
01ED003,1955-09-11,discharge/débit,39.4,
01ED003,1955-09-12,discharge/débit,40.2,
01ED003,1955-09-13,discharge/débit,59.5,
01ED003,1955-09-14,discharge/débit,51.0,
01ED003,1955-09-15,discharge/débit,55.5,
01ED003,1955-09-16,discharge/débit,58.6,
01ED003,1955-09-17,discharge/débit,54.9,
01ED003,1955-09-18,discharge/débit,28.6,
01ED003,1955-09-19,discharge/débit,52.4,
01ED003,1955-09-20,discharge/débit,55.2,
01ED003,1955-09-21,discharge/débit,58.6,
01ED003,1955-09-22,discharge/débit,62.6,
01ED003,1955-09-23,discharge/débit,60.6,
01ED003,1955-09-24,discharge/débit,53.2,
01ED003,1955-09-25,discharge/débit,32.6,
01ED003,1955-09-26,discharge/débit,60.3,
01ED003,1955-09-27,discharge/débit,56.1,
01ED003,1955-09-28,discharge/débit,58.3,
01ED003,1955-09-29,discharge/débit,60.6,
01ED003,1955-09-30,discharge/débit,60.6,
01ED003,1955-10-01,discharge/débit,59.2,
01ED003,1955-10-02,discharge/débit,34.5,
01ED003,1955-10-03,discharge/débit,54.9,
01ED003,1955-10-04,discharge/débit,54.1,
01ED003,1955-10-05,discharge/débit,57.5,
01ED003,1955-10-06,discharge/débit,58.0,
01ED003,1955-10-07,discharge/débit,59.2,
01ED003,1955-10-08,discharge/débit,54.9,
01ED003,1955-10-09,discharge/débit,32.8,
01ED003,1955-10-10,discharge/débit,54.4,
01ED003,1955-10-11,discharge/débit,55.5,
01ED003,1955-10-12,discharge/débit,57.2,
01ED003,1955-10-13,discharge/débit,55.5,
01ED003,1955-10-14,discharge/débit,57.2,
01ED003,1955-10-15,discharge/débit,57.2,
01ED003,1955-10-16,discharge/débit,25.5,
01ED003,1955-10-17,discharge/débit,54.1,
01ED003,1955-10-18,discharge/débit,60.9,
01ED003,1955-10-19,discharge/débit,60.6,
01ED003,1955-10-20,discharge/débit,50.7,
01ED003,1955-10-21,discharge/débit,63.7,
01ED003,1955-10-22,discharge/débit,60.6,
01ED003,1955-10-23,discharge/débit,25.9,
01ED003,1955-10-24,discharge/débit,59.5,
01ED003,1955-10-25,discharge/débit,63.7,
01ED003,1955-10-26,discharge/débit,60.3,
01ED003,1955-10-27,discharge/débit,54.1,
01ED003,1955-10-28,discharge/débit,62.9,
01ED003,1955-10-29,discharge/débit,51.5,
01ED003,1955-10-30,discharge/débit,25.1,
01ED003,1955-10-31,discharge/débit,53.8,
01ED003,1955-11-01,discharge/débit,65.1,
01ED003,1955-11-02,discharge/débit,67.1,
01ED003,1955-11-03,discharge/débit,67.7,
01ED003,1955-11-04,discharge/débit,63.1,
01ED003,1955-11-05,discharge/débit,62.0,
01ED003,1955-11-06,discharge/débit,37.7,
01ED003,1955-11-07,discharge/débit,69.1,
01ED003,1955-11-08,discharge/débit,64.6,
01ED003,1955-11-09,discharge/débit,60.6,
01ED003,1955-11-10,discharge/débit,64.6,
01ED003,1955-11-11,discharge/débit,56.9,
01ED003,1955-11-12,discharge/débit,67.1,
01ED003,1955-11-13,discharge/débit,31.1,
01ED003,1955-11-14,discharge/débit,51.8,
01ED003,1955-11-15,discharge/débit,54.4,
01ED003,1955-11-16,discharge/débit,51.8,
01ED003,1955-11-17,discharge/débit,49.8,
01ED003,1955-11-18,discharge/débit,52.4,
01ED003,1955-11-19,discharge/débit,49.8,
01ED003,1955-11-20,discharge/débit,25.7,
01ED003,1955-11-21,discharge/débit,40.8,
01ED003,1955-11-22,discharge/débit,49.0,
01ED003,1955-11-23,discharge/débit,47.9,
01ED003,1955-11-24,discharge/débit,49.8,
01ED003,1955-11-25,discharge/débit,50.4,
01ED003,1955-11-26,discharge/débit,54.4,
01ED003,1955-11-27,discharge/débit,26.4,
01ED003,1955-11-28,discharge/débit,40.2,
01ED003,1955-11-29,discharge/débit,60.0,
01ED003,1955-11-30,discharge/débit,59.5,
01ED003,1955-12-01,discharge/débit,59.5,
01ED003,1955-12-02,discharge/débit,51.5,
01ED003,1955-12-03,discharge/débit,53.5,
01ED003,1955-12-04,discharge/débit,27.0,
01ED003,1955-12-05,discharge/débit,42.2,
01ED003,1955-12-06,discharge/débit,52.7,
01ED003,1955-12-07,discharge/débit,47.3,
01ED003,1955-12-08,discharge/débit,47.3,
01ED003,1955-12-09,discharge/débit,45.9,
01ED003,1955-12-10,discharge/débit,46.2,
01ED003,1955-12-11,discharge/débit,25.1,
01ED003,1955-12-12,discharge/débit,51.5,
01ED003,1955-12-13,discharge/débit,48.7,
01ED003,1955-12-14,discharge/débit,47.9,
01ED003,1955-12-15,discharge/débit,49.0,
01ED003,1955-12-16,discharge/débit,47.3,
01ED003,1955-12-17,discharge/débit,48.4,
01ED003,1955-12-18,discharge/débit,24.4,
01ED003,1955-12-19,discharge/débit,41.3,
01ED003,1955-12-20,discharge/débit,54.4,
01ED003,1955-12-21,discharge/débit,49.8,E
01ED003,1955-12-22,discharge/débit,49.8,E
01ED003,1955-12-23,discharge/débit,50.1,E
01ED003,1955-12-24,discharge/débit,42.2,E
01ED003,1955-12-25,discharge/débit,19.0,E
01ED003,1955-12-26,discharge/débit,27.8,E
01ED003,1955-12-27,discharge/débit,53.2,E
01ED003,1955-12-28,discharge/débit,49.8,E
01ED003,1955-12-29,discharge/débit,50.4,E
01ED003,1955-12-30,discharge/débit,54.9,
01ED003,1955-12-31,discharge/débit,50.1,
01ED003,1956-01-01,discharge/débit,27.7,
01ED003,1956-01-02,discharge/débit,56.4,
01ED003,1956-01-03,discharge/débit,56.1,
01ED003,1956-01-04,discharge/débit,56.9,
01ED003,1956-01-05,discharge/débit,67.7,
01ED003,1956-01-06,discharge/débit,127.0,
01ED003,1956-01-07,discharge/débit,95.1,
01ED003,1956-01-08,discharge/débit,147.0,
01ED003,1956-01-09,discharge/débit,136.0,
01ED003,1956-01-10,discharge/débit,110.0,
01ED003,1956-01-11,discharge/débit,91.5,
01ED003,1956-01-12,discharge/débit,65.4,
01ED003,1956-01-13,discharge/débit,78.2,
01ED003,1956-01-14,discharge/débit,73.3,
01ED003,1956-01-15,discharge/débit,65.4,
01ED003,1956-01-16,discharge/débit,61.4,
01ED003,1956-01-17,discharge/débit,68.8,
01ED003,1956-01-18,discharge/débit,75.0,
01ED003,1956-01-19,discharge/débit,75.0,
01ED003,1956-01-20,discharge/débit,65.4,
01ED003,1956-01-21,discharge/débit,71.4,
01ED003,1956-01-22,discharge/débit,36.0,
01ED003,1956-01-23,discharge/débit,55.8,
01ED003,1956-01-24,discharge/débit,56.1,
01ED003,1956-01-25,discharge/débit,58.0,
01ED003,1956-01-26,discharge/débit,56.4,
01ED003,1956-01-27,discharge/débit,57.2,
01ED003,1956-01-28,discharge/débit,54.9,
01ED003,1956-01-29,discharge/débit,32.0,
01ED003,1956-01-30,discharge/débit,57.2,
01ED003,1956-01-31,discharge/débit,54.9,
01ED003,1956-02-01,discharge/débit,55.5,
01ED003,1956-02-02,discharge/débit,56.1,
01ED003,1956-02-03,discharge/débit,53.2,
01ED003,1956-02-04,discharge/débit,53.8,
01ED003,1956-02-05,discharge/débit,27.4,
01ED003,1956-02-06,discharge/débit,46.7,
01ED003,1956-02-07,discharge/débit,57.8,
01ED003,1956-02-08,discharge/débit,54.7,
01ED003,1956-02-09,discharge/débit,53.5,
01ED003,1956-02-10,discharge/débit,53.2,
01ED003,1956-02-11,discharge/débit,54.9,
01ED003,1956-02-12,discharge/débit,32.3,
01ED003,1956-02-13,discharge/débit,54.9,
01ED003,1956-02-14,discharge/débit,58.9,
01ED003,1956-02-15,discharge/débit,58.9,
01ED003,1956-02-16,discharge/débit,56.6,
01ED003,1956-02-17,discharge/débit,54.4,
01ED003,1956-02-18,discharge/débit,53.5,
01ED003,1956-02-19,discharge/débit,34.8,
01ED003,1956-02-20,discharge/débit,44.7,
01ED003,1956-02-21,discharge/débit,49.0,
01ED003,1956-02-22,discharge/débit,57.5,
01ED003,1956-02-23,discharge/débit,57.8,
01ED003,1956-02-24,discharge/débit,55.8,
01ED003,1956-02-25,discharge/débit,53.5,
01ED003,1956-02-26,discharge/débit,32.6,
01ED003,1956-02-27,discharge/débit,50.7,
01ED003,1956-02-28,discharge/débit,56.6,
01ED003,1956-02-29,discharge/débit,57.2,
01ED003,1956-03-01,discharge/débit,60.0,
01ED003,1956-03-02,discharge/débit,57.5,
01ED003,1956-03-03,discharge/débit,57.8,
01ED003,1956-03-04,discharge/débit,30.6,
01ED003,1956-03-05,discharge/débit,56.4,
01ED003,1956-03-06,discharge/débit,59.2,
01ED003,1956-03-07,discharge/débit,54.4,
01ED003,1956-03-08,discharge/débit,55.5,
01ED003,1956-03-09,discharge/débit,56.1,
01ED003,1956-03-10,discharge/débit,54.7,
01ED003,1956-03-11,discharge/débit,33.7,
01ED003,1956-03-12,discharge/débit,55.5,
01ED003,1956-03-13,discharge/débit,62.6,
01ED003,1956-03-14,discharge/débit,62.3,
01ED003,1956-03-15,discharge/débit,60.0,
01ED003,1956-03-16,discharge/débit,60.0,
01ED003,1956-03-17,discharge/débit,52.4,
01ED003,1956-03-18,discharge/débit,32.6,
01ED003,1956-03-19,discharge/débit,53.5,
01ED003,1956-03-20,discharge/débit,58.6,
01ED003,1956-03-21,discharge/débit,59.7,
01ED003,1956-03-22,discharge/débit,54.7,
01ED003,1956-03-23,discharge/débit,53.2,
01ED003,1956-03-24,discharge/débit,54.9,
01ED003,1956-03-25,discharge/débit,32.3,
01ED003,1956-03-26,discharge/débit,52.7,
01ED003,1956-03-27,discharge/débit,56.4,
01ED003,1956-03-28,discharge/débit,55.8,
01ED003,1956-03-29,discharge/débit,56.6,
01ED003,1956-03-30,discharge/débit,55.5,
01ED003,1956-03-31,discharge/débit,58.3,
01ED003,1956-04-01,discharge/débit,36.2,
01ED003,1956-04-02,discharge/débit,53.8,
01ED003,1956-04-03,discharge/débit,62.0,
01ED003,1956-04-04,discharge/débit,57.2,
01ED003,1956-04-05,discharge/débit,63.1,
01ED003,1956-04-06,discharge/débit,70.5,
01ED003,1956-04-07,discharge/débit,64.3,
01ED003,1956-04-08,discharge/débit,39.6,
01ED003,1956-04-09,discharge/débit,69.7,
01ED003,1956-04-10,discharge/débit,56.9,
01ED003,1956-04-11,discharge/débit,59.7,
01ED003,1956-04-12,discharge/débit,63.4,
01ED003,1956-04-13,discharge/débit,58.3,
01ED003,1956-04-14,discharge/débit,59.2,
01ED003,1956-04-15,discharge/débit,33.4,
01ED003,1956-04-16,discharge/débit,63.7,
01ED003,1956-04-17,discharge/débit,70.5,
01ED003,1956-04-18,discharge/débit,73.9,
01ED003,1956-04-19,discharge/débit,93.7,
01ED003,1956-04-20,discharge/débit,123.0,
01ED003,1956-04-21,discharge/débit,133.0,
01ED003,1956-04-22,discharge/débit,143.0,
01ED003,1956-04-23,discharge/débit,142.0,
01ED003,1956-04-24,discharge/débit,157.0,
01ED003,1956-04-25,discharge/débit,163.0,
01ED003,1956-04-26,discharge/débit,164.0,
01ED003,1956-04-27,discharge/débit,163.0,
01ED003,1956-04-28,discharge/débit,155.0,
01ED003,1956-04-29,discharge/débit,125.0,
01ED003,1956-04-30,discharge/débit,144.0,
01ED003,1956-05-01,discharge/débit,162.0,
01ED003,1956-05-02,discharge/débit,129.0,
01ED003,1956-05-03,discharge/débit,92.6,
01ED003,1956-05-04,discharge/débit,64.0,
01ED003,1956-05-05,discharge/débit,59.5,
01ED003,1956-05-06,discharge/débit,33.1,
01ED003,1956-05-07,discharge/débit,48.4,
01ED003,1956-05-08,discharge/débit,60.3,
01ED003,1956-05-09,discharge/débit,57.2,
01ED003,1956-05-10,discharge/débit,61.2,
01ED003,1956-05-11,discharge/débit,78.4,
01ED003,1956-05-12,discharge/débit,110.0,
01ED003,1956-05-13,discharge/débit,72.2,
01ED003,1956-05-14,discharge/débit,98.3,
01ED003,1956-05-15,discharge/débit,122.0,
01ED003,1956-05-16,discharge/débit,99.4,
01ED003,1956-05-17,discharge/débit,99.1,
01ED003,1956-05-18,discharge/débit,114.0,
01ED003,1956-05-19,discharge/débit,86.7,
01ED003,1956-05-20,discharge/débit,37.9,
01ED003,1956-05-21,discharge/débit,49.6,
01ED003,1956-05-22,discharge/débit,54.1,
01ED003,1956-05-23,discharge/débit,54.4,
01ED003,1956-05-24,discharge/débit,57.2,
01ED003,1956-05-25,discharge/débit,53.5,
01ED003,1956-05-26,discharge/débit,50.7,
01ED003,1956-05-27,discharge/débit,30.0,
01ED003,1956-05-28,discharge/débit,89.5,
01ED003,1956-05-29,discharge/débit,155.0,
01ED003,1956-05-30,discharge/débit,129.0,
01ED003,1956-05-31,discharge/débit,76.7,
01ED003,1956-06-01,discharge/débit,50.7,
01ED003,1956-06-02,discharge/débit,53.2,
01ED003,1956-06-03,discharge/débit,30.0,
01ED003,1956-06-04,discharge/débit,44.2,
01ED003,1956-06-05,discharge/débit,56.6,
01ED003,1956-06-06,discharge/débit,51.5,
01ED003,1956-06-07,discharge/débit,58.0,
01ED003,1956-06-08,discharge/débit,51.8,
01ED003,1956-06-09,discharge/débit,55.5,
01ED003,1956-06-10,discharge/débit,25.0,
01ED003,1956-06-11,discharge/débit,40.2,
01ED003,1956-06-12,discharge/débit,54.4,
01ED003,1956-06-13,discharge/débit,51.0,
01ED003,1956-06-14,discharge/débit,56.6,
01ED003,1956-06-15,discharge/débit,56.1,
01ED003,1956-06-16,discharge/débit,54.7,
01ED003,1956-06-17,discharge/débit,29.2,
01ED003,1956-06-18,discharge/débit,47.0,
01ED003,1956-06-19,discharge/débit,54.9,
01ED003,1956-06-20,discharge/débit,60.3,
01ED003,1956-06-21,discharge/débit,55.5,
01ED003,1956-06-22,discharge/débit,57.8,
01ED003,1956-06-23,discharge/débit,58.3,
01ED003,1956-06-24,discharge/débit,33.4,
01ED003,1956-06-25,discharge/débit,45.6,
01ED003,1956-06-26,discharge/débit,58.3,
01ED003,1956-06-27,discharge/débit,59.2,
01ED003,1956-06-28,discharge/débit,51.5,
01ED003,1956-06-29,discharge/débit,58.3,
01ED003,1956-06-30,discharge/débit,58.3,
01ED003,1956-07-01,discharge/débit,27.7,
01ED003,1956-07-02,discharge/débit,8.41,
01ED003,1956-07-03,discharge/débit,46.2,
01ED003,1956-07-04,discharge/débit,56.9,
01ED003,1956-07-05,discharge/débit,62.6,
01ED003,1956-07-06,discharge/débit,61.2,
01ED003,1956-07-07,discharge/débit,61.4,
01ED003,1956-07-08,discharge/débit,31.7,
01ED003,1956-07-09,discharge/débit,44.2,
01ED003,1956-07-10,discharge/débit,64.6,
01ED003,1956-07-11,discharge/débit,57.8,
01ED003,1956-07-12,discharge/débit,56.4,
01ED003,1956-07-13,discharge/débit,50.7,
01ED003,1956-07-14,discharge/débit,52.4,
01ED003,1956-07-15,discharge/débit,29.2,
01ED003,1956-07-16,discharge/débit,51.3,
01ED003,1956-07-17,discharge/débit,55.5,
01ED003,1956-07-18,discharge/débit,63.1,
01ED003,1956-07-19,discharge/débit,57.8,
01ED003,1956-07-20,discharge/débit,58.9,
01ED003,1956-07-21,discharge/débit,59.7,
01ED003,1956-07-22,discharge/débit,33.1,
01ED003,1956-07-23,discharge/débit,53.5,
01ED003,1956-07-24,discharge/débit,58.6,
01ED003,1956-07-25,discharge/débit,62.9,
01ED003,1956-07-26,discharge/débit,62.0,
01ED003,1956-07-27,discharge/débit,65.1,
01ED003,1956-07-28,discharge/débit,60.9,
01ED003,1956-07-29,discharge/débit,27.7,
01ED003,1956-07-30,discharge/débit,51.0,
01ED003,1956-07-31,discharge/débit,57.2,
01ED003,1956-08-01,discharge/débit,56.6,
01ED003,1956-08-02,discharge/débit,60.0,
01ED003,1956-08-03,discharge/débit,51.0,
01ED003,1956-08-04,discharge/débit,60.0,
01ED003,1956-08-05,discharge/débit,26.6,
01ED003,1956-08-06,discharge/débit,51.3,
01ED003,1956-08-07,discharge/débit,68.2,
01ED003,1956-08-08,discharge/débit,66.8,
01ED003,1956-08-09,discharge/débit,72.2,
01ED003,1956-08-10,discharge/débit,71.6,
01ED003,1956-08-11,discharge/débit,64.3,
01ED003,1956-08-12,discharge/débit,35.7,
01ED003,1956-08-13,discharge/débit,57.5,
01ED003,1956-08-14,discharge/débit,57.8,
01ED003,1956-08-15,discharge/débit,60.9,
01ED003,1956-08-16,discharge/débit,54.1,
01ED003,1956-08-17,discharge/débit,54.9,
01ED003,1956-08-18,discharge/débit,59.2,
01ED003,1956-08-19,discharge/débit,33.1,
01ED003,1956-08-20,discharge/débit,53.5,
01ED003,1956-08-21,discharge/débit,61.7,
01ED003,1956-08-22,discharge/débit,57.2,
01ED003,1956-08-23,discharge/débit,55.2,
01ED003,1956-08-24,discharge/débit,58.0,
01ED003,1956-08-25,discharge/débit,55.2,
01ED003,1956-08-26,discharge/débit,34.5,
01ED003,1956-08-27,discharge/débit,41.9,
01ED003,1956-08-28,discharge/débit,60.3,
01ED003,1956-08-29,discharge/débit,52.7,
01ED003,1956-08-30,discharge/débit,59.2,
01ED003,1956-08-31,discharge/débit,63.7,
01ED003,1956-09-01,discharge/débit,57.5,
01ED003,1956-09-02,discharge/débit,33.1,
01ED003,1956-09-03,discharge/débit,52.7,
01ED003,1956-09-04,discharge/débit,57.5,
01ED003,1956-09-05,discharge/débit,55.8,
01ED003,1956-09-06,discharge/débit,58.6,
01ED003,1956-09-07,discharge/débit,56.9,
01ED003,1956-09-08,discharge/débit,53.2,
01ED003,1956-09-09,discharge/débit,23.8,
01ED003,1956-09-10,discharge/débit,47.9,
01ED003,1956-09-11,discharge/débit,55.2,
01ED003,1956-09-12,discharge/débit,58.9,
01ED003,1956-09-13,discharge/débit,56.1,
01ED003,1956-09-14,discharge/débit,57.5,
01ED003,1956-09-15,discharge/débit,55.8,
01ED003,1956-09-16,discharge/débit,34.3,
01ED003,1956-09-17,discharge/débit,43.3,
01ED003,1956-09-18,discharge/débit,59.7,
01ED003,1956-09-19,discharge/débit,57.5,
01ED003,1956-09-20,discharge/débit,60.3,
01ED003,1956-09-21,discharge/débit,68.2,
01ED003,1956-09-22,discharge/débit,62.6,
01ED003,1956-09-23,discharge/débit,36.8,
01ED003,1956-09-24,discharge/débit,51.8,
01ED003,1956-09-25,discharge/débit,62.9,
01ED003,1956-09-26,discharge/débit,62.9,
01ED003,1956-09-27,discharge/débit,59.7,
01ED003,1956-09-28,discharge/débit,60.3,
01ED003,1956-09-29,discharge/débit,63.1,
01ED003,1956-09-30,discharge/débit,33.1,
01ED003,1956-10-01,discharge/débit,50.1,
01ED003,1956-10-02,discharge/débit,61.4,
01ED003,1956-10-03,discharge/débit,63.1,
01ED003,1956-10-04,discharge/débit,60.9,
01ED003,1956-10-05,discharge/débit,62.9,
01ED003,1956-10-06,discharge/débit,61.4,
01ED003,1956-10-07,discharge/débit,34.8,
01ED003,1956-10-08,discharge/débit,59.5,
01ED003,1956-10-09,discharge/débit,64.3,
01ED003,1956-10-10,discharge/débit,61.4,
01ED003,1956-10-11,discharge/débit,62.9,
01ED003,1956-10-12,discharge/débit,63.7,
01ED003,1956-10-13,discharge/débit,63.7,
01ED003,1956-10-14,discharge/débit,37.1,
01ED003,1956-10-15,discharge/débit,50.1,
01ED003,1956-10-16,discharge/débit,60.3,
01ED003,1956-10-17,discharge/débit,59.7,
01ED003,1956-10-18,discharge/débit,58.6,
01ED003,1956-10-19,discharge/débit,58.6,
01ED003,1956-10-20,discharge/débit,56.9,
01ED003,1956-10-21,discharge/débit,31.1,
01ED003,1956-10-22,discharge/débit,52.7,
01ED003,1956-10-23,discharge/débit,62.6,
01ED003,1956-10-24,discharge/débit,62.3,
01ED003,1956-10-25,discharge/débit,60.3,
01ED003,1956-10-26,discharge/débit,64.0,
01ED003,1956-10-27,discharge/débit,60.6,
01ED003,1956-10-28,discharge/débit,36.2,
01ED003,1956-10-29,discharge/débit,50.7,
01ED003,1956-10-30,discharge/débit,58.6,
01ED003,1956-10-31,discharge/débit,58.0,
01ED003,1956-11-01,discharge/débit,58.0,
01ED003,1956-11-02,discharge/débit,55.2,
01ED003,1956-11-03,discharge/débit,57.2,
01ED003,1956-11-04,discharge/débit,36.0,
01ED003,1956-11-05,discharge/débit,44.5,
01ED003,1956-11-06,discharge/débit,56.9,
01ED003,1956-11-07,discharge/débit,62.0,
01ED003,1956-11-08,discharge/débit,56.9,
01ED003,1956-11-09,discharge/débit,54.7,
01ED003,1956-11-10,discharge/débit,51.5,
01ED003,1956-11-11,discharge/débit,29.7,
01ED003,1956-11-12,discharge/débit,45.3,
01ED003,1956-11-13,discharge/débit,58.6,
01ED003,1956-11-14,discharge/débit,52.1,
01ED003,1956-11-15,discharge/débit,55.8,
01ED003,1956-11-16,discharge/débit,58.6,
01ED003,1956-11-17,discharge/débit,59.2,
01ED003,1956-11-18,discharge/débit,34.5,
01ED003,1956-11-19,discharge/débit,51.3,
01ED003,1956-11-20,discharge/débit,64.3,
01ED003,1956-11-21,discharge/débit,56.9,
01ED003,1956-11-22,discharge/débit,63.1,
01ED003,1956-11-23,discharge/débit,62.0,
01ED003,1956-11-24,discharge/débit,59.7,
01ED003,1956-11-25,discharge/débit,34.5,
01ED003,1956-11-26,discharge/débit,54.9,
01ED003,1956-11-27,discharge/débit,69.7,
01ED003,1956-11-28,discharge/débit,74.2,
01ED003,1956-11-29,discharge/débit,65.7,
01ED003,1956-11-30,discharge/débit,62.0,
01ED003,1956-12-01,discharge/débit,59.5,
01ED003,1956-12-02,discharge/débit,31.4,
01ED003,1956-12-03,discharge/débit,51.3,
01ED003,1956-12-04,discharge/débit,59.2,
01ED003,1956-12-05,discharge/débit,56.4,
01ED003,1956-12-06,discharge/débit,56.1,
01ED003,1956-12-07,discharge/débit,55.8,
01ED003,1956-12-08,discharge/débit,54.4,
01ED003,1956-12-09,discharge/débit,30.0,
01ED003,1956-12-10,discharge/débit,49.0,
01ED003,1956-12-11,discharge/débit,56.9,
01ED003,1956-12-12,discharge/débit,62.0,
01ED003,1956-12-13,discharge/débit,69.4,
01ED003,1956-12-14,discharge/débit,54.9,
01ED003,1956-12-15,discharge/débit,59.7,
01ED003,1956-12-16,discharge/débit,26.6,
01ED003,1956-12-17,discharge/débit,48.7,
01ED003,1956-12-18,discharge/débit,57.8,
01ED003,1956-12-19,discharge/débit,60.6,
01ED003,1956-12-20,discharge/débit,58.6,
01ED003,1956-12-21,discharge/débit,54.7,
01ED003,1956-12-22,discharge/débit,54.1,
01ED003,1956-12-23,discharge/débit,27.9,
01ED003,1956-12-24,discharge/débit,31.1,
01ED003,1956-12-25,discharge/débit,17.0,
01ED003,1956-12-26,discharge/débit,41.3,
01ED003,1956-12-27,discharge/débit,50.7,
01ED003,1956-12-28,discharge/débit,56.9,
01ED003,1956-12-29,discharge/débit,60.9,
01ED003,1956-12-30,discharge/débit,32.8,
01ED003,1956-12-31,discharge/débit,34.3,
01ED003,1957-01-01,discharge/débit,59.2,
01ED003,1957-01-02,discharge/débit,41.3,E
01ED003,1957-01-03,discharge/débit,56.4,E
01ED003,1957-01-04,discharge/débit,59.2,E
01ED003,1957-01-05,discharge/débit,54.1,E
01ED003,1957-01-06,discharge/débit,31.4,E
01ED003,1957-01-07,discharge/débit,55.8,E
01ED003,1957-01-08,discharge/débit,54.4,E
01ED003,1957-01-09,discharge/débit,60.6,E
01ED003,1957-01-10,discharge/débit,56.9,E
01ED003,1957-01-11,discharge/débit,54.1,E
01ED003,1957-01-12,discharge/débit,54.7,E
01ED003,1957-01-13,discharge/débit,30.0,E
01ED003,1957-01-14,discharge/débit,56.1,E
01ED003,1957-01-15,discharge/débit,50.7,E
01ED003,1957-01-16,discharge/débit,59.2,E
01ED003,1957-01-17,discharge/débit,59.7,E
01ED003,1957-01-18,discharge/débit,41.3,E
01ED003,1957-01-19,discharge/débit,54.1,E
01ED003,1957-01-20,discharge/débit,31.4,E
01ED003,1957-01-21,discharge/débit,59.2,E
01ED003,1957-01-22,discharge/débit,69.7,
01ED003,1957-01-23,discharge/débit,110.0,
01ED003,1957-01-24,discharge/débit,98.5,
01ED003,1957-01-25,discharge/débit,62.0,E
01ED003,1957-01-26,discharge/débit,69.4,E
01ED003,1957-01-27,discharge/débit,32.8,E
01ED003,1957-01-28,discharge/débit,62.0,E
01ED003,1957-01-29,discharge/débit,48.7,E
01ED003,1957-01-30,discharge/débit,59.2,E
01ED003,1957-01-31,discharge/débit,54.9,E
01ED003,1957-02-01,discharge/débit,55.8,E
01ED003,1957-02-02,discharge/débit,54.1,E
01ED003,1957-02-03,discharge/débit,29.2,E
01ED003,1957-02-04,discharge/débit,52.7,E
01ED003,1957-02-05,discharge/débit,54.1,E
01ED003,1957-02-06,discharge/débit,54.1,E
01ED003,1957-02-07,discharge/débit,58.6,
01ED003,1957-02-08,discharge/débit,55.8,E
01ED003,1957-02-09,discharge/débit,57.5,E
01ED003,1957-02-10,discharge/débit,35.7,E
01ED003,1957-02-11,discharge/débit,43.6,E
01ED003,1957-02-12,discharge/débit,60.9,E
01ED003,1957-02-13,discharge/débit,59.2,E
01ED003,1957-02-14,discharge/débit,55.8,E
01ED003,1957-02-15,discharge/débit,55.8,E
01ED003,1957-02-16,discharge/débit,54.9,
01ED003,1957-02-17,discharge/débit,37.7,
01ED003,1957-02-18,discharge/débit,49.0,
01ED003,1957-02-19,discharge/débit,54.9,
01ED003,1957-02-20,discharge/débit,55.5,
01ED003,1957-02-21,discharge/débit,57.5,E
01ED003,1957-02-22,discharge/débit,57.5,
01ED003,1957-02-23,discharge/débit,55.5,
01ED003,1957-02-24,discharge/débit,30.9,E
01ED003,1957-02-25,discharge/débit,43.6,E
01ED003,1957-02-26,discharge/débit,56.4,
01ED003,1957-02-27,discharge/débit,56.1,
01ED003,1957-02-28,discharge/débit,62.3,
01ED003,1957-03-01,discharge/débit,56.4,
01ED003,1957-03-02,discharge/débit,58.6,
01ED003,1957-03-03,discharge/débit,34.8,
01ED003,1957-03-04,discharge/débit,42.5,
01ED003,1957-03-05,discharge/débit,56.9,
01ED003,1957-03-06,discharge/débit,59.2,
01ED003,1957-03-07,discharge/débit,55.8,
01ED003,1957-03-08,discharge/débit,57.5,
01ED003,1957-03-09,discharge/débit,92.6,
01ED003,1957-03-10,discharge/débit,47.3,
01ED003,1957-03-11,discharge/débit,64.6,
01ED003,1957-03-12,discharge/débit,67.1,
01ED003,1957-03-13,discharge/débit,64.8,
01ED003,1957-03-14,discharge/débit,61.7,
01ED003,1957-03-15,discharge/débit,59.2,
01ED003,1957-03-16,discharge/débit,60.3,
01ED003,1957-03-17,discharge/débit,35.7,
01ED003,1957-03-18,discharge/débit,47.3,
01ED003,1957-03-19,discharge/débit,69.9,
01ED003,1957-03-20,discharge/débit,67.1,
01ED003,1957-03-21,discharge/débit,56.4,
01ED003,1957-03-22,discharge/débit,55.5,
01ED003,1957-03-23,discharge/débit,55.5,
01ED003,1957-03-24,discharge/débit,33.1,
01ED003,1957-03-25,discharge/débit,41.1,
01ED003,1957-03-26,discharge/débit,56.4,
01ED003,1957-03-27,discharge/débit,55.5,
01ED003,1957-03-28,discharge/débit,55.8,
01ED003,1957-03-29,discharge/débit,56.9,
01ED003,1957-03-30,discharge/débit,56.4,
01ED003,1957-03-31,discharge/débit,29.7,
01ED003,1957-04-01,discharge/débit,51.3,
01ED003,1957-04-02,discharge/débit,52.1,
01ED003,1957-04-03,discharge/débit,53.2,
01ED003,1957-04-04,discharge/débit,50.7,
01ED003,1957-04-05,discharge/débit,50.4,
01ED003,1957-04-06,discharge/débit,65.1,
01ED003,1957-04-07,discharge/débit,35.1,
01ED003,1957-04-08,discharge/débit,57.8,
01ED003,1957-04-09,discharge/débit,61.4,
01ED003,1957-04-10,discharge/débit,53.0,
01ED003,1957-04-11,discharge/débit,56.9,
01ED003,1957-04-12,discharge/débit,51.3,
01ED003,1957-04-13,discharge/débit,53.0,
01ED003,1957-04-14,discharge/débit,30.6,
01ED003,1957-04-15,discharge/débit,47.9,
01ED003,1957-04-16,discharge/débit,44.5,
01ED003,1957-04-17,discharge/débit,49.8,
01ED003,1957-04-18,discharge/débit,48.4,
01ED003,1957-04-19,discharge/débit,40.8,
01ED003,1957-04-20,discharge/débit,43.0,
01ED003,1957-04-21,discharge/débit,26.7,
01ED003,1957-04-22,discharge/débit,40.5,
01ED003,1957-04-23,discharge/débit,48.4,
01ED003,1957-04-24,discharge/débit,43.9,
01ED003,1957-04-25,discharge/débit,45.3,
01ED003,1957-04-26,discharge/débit,47.3,
01ED003,1957-04-27,discharge/débit,47.0,
01ED003,1957-04-28,discharge/débit,27.9,
01ED003,1957-04-29,discharge/débit,43.9,
01ED003,1957-04-30,discharge/débit,51.5,
01ED003,1957-05-01,discharge/débit,47.0,
01ED003,1957-05-02,discharge/débit,48.7,
01ED003,1957-05-03,discharge/débit,45.6,
01ED003,1957-05-04,discharge/débit,45.0,
01ED003,1957-05-05,discharge/débit,29.4,
01ED003,1957-05-06,discharge/débit,49.6,
01ED003,1957-05-07,discharge/débit,48.7,
01ED003,1957-05-08,discharge/débit,47.3,
01ED003,1957-05-09,discharge/débit,49.0,
01ED003,1957-05-10,discharge/débit,51.5,
01ED003,1957-05-11,discharge/débit,43.9,
01ED003,1957-05-12,discharge/débit,28.3,
01ED003,1957-05-13,discharge/débit,45.3,
01ED003,1957-05-14,discharge/débit,48.1,
01ED003,1957-05-15,discharge/débit,51.5,
01ED003,1957-05-16,discharge/débit,48.1,
01ED003,1957-05-17,discharge/débit,50.7,
01ED003,1957-05-18,discharge/débit,45.6,
01ED003,1957-05-19,discharge/débit,28.9,
01ED003,1957-05-20,discharge/débit,42.8,
01ED003,1957-05-21,discharge/débit,49.0,
01ED003,1957-05-22,discharge/débit,51.3,
01ED003,1957-05-23,discharge/débit,54.4,
01ED003,1957-05-24,discharge/débit,49.3,
01ED003,1957-05-25,discharge/débit,48.7,
01ED003,1957-05-26,discharge/débit,28.6,
01ED003,1957-05-27,discharge/débit,42.2,
01ED003,1957-05-28,discharge/débit,46.7,
01ED003,1957-05-29,discharge/débit,47.0,
01ED003,1957-05-30,discharge/débit,47.3,
01ED003,1957-05-31,discharge/débit,47.3,
01ED003,1957-06-01,discharge/débit,48.1,
01ED003,1957-06-02,discharge/débit,26.8,
01ED003,1957-06-03,discharge/débit,41.3,
01ED003,1957-06-04,discharge/débit,54.4,
01ED003,1957-06-05,discharge/débit,50.4,
01ED003,1957-06-06,discharge/débit,53.2,
01ED003,1957-06-07,discharge/débit,46.7,
01ED003,1957-06-08,discharge/débit,40.5,
01ED003,1957-06-09,discharge/débit,27.7,
01ED003,1957-06-10,discharge/débit,39.6,
01ED003,1957-06-11,discharge/débit,48.7,
01ED003,1957-06-12,discharge/débit,49.8,
01ED003,1957-06-13,discharge/débit,46.2,
01ED003,1957-06-14,discharge/débit,45.9,
01ED003,1957-06-15,discharge/débit,46.4,
01ED003,1957-06-16,discharge/débit,27.7,
01ED003,1957-06-17,discharge/débit,38.5,
01ED003,1957-06-18,discharge/débit,46.2,
01ED003,1957-06-19,discharge/débit,47.3,
01ED003,1957-06-20,discharge/débit,46.4,
01ED003,1957-06-21,discharge/débit,42.5,
01ED003,1957-06-22,discharge/débit,49.6,
01ED003,1957-06-23,discharge/débit,28.9,
01ED003,1957-06-24,discharge/débit,45.0,
01ED003,1957-06-25,discharge/débit,45.3,
01ED003,1957-06-26,discharge/débit,47.9,
01ED003,1957-06-27,discharge/débit,44.2,
01ED003,1957-06-28,discharge/débit,43.9,
01ED003,1957-06-29,discharge/débit,57.8,
01ED003,1957-06-30,discharge/débit,20.0,
01ED003,1957-07-01,discharge/débit,8.3,
01ED003,1957-07-02,discharge/débit,31.4,
01ED003,1957-07-03,discharge/débit,46.7,
01ED003,1957-07-04,discharge/débit,46.4,
01ED003,1957-07-05,discharge/débit,48.1,
01ED003,1957-07-06,discharge/débit,49.6,
01ED003,1957-07-07,discharge/débit,29.2,
01ED003,1957-07-08,discharge/débit,43.9,
01ED003,1957-07-09,discharge/débit,48.1,
01ED003,1957-07-10,discharge/débit,52.7,
01ED003,1957-07-11,discharge/débit,46.2,
01ED003,1957-07-12,discharge/débit,45.9,
01ED003,1957-07-13,discharge/débit,47.3,
01ED003,1957-07-14,discharge/débit,28.9,
01ED003,1957-07-15,discharge/débit,45.0,
01ED003,1957-07-16,discharge/débit,45.6,
01ED003,1957-07-17,discharge/débit,45.0,
01ED003,1957-07-18,discharge/débit,46.2,
01ED003,1957-07-19,discharge/débit,46.7,
01ED003,1957-07-20,discharge/débit,48.7,
01ED003,1957-07-21,discharge/débit,31.4,
01ED003,1957-07-22,discharge/débit,38.5,
01ED003,1957-07-23,discharge/débit,46.2,
01ED003,1957-07-24,discharge/débit,46.4,
01ED003,1957-07-25,discharge/débit,45.3,
01ED003,1957-07-26,discharge/débit,46.4,
01ED003,1957-07-27,discharge/débit,46.4,
01ED003,1957-07-28,discharge/débit,29.2,
01ED003,1957-07-29,discharge/débit,37.9,
01ED003,1957-07-30,discharge/débit,44.7,
01ED003,1957-07-31,discharge/débit,48.1,
01ED003,1957-08-01,discharge/débit,54.9,
01ED003,1957-08-02,discharge/débit,52.7,
01ED003,1957-08-03,discharge/débit,45.3,
01ED003,1957-08-04,discharge/débit,33.4,
01ED003,1957-08-05,discharge/débit,37.7,
01ED003,1957-08-06,discharge/débit,51.8,
01ED003,1957-08-07,discharge/débit,44.7,
01ED003,1957-08-08,discharge/débit,45.0,
01ED003,1957-08-09,discharge/débit,44.5,
01ED003,1957-08-10,discharge/débit,45.0,
01ED003,1957-08-11,discharge/débit,32.8,
01ED003,1957-08-12,discharge/débit,48.4,
01ED003,1957-08-13,discharge/débit,53.2,
01ED003,1957-08-14,discharge/débit,52.7,
01ED003,1957-08-15,discharge/débit,54.7,
01ED003,1957-08-16,discharge/débit,56.1,
01ED003,1957-08-17,discharge/débit,59.2,
01ED003,1957-08-18,discharge/débit,25.9,
01ED003,1957-08-19,discharge/débit,45.0,
01ED003,1957-08-20,discharge/débit,53.2,
01ED003,1957-08-21,discharge/débit,51.0,
01ED003,1957-08-22,discharge/débit,48.7,
01ED003,1957-08-23,discharge/débit,57.2,
01ED003,1957-08-24,discharge/débit,49.3,
01ED003,1957-08-25,discharge/débit,32.3,
01ED003,1957-08-26,discharge/débit,44.2,
01ED003,1957-08-27,discharge/débit,47.3,
01ED003,1957-08-28,discharge/débit,49.3,
01ED003,1957-08-29,discharge/débit,48.4,
01ED003,1957-08-30,discharge/débit,48.4,
01ED003,1957-08-31,discharge/débit,49.3,
01ED003,1957-09-01,discharge/débit,32.6,
01ED003,1957-09-02,discharge/débit,16.3,
01ED003,1957-09-03,discharge/débit,42.5,
01ED003,1957-09-04,discharge/débit,48.7,
01ED003,1957-09-05,discharge/débit,52.1,
01ED003,1957-09-06,discharge/débit,53.0,
01ED003,1957-09-07,discharge/débit,52.7,
01ED003,1957-09-08,discharge/débit,37.7,
01ED003,1957-09-09,discharge/débit,41.3,
01ED003,1957-09-10,discharge/débit,54.1,
01ED003,1957-09-11,discharge/débit,53.8,
01ED003,1957-09-12,discharge/débit,49.8,
01ED003,1957-09-13,discharge/débit,56.6,
01ED003,1957-09-14,discharge/débit,55.8,
01ED003,1957-09-15,discharge/débit,30.6,
01ED003,1957-09-16,discharge/débit,39.6,
01ED003,1957-09-17,discharge/débit,51.0,
01ED003,1957-09-18,discharge/débit,50.1,
01ED003,1957-09-19,discharge/débit,50.4,
01ED003,1957-09-20,discharge/débit,50.7,
01ED003,1957-09-21,discharge/débit,50.1,
01ED003,1957-09-22,discharge/débit,31.7,
01ED003,1957-09-23,discharge/débit,52.4,
01ED003,1957-09-24,discharge/débit,53.0,
01ED003,1957-09-25,discharge/débit,48.7,
01ED003,1957-09-26,discharge/débit,51.8,
01ED003,1957-09-27,discharge/débit,52.7,
01ED003,1957-09-28,discharge/débit,51.3,
01ED003,1957-09-29,discharge/débit,33.4,
01ED003,1957-09-30,discharge/débit,44.2,
01ED003,1957-10-01,discharge/débit,51.5,
01ED003,1957-10-02,discharge/débit,53.2,
01ED003,1957-10-03,discharge/débit,53.0,
01ED003,1957-10-04,discharge/débit,55.5,
01ED003,1957-10-05,discharge/débit,53.0,
01ED003,1957-10-06,discharge/débit,34.3,
01ED003,1957-10-07,discharge/débit,51.5,
01ED003,1957-10-08,discharge/débit,51.8,
01ED003,1957-10-09,discharge/débit,56.6,
01ED003,1957-10-10,discharge/débit,53.5,
01ED003,1957-10-11,discharge/débit,58.0,
01ED003,1957-10-12,discharge/débit,54.4,
01ED003,1957-10-13,discharge/débit,35.7,
01ED003,1957-10-14,discharge/débit,45.3,
01ED003,1957-10-15,discharge/débit,51.8,
01ED003,1957-10-16,discharge/débit,54.4,
01ED003,1957-10-17,discharge/débit,51.3,
01ED003,1957-10-18,discharge/débit,50.4,
01ED003,1957-10-19,discharge/débit,51.3,
01ED003,1957-10-20,discharge/débit,35.1,
01ED003,1957-10-21,discharge/débit,47.9,
01ED003,1957-10-22,discharge/débit,52.1,
01ED003,1957-10-23,discharge/débit,50.4,
01ED003,1957-10-24,discharge/débit,51.8,
01ED003,1957-10-25,discharge/débit,51.0,
01ED003,1957-10-26,discharge/débit,54.9,
01ED003,1957-10-27,discharge/débit,28.6,
01ED003,1957-10-28,discharge/débit,42.5,
01ED003,1957-10-29,discharge/débit,54.7,
01ED003,1957-10-30,discharge/débit,57.2,
01ED003,1957-10-31,discharge/débit,55.5,
01ED003,1957-11-01,discharge/débit,54.7,
01ED003,1957-11-02,discharge/débit,60.6,
01ED003,1957-11-03,discharge/débit,38.2,
01ED003,1957-11-04,discharge/débit,41.1,
01ED003,1957-11-05,discharge/débit,58.0,
01ED003,1957-11-06,discharge/débit,55.5,
01ED003,1957-11-07,discharge/débit,54.7,
01ED003,1957-11-08,discharge/débit,45.9,
01ED003,1957-11-09,discharge/débit,43.3,
01ED003,1957-11-10,discharge/débit,21.2,
01ED003,1957-11-11,discharge/débit,35.4,
01ED003,1957-11-12,discharge/débit,39.9,
01ED003,1957-11-13,discharge/débit,38.8,
01ED003,1957-11-14,discharge/débit,42.5,
01ED003,1957-11-15,discharge/débit,37.9,
01ED003,1957-11-16,discharge/débit,41.3,
01ED003,1957-11-17,discharge/débit,23.8,
01ED003,1957-11-18,discharge/débit,37.9,
01ED003,1957-11-19,discharge/débit,43.3,
01ED003,1957-11-20,discharge/débit,49.6,
01ED003,1957-11-21,discharge/débit,58.0,
01ED003,1957-11-22,discharge/débit,50.1,
01ED003,1957-11-23,discharge/débit,45.9,
01ED003,1957-11-24,discharge/débit,24.9,
01ED003,1957-11-25,discharge/débit,39.1,
01ED003,1957-11-26,discharge/débit,40.5,
01ED003,1957-11-27,discharge/débit,40.5,
01ED003,1957-11-28,discharge/débit,36.5,
01ED003,1957-11-29,discharge/débit,39.9,
01ED003,1957-11-30,discharge/débit,36.0,
01ED003,1957-12-01,discharge/débit,36.2,
01ED003,1957-12-02,discharge/débit,30.9,
01ED003,1957-12-03,discharge/débit,43.0,
01ED003,1957-12-04,discharge/débit,48.1,E
01ED003,1957-12-05,discharge/débit,51.8,
01ED003,1957-12-06,discharge/débit,47.6,
01ED003,1957-12-07,discharge/débit,51.8,
01ED003,1957-12-08,discharge/débit,34.3,E
01ED003,1957-12-09,discharge/débit,43.6,E
01ED003,1957-12-10,discharge/débit,51.0,
01ED003,1957-12-11,discharge/débit,47.6,
01ED003,1957-12-12,discharge/débit,58.0,
01ED003,1957-12-13,discharge/débit,55.2,
01ED003,1957-12-14,discharge/débit,56.4,
01ED003,1957-12-15,discharge/débit,34.8,
01ED003,1957-12-16,discharge/débit,43.3,
01ED003,1957-12-17,discharge/débit,53.0,
01ED003,1957-12-18,discharge/débit,57.5,
01ED003,1957-12-19,discharge/débit,58.9,
01ED003,1957-12-20,discharge/débit,53.5,
01ED003,1957-12-21,discharge/débit,50.4,
01ED003,1957-12-22,discharge/débit,26.3,
01ED003,1957-12-23,discharge/débit,40.8,
01ED003,1957-12-24,discharge/débit,52.7,
01ED003,1957-12-25,discharge/débit,31.1,E
01ED003,1957-12-26,discharge/débit,51.0,E
01ED003,1957-12-27,discharge/débit,52.7,E
01ED003,1957-12-28,discharge/débit,51.0,E
01ED003,1957-12-29,discharge/débit,31.1,E
01ED003,1957-12-30,discharge/débit,37.9,E
01ED003,1957-12-31,discharge/débit,44.7,E
01ED003,1958-01-01,discharge/débit,47.9,E
01ED003,1958-01-02,discharge/débit,52.7,E
01ED003,1958-01-03,discharge/débit,64.8,E
01ED003,1958-01-04,discharge/débit,59.5,
01ED003,1958-01-05,discharge/débit,31.7,
01ED003,1958-01-06,discharge/débit,57.8,
01ED003,1958-01-07,discharge/débit,59.7,E
01ED003,1958-01-08,discharge/débit,52.7,E
01ED003,1958-01-09,discharge/débit,55.8,
01ED003,1958-01-10,discharge/débit,57.5,E
01ED003,1958-01-11,discharge/débit,52.7,E
01ED003,1958-01-12,discharge/débit,30.6,
01ED003,1958-01-13,discharge/débit,45.9,
01ED003,1958-01-14,discharge/débit,51.5,
01ED003,1958-01-15,discharge/débit,57.5,
01ED003,1958-01-16,discharge/débit,139.0,E
01ED003,1958-01-17,discharge/débit,289.0,
01ED003,1958-01-18,discharge/débit,165.0,E
01ED003,1958-01-19,discharge/débit,59.5,
01ED003,1958-01-20,discharge/débit,61.2,
01ED003,1958-01-21,discharge/débit,52.1,
01ED003,1958-01-22,discharge/débit,60.0,
01ED003,1958-01-23,discharge/débit,69.7,
01ED003,1958-01-24,discharge/débit,62.6,E
01ED003,1958-01-25,discharge/débit,62.6,E
01ED003,1958-01-26,discharge/débit,62.6,E
01ED003,1958-01-27,discharge/débit,64.3,E
01ED003,1958-01-28,discharge/débit,71.6,
01ED003,1958-01-29,discharge/débit,69.7,E
01ED003,1958-01-30,discharge/débit,67.1,E
01ED003,1958-01-31,discharge/débit,60.9,E
01ED003,1958-02-01,discharge/débit,64.3,E
01ED003,1958-02-02,discharge/débit,30.9,E
01ED003,1958-02-03,discharge/débit,49.6,E
01ED003,1958-02-04,discharge/débit,66.0,E
01ED003,1958-02-05,discharge/débit,59.7,E
01ED003,1958-02-06,discharge/débit,60.9,E
01ED003,1958-02-07,discharge/débit,62.3,
01ED003,1958-02-08,discharge/débit,73.3,E
01ED003,1958-02-09,discharge/débit,30.9,E
01ED003,1958-02-10,discharge/débit,62.6,E
01ED003,1958-02-11,discharge/débit,64.6,E
01ED003,1958-02-12,discharge/débit,64.3,
01ED003,1958-02-13,discharge/débit,63.1,
01ED003,1958-02-14,discharge/débit,61.2,
01ED003,1958-02-15,discharge/débit,55.5,
01ED003,1958-02-16,discharge/débit,33.4,
01ED003,1958-02-17,discharge/débit,43.9,
01ED003,1958-02-18,discharge/débit,53.2,
01ED003,1958-02-19,discharge/débit,49.6,
01ED003,1958-02-20,discharge/débit,53.2,
01ED003,1958-02-21,discharge/débit,47.6,
01ED003,1958-02-22,discharge/débit,55.2,
01ED003,1958-02-23,discharge/débit,26.4,
01ED003,1958-02-24,discharge/débit,43.6,
01ED003,1958-02-25,discharge/débit,52.4,
01ED003,1958-02-26,discharge/débit,58.9,
01ED003,1958-02-27,discharge/débit,56.6,
01ED003,1958-02-28,discharge/débit,59.2,
01ED003,1958-03-01,discharge/débit,71.4,
01ED003,1958-03-02,discharge/débit,38.8,
01ED003,1958-03-03,discharge/débit,62.0,
01ED003,1958-03-04,discharge/débit,62.6,
01ED003,1958-03-05,discharge/débit,55.8,
01ED003,1958-03-06,discharge/débit,62.3,
01ED003,1958-03-07,discharge/débit,66.0,
01ED003,1958-03-08,discharge/débit,59.5,
01ED003,1958-03-09,discharge/débit,30.3,
01ED003,1958-03-10,discharge/débit,51.0,
01ED003,1958-03-11,discharge/débit,63.1,
01ED003,1958-03-12,discharge/débit,66.0,
01ED003,1958-03-13,discharge/débit,61.2,
01ED003,1958-03-14,discharge/débit,58.9,
01ED003,1958-03-15,discharge/débit,72.5,
01ED003,1958-03-16,discharge/débit,36.5,
01ED003,1958-03-17,discharge/débit,53.5,
01ED003,1958-03-18,discharge/débit,64.6,
01ED003,1958-03-19,discharge/débit,61.4,
01ED003,1958-03-20,discharge/débit,61.7,
01ED003,1958-03-21,discharge/débit,61.4,
01ED003,1958-03-22,discharge/débit,61.4,
01ED003,1958-03-23,discharge/débit,32.6,
01ED003,1958-03-24,discharge/débit,58.9,
01ED003,1958-03-25,discharge/débit,64.8,
01ED003,1958-03-26,discharge/débit,61.4,
01ED003,1958-03-27,discharge/débit,62.0,
01ED003,1958-03-28,discharge/débit,62.6,
01ED003,1958-03-29,discharge/débit,62.9,
01ED003,1958-03-30,discharge/débit,30.9,
01ED003,1958-03-31,discharge/débit,57.2,
01ED003,1958-04-01,discharge/débit,66.3,
01ED003,1958-04-02,discharge/débit,84.7,
01ED003,1958-04-03,discharge/débit,79.0,
01ED003,1958-04-04,discharge/débit,70.5,
01ED003,1958-04-05,discharge/débit,70.2,
01ED003,1958-04-06,discharge/débit,43.0,
01ED003,1958-04-07,discharge/débit,68.5,
01ED003,1958-04-08,discharge/débit,83.5,
01ED003,1958-04-09,discharge/débit,67.7,
01ED003,1958-04-10,discharge/débit,64.6,
01ED003,1958-04-11,discharge/débit,64.3,
01ED003,1958-04-12,discharge/débit,66.5,
01ED003,1958-04-13,discharge/débit,39.1,
01ED003,1958-04-14,discharge/débit,63.7,
01ED003,1958-04-15,discharge/débit,62.6,
01ED003,1958-04-16,discharge/débit,56.9,
01ED003,1958-04-17,discharge/débit,60.0,
01ED003,1958-04-18,discharge/débit,58.6,
01ED003,1958-04-19,discharge/débit,58.9,
01ED003,1958-04-20,discharge/débit,33.4,
01ED003,1958-04-21,discharge/débit,54.1,
01ED003,1958-04-22,discharge/débit,64.8,
01ED003,1958-04-23,discharge/débit,61.4,
01ED003,1958-04-24,discharge/débit,57.8,
01ED003,1958-04-25,discharge/débit,58.9,
01ED003,1958-04-26,discharge/débit,53.2,
01ED003,1958-04-27,discharge/débit,32.0,
01ED003,1958-04-28,discharge/débit,49.8,
01ED003,1958-04-29,discharge/débit,64.6,
01ED003,1958-04-30,discharge/débit,71.6,
01ED003,1958-05-01,discharge/débit,69.1,
01ED003,1958-05-02,discharge/débit,68.2,
01ED003,1958-05-03,discharge/débit,65.1,
01ED003,1958-05-04,discharge/débit,34.5,
01ED003,1958-05-05,discharge/débit,46.4,
01ED003,1958-05-06,discharge/débit,61.4,
01ED003,1958-05-07,discharge/débit,63.4,
01ED003,1958-05-08,discharge/débit,76.5,
01ED003,1958-05-09,discharge/débit,67.1,
01ED003,1958-05-10,discharge/débit,66.5,
01ED003,1958-05-11,discharge/débit,30.0,
01ED003,1958-05-12,discharge/débit,54.1,
01ED003,1958-05-13,discharge/débit,58.3,
01ED003,1958-05-14,discharge/débit,57.8,
01ED003,1958-05-15,discharge/débit,60.6,
01ED003,1958-05-16,discharge/débit,58.9,
01ED003,1958-05-17,discharge/débit,60.6,
01ED003,1958-05-18,discharge/débit,29.2,
01ED003,1958-05-19,discharge/débit,43.0,
01ED003,1958-05-20,discharge/débit,54.4,
01ED003,1958-05-21,discharge/débit,59.5,
01ED003,1958-05-22,discharge/débit,55.8,
01ED003,1958-05-23,discharge/débit,57.8,
01ED003,1958-05-24,discharge/débit,53.0,
01ED003,1958-05-25,discharge/débit,32.3,
01ED003,1958-05-26,discharge/débit,41.3,
01ED003,1958-05-27,discharge/débit,56.6,
01ED003,1958-05-28,discharge/débit,62.6,
01ED003,1958-05-29,discharge/débit,68.5,
01ED003,1958-05-30,discharge/débit,56.4,
01ED003,1958-05-31,discharge/débit,56.6,
01ED003,1958-06-01,discharge/débit,32.3,
01ED003,1958-06-02,discharge/débit,47.6,
01ED003,1958-06-03,discharge/débit,68.0,
01ED003,1958-06-04,discharge/débit,68.5,
01ED003,1958-06-05,discharge/débit,73.3,
01ED003,1958-06-06,discharge/débit,69.9,
01ED003,1958-06-07,discharge/débit,68.5,
01ED003,1958-06-08,discharge/débit,39.6,
01ED003,1958-06-09,discharge/débit,53.5,
01ED003,1958-06-10,discharge/débit,59.7,
01ED003,1958-06-11,discharge/débit,60.9,
01ED003,1958-06-12,discharge/débit,59.2,
01ED003,1958-06-13,discharge/débit,58.3,
01ED003,1958-06-14,discharge/débit,62.9,
01ED003,1958-06-15,discharge/débit,38.2,
01ED003,1958-06-16,discharge/débit,50.7,
01ED003,1958-06-17,discharge/débit,58.0,
01ED003,1958-06-18,discharge/débit,58.6,
01ED003,1958-06-19,discharge/débit,61.2,
01ED003,1958-06-20,discharge/débit,56.6,
01ED003,1958-06-21,discharge/débit,54.9,
01ED003,1958-06-22,discharge/débit,36.2,
01ED003,1958-06-23,discharge/débit,44.2,
01ED003,1958-06-24,discharge/débit,58.9,
01ED003,1958-06-25,discharge/débit,65.4,
01ED003,1958-06-26,discharge/débit,64.6,
01ED003,1958-06-27,discharge/débit,62.3,
01ED003,1958-06-28,discharge/débit,58.3,
01ED003,1958-06-29,discharge/débit,37.4,
01ED003,1958-06-30,discharge/débit,14.4,
01ED003,1958-07-01,discharge/débit,16.0,
01ED003,1958-07-02,discharge/débit,8.92,
01ED003,1958-07-03,discharge/débit,13.3,
01ED003,1958-07-04,discharge/débit,13.3,
01ED003,1958-07-05,discharge/débit,10.4,
01ED003,1958-07-06,discharge/débit,6.12,
01ED003,1958-07-07,discharge/débit,37.1,
01ED003,1958-07-08,discharge/débit,52.7,
01ED003,1958-07-09,discharge/débit,58.0,
01ED003,1958-07-10,discharge/débit,60.9,
01ED003,1958-07-11,discharge/débit,56.9,
01ED003,1958-07-12,discharge/débit,59.5,
01ED003,1958-07-13,discharge/débit,33.7,
01ED003,1958-07-14,discharge/débit,50.1,
01ED003,1958-07-15,discharge/débit,63.1,
01ED003,1958-07-16,discharge/débit,65.4,
01ED003,1958-07-17,discharge/débit,62.0,
01ED003,1958-07-18,discharge/débit,60.3,
01ED003,1958-07-19,discharge/débit,71.1,
01ED003,1958-07-20,discharge/débit,40.2,
01ED003,1958-07-21,discharge/débit,56.4,
01ED003,1958-07-22,discharge/débit,69.7,
01ED003,1958-07-23,discharge/débit,54.7,
01ED003,1958-07-24,discharge/débit,62.6,
01ED003,1958-07-25,discharge/débit,57.8,
01ED003,1958-07-26,discharge/débit,61.7,
01ED003,1958-07-27,discharge/débit,31.7,
01ED003,1958-07-28,discharge/débit,44.7,
01ED003,1958-07-29,discharge/débit,61.4,
01ED003,1958-07-30,discharge/débit,54.9,
01ED003,1958-07-31,discharge/débit,62.6,
01ED003,1958-08-01,discharge/débit,60.0,
01ED003,1958-08-02,discharge/débit,56.9,
01ED003,1958-08-03,discharge/débit,28.1,
01ED003,1958-08-04,discharge/débit,46.2,
01ED003,1958-08-05,discharge/débit,62.0,
01ED003,1958-08-06,discharge/débit,64.6,
01ED003,1958-08-07,discharge/débit,55.5,
01ED003,1958-08-08,discharge/débit,53.2,
01ED003,1958-08-09,discharge/débit,61.7,
01ED003,1958-08-10,discharge/débit,33.1,
01ED003,1958-08-11,discharge/débit,41.9,
01ED003,1958-08-12,discharge/débit,59.7,
01ED003,1958-08-13,discharge/débit,58.9,
01ED003,1958-08-14,discharge/débit,54.1,
01ED003,1958-08-15,discharge/débit,60.3,
01ED003,1958-08-16,discharge/débit,58.0,
01ED003,1958-08-17,discharge/débit,31.4,
01ED003,1958-08-18,discharge/débit,45.9,
01ED003,1958-08-19,discharge/débit,59.2,
01ED003,1958-08-20,discharge/débit,59.2,
01ED003,1958-08-21,discharge/débit,59.2,
01ED003,1958-08-22,discharge/débit,62.0,
01ED003,1958-08-23,discharge/débit,59.5,
01ED003,1958-08-24,discharge/débit,38.2,
01ED003,1958-08-25,discharge/débit,49.0,
01ED003,1958-08-26,discharge/débit,68.8,
01ED003,1958-08-27,discharge/débit,70.5,
01ED003,1958-08-28,discharge/débit,63.4,
01ED003,1958-08-29,discharge/débit,63.4,
01ED003,1958-08-30,discharge/débit,64.3,
01ED003,1958-08-31,discharge/débit,34.0,
01ED003,1958-09-01,discharge/débit,16.3,
01ED003,1958-09-02,discharge/débit,48.7,
01ED003,1958-09-03,discharge/débit,55.2,
01ED003,1958-09-04,discharge/débit,54.9,
01ED003,1958-09-05,discharge/débit,54.9,
01ED003,1958-09-06,discharge/débit,59.2,
01ED003,1958-09-07,discharge/débit,29.7,
01ED003,1958-09-08,discharge/débit,55.2,
01ED003,1958-09-09,discharge/débit,64.8,
01ED003,1958-09-10,discharge/débit,55.2,E
01ED003,1958-09-11,discharge/débit,55.5,E
01ED003,1958-09-12,discharge/débit,49.6,E
01ED003,1958-09-13,discharge/débit,54.4,E
01ED003,1958-09-14,discharge/débit,26.3,E
01ED003,1958-09-15,discharge/débit,38.2,E
01ED003,1958-09-16,discharge/débit,42.5,E
01ED003,1958-09-17,discharge/débit,52.7,E
01ED003,1958-09-18,discharge/débit,55.2,E
01ED003,1958-09-19,discharge/débit,59.5,E
01ED003,1958-09-20,discharge/débit,45.3,E
01ED003,1958-09-21,discharge/débit,46.4,E
01ED003,1958-09-22,discharge/débit,45.9,E
01ED003,1958-09-23,discharge/débit,59.2,E
01ED003,1958-09-24,discharge/débit,61.4,
01ED003,1958-09-25,discharge/débit,57.2,
01ED003,1958-09-26,discharge/débit,61.2,
01ED003,1958-09-27,discharge/débit,61.2,
01ED003,1958-09-28,discharge/débit,33.4,
01ED003,1958-09-29,discharge/débit,58.3,
01ED003,1958-09-30,discharge/débit,67.4,
01ED003,1958-10-01,discharge/débit,63.1,
01ED003,1958-10-02,discharge/débit,65.7,
01ED003,1958-10-03,discharge/débit,65.7,
01ED003,1958-10-04,discharge/débit,61.4,
01ED003,1958-10-05,discharge/débit,42.5,
01ED003,1958-10-06,discharge/débit,38.5,
01ED003,1958-10-07,discharge/débit,57.8,
01ED003,1958-10-08,discharge/débit,41.6,
01ED003,1958-10-09,discharge/débit,39.9,
01ED003,1958-10-10,discharge/débit,41.9,
01ED003,1958-10-11,discharge/débit,41.9,
01ED003,1958-10-12,discharge/débit,24.4,
01ED003,1958-10-13,discharge/débit,27.5,
01ED003,1958-10-14,discharge/débit,46.4,
01ED003,1958-10-15,discharge/débit,54.7,
01ED003,1958-10-16,discharge/débit,59.7,
01ED003,1958-10-17,discharge/débit,59.5,
01ED003,1958-10-18,discharge/débit,56.9,
01ED003,1958-10-19,discharge/débit,38.2,
01ED003,1958-10-20,discharge/débit,38.8,
01ED003,1958-10-21,discharge/débit,55.5,
01ED003,1958-10-22,discharge/débit,58.6,
01ED003,1958-10-23,discharge/débit,57.5,
01ED003,1958-10-24,discharge/débit,60.6,
01ED003,1958-10-25,discharge/débit,58.9,
01ED003,1958-10-26,discharge/débit,30.6,
01ED003,1958-10-27,discharge/débit,41.1,
01ED003,1958-10-28,discharge/débit,64.0,
01ED003,1958-10-29,discharge/débit,62.6,E
01ED003,1958-10-30,discharge/débit,57.5,E
01ED003,1958-10-31,discharge/débit,60.9,E
01ED003,1958-11-01,discharge/débit,51.3,E
01ED003,1958-11-02,discharge/débit,29.4,E
01ED003,1958-11-03,discharge/débit,38.2,E
01ED003,1958-11-04,discharge/débit,45.3,E
01ED003,1958-11-05,discharge/débit,51.3,E
01ED003,1958-11-06,discharge/débit,51.0,
01ED003,1958-11-07,discharge/débit,50.4,
01ED003,1958-11-08,discharge/débit,50.7,
01ED003,1958-11-09,discharge/débit,32.0,
01ED003,1958-11-10,discharge/débit,66.3,
01ED003,1958-11-11,discharge/débit,77.9,
01ED003,1958-11-12,discharge/débit,64.3,
01ED003,1958-11-13,discharge/débit,62.3,
01ED003,1958-11-14,discharge/débit,59.5,
01ED003,1958-11-15,discharge/débit,58.6,
01ED003,1958-11-16,discharge/débit,30.0,
01ED003,1958-11-17,discharge/débit,41.3,
01ED003,1958-11-18,discharge/débit,60.6,
01ED003,1958-11-19,discharge/débit,70.2,
01ED003,1958-11-20,discharge/débit,62.9,
01ED003,1958-11-21,discharge/débit,66.3,
01ED003,1958-11-22,discharge/débit,69.9,
01ED003,1958-11-23,discharge/débit,40.2,
01ED003,1958-11-24,discharge/débit,47.6,
01ED003,1958-11-25,discharge/débit,64.3,
01ED003,1958-11-26,discharge/débit,64.3,
01ED003,1958-11-27,discharge/débit,68.8,
01ED003,1958-11-28,discharge/débit,68.0,
01ED003,1958-11-29,discharge/débit,80.1,
01ED003,1958-11-30,discharge/débit,53.8,
01ED003,1958-12-01,discharge/débit,53.8,
01ED003,1958-12-02,discharge/débit,73.3,
01ED003,1958-12-03,discharge/débit,66.3,
01ED003,1958-12-04,discharge/débit,72.2,
01ED003,1958-12-05,discharge/débit,79.3,
01ED003,1958-12-06,discharge/débit,85.0,
01ED003,1958-12-07,discharge/débit,50.7,
01ED003,1958-12-08,discharge/débit,50.4,
01ED003,1958-12-09,discharge/débit,67.7,E
01ED003,1958-12-10,discharge/débit,67.7,E
01ED003,1958-12-11,discharge/débit,66.0,E
01ED003,1958-12-12,discharge/débit,67.7,E
01ED003,1958-12-13,discharge/débit,67.7,E
01ED003,1958-12-14,discharge/débit,32.0,E
01ED003,1958-12-15,discharge/débit,45.0,E
01ED003,1958-12-16,discharge/débit,64.3,E
01ED003,1958-12-17,discharge/débit,67.7,E
01ED003,1958-12-18,discharge/débit,69.4,E
01ED003,1958-12-19,discharge/débit,71.4,E
01ED003,1958-12-20,discharge/débit,64.3,E
01ED003,1958-12-21,discharge/débit,30.9,E
01ED003,1958-12-22,discharge/débit,43.6,E
01ED003,1958-12-23,discharge/débit,62.6,E
01ED003,1958-12-24,discharge/débit,54.4,E
01ED003,1958-12-25,discharge/débit,25.4,E
01ED003,1958-12-26,discharge/débit,48.1,E
01ED003,1958-12-27,discharge/débit,67.7,E
01ED003,1958-12-28,discharge/débit,30.9,E
01ED003,1958-12-29,discharge/débit,51.3,E
01ED003,1958-12-30,discharge/débit,64.3,E
01ED003,1958-12-31,discharge/débit,45.3,E
01ED003,1959-01-01,discharge/débit,34.5,E
01ED003,1959-01-02,discharge/débit,60.9,E
01ED003,1959-01-03,discharge/débit,64.3,E
01ED003,1959-01-04,discharge/débit,30.9,E
01ED003,1959-01-05,discharge/débit,54.4,E
01ED003,1959-01-06,discharge/débit,71.4,E
01ED003,1959-01-07,discharge/débit,67.7,E
01ED003,1959-01-08,discharge/débit,71.4,E
01ED003,1959-01-09,discharge/débit,64.3,E
01ED003,1959-01-10,discharge/débit,60.9,E
01ED003,1959-01-11,discharge/débit,33.1,E
01ED003,1959-01-12,discharge/débit,51.3,E
01ED003,1959-01-13,discharge/débit,71.4,E
01ED003,1959-01-14,discharge/débit,71.4,E
01ED003,1959-01-15,discharge/débit,69.4,E
01ED003,1959-01-16,discharge/débit,64.3,E
01ED003,1959-01-17,discharge/débit,57.5,E
01ED003,1959-01-18,discharge/débit,32.0,E
01ED003,1959-01-19,discharge/débit,51.3,E
01ED003,1959-01-20,discharge/débit,60.9,E
01ED003,1959-01-21,discharge/débit,75.0,E
01ED003,1959-01-22,discharge/débit,88.6,
01ED003,1959-01-23,discharge/débit,102.0,
01ED003,1959-01-24,discharge/débit,80.1,
01ED003,1959-01-25,discharge/débit,38.2,
01ED003,1959-01-26,discharge/débit,55.2,
01ED003,1959-01-27,discharge/débit,66.0,
01ED003,1959-01-28,discharge/débit,65.7,
01ED003,1959-01-29,discharge/débit,65.7,
01ED003,1959-01-30,discharge/débit,72.2,
01ED003,1959-01-31,discharge/débit,67.7,E
01ED003,1959-02-01,discharge/débit,42.5,
01ED003,1959-02-02,discharge/débit,74.8,
01ED003,1959-02-03,discharge/débit,72.8,
01ED003,1959-02-04,discharge/débit,77.0,
01ED003,1959-02-05,discharge/débit,72.2,
01ED003,1959-02-06,discharge/débit,72.5,
01ED003,1959-02-07,discharge/débit,71.1,
01ED003,1959-02-08,discharge/débit,75.3,
01ED003,1959-02-09,discharge/débit,72.8,
01ED003,1959-02-10,discharge/débit,66.5,
01ED003,1959-02-11,discharge/débit,65.4,
01ED003,1959-02-12,discharge/débit,64.3,
01ED003,1959-02-13,discharge/débit,67.1,
01ED003,1959-02-14,discharge/débit,64.3,
01ED003,1959-02-15,discharge/débit,42.5,
01ED003,1959-02-16,discharge/débit,62.6,
01ED003,1959-02-17,discharge/débit,61.2,
01ED003,1959-02-18,discharge/débit,67.4,
01ED003,1959-02-19,discharge/débit,78.7,
01ED003,1959-02-20,discharge/débit,68.0,
01ED003,1959-02-21,discharge/débit,71.4,
01ED003,1959-02-22,discharge/débit,47.6,
01ED003,1959-02-23,discharge/débit,59.2,
01ED003,1959-02-24,discharge/débit,72.5,
01ED003,1959-02-25,discharge/débit,64.3,
01ED003,1959-02-26,discharge/débit,71.1,
01ED003,1959-02-27,discharge/débit,73.6,
01ED003,1959-02-28,discharge/débit,69.1,
01ED003,1959-03-01,discharge/débit,43.3,
01ED003,1959-03-02,discharge/débit,64.6,
01ED003,1959-03-03,discharge/débit,83.8,
01ED003,1959-03-04,discharge/débit,81.0,
01ED003,1959-03-05,discharge/débit,76.7,
01ED003,1959-03-06,discharge/débit,77.0,
01ED003,1959-03-07,discharge/débit,90.3,
01ED003,1959-03-08,discharge/débit,53.2,
01ED003,1959-03-09,discharge/débit,75.3,
01ED003,1959-03-10,discharge/débit,78.7,
01ED003,1959-03-11,discharge/débit,92.9,
01ED003,1959-03-12,discharge/débit,48.1,E
01ED003,1959-03-13,discharge/débit,45.3,E
01ED003,1959-03-14,discharge/débit,43.9,E
01ED003,1959-03-15,discharge/débit,25.4,E
01ED003,1959-03-16,discharge/débit,62.3,
01ED003,1959-03-17,discharge/débit,68.5,
01ED003,1959-03-18,discharge/débit,67.4,
01ED003,1959-03-19,discharge/débit,72.2,
01ED003,1959-03-20,discharge/débit,66.0,
01ED003,1959-03-21,discharge/débit,68.8,
01ED003,1959-03-22,discharge/débit,43.6,
01ED003,1959-03-23,discharge/débit,62.0,
01ED003,1959-03-24,discharge/débit,71.6,
01ED003,1959-03-25,discharge/débit,72.5,
01ED003,1959-03-26,discharge/débit,65.7,
01ED003,1959-03-27,discharge/débit,62.9,
01ED003,1959-03-28,discharge/débit,62.0,
01ED003,1959-03-29,discharge/débit,40.2,
01ED003,1959-03-30,discharge/débit,48.1,
01ED003,1959-03-31,discharge/débit,63.7,
01ED003,1959-04-01,discharge/débit,60.3,
01ED003,1959-04-02,discharge/débit,69.7,
01ED003,1959-04-03,discharge/débit,73.3,
01ED003,1959-04-04,discharge/débit,77.6,
01ED003,1959-04-05,discharge/débit,48.1,
01ED003,1959-04-06,discharge/débit,66.5,
01ED003,1959-04-07,discharge/débit,79.3,
01ED003,1959-04-08,discharge/débit,80.1,
01ED003,1959-04-09,discharge/débit,79.9,
01ED003,1959-04-10,discharge/débit,74.8,
01ED003,1959-04-11,discharge/débit,84.7,
01ED003,1959-04-12,discharge/débit,52.1,
01ED003,1959-04-13,discharge/débit,73.9,
01ED003,1959-04-14,discharge/débit,90.6,
01ED003,1959-04-15,discharge/débit,80.1,E
01ED003,1959-04-16,discharge/débit,77.9,
01ED003,1959-04-17,discharge/débit,85.8,
01ED003,1959-04-18,discharge/débit,86.4,
01ED003,1959-04-19,discharge/débit,48.7,
01ED003,1959-04-20,discharge/débit,71.6,
01ED003,1959-04-21,discharge/débit,87.2,
01ED003,1959-04-22,discharge/débit,89.5,
01ED003,1959-04-23,discharge/débit,90.3,
01ED003,1959-04-24,discharge/débit,90.3,
01ED003,1959-04-25,discharge/débit,87.5,
01ED003,1959-04-26,discharge/débit,51.3,
01ED003,1959-04-27,discharge/débit,66.5,
01ED003,1959-04-28,discharge/débit,80.1,
01ED003,1959-04-29,discharge/débit,82.7,
01ED003,1959-04-30,discharge/débit,82.7,
01ED003,1959-05-01,discharge/débit,69.7,
01ED003,1959-05-02,discharge/débit,69.9,
01ED003,1959-05-03,discharge/débit,37.9,
01ED003,1959-05-04,discharge/débit,51.3,
01ED003,1959-05-05,discharge/débit,62.9,
01ED003,1959-05-06,discharge/débit,66.5,
01ED003,1959-05-07,discharge/débit,64.3,
01ED003,1959-05-08,discharge/débit,64.0,
01ED003,1959-05-09,discharge/débit,57.8,
01ED003,1959-05-10,discharge/débit,34.0,
01ED003,1959-05-11,discharge/débit,39.6,
01ED003,1959-05-12,discharge/débit,46.2,
01ED003,1959-05-13,discharge/débit,37.1,
01ED003,1959-05-14,discharge/débit,51.8,
01ED003,1959-05-15,discharge/débit,46.2,
01ED003,1959-05-16,discharge/débit,42.8,
01ED003,1959-05-17,discharge/débit,27.5,
01ED003,1959-05-18,discharge/débit,35.7,
01ED003,1959-05-19,discharge/débit,58.9,
01ED003,1959-05-20,discharge/débit,50.4,
01ED003,1959-05-21,discharge/débit,54.7,
01ED003,1959-05-22,discharge/débit,62.0,
01ED003,1959-05-23,discharge/débit,59.5,
01ED003,1959-05-24,discharge/débit,33.7,
01ED003,1959-05-25,discharge/débit,51.8,
01ED003,1959-05-26,discharge/débit,62.9,
01ED003,1959-05-27,discharge/débit,59.5,
01ED003,1959-05-28,discharge/débit,62.3,
01ED003,1959-05-29,discharge/débit,60.6,
01ED003,1959-05-30,discharge/débit,53.0,
01ED003,1959-05-31,discharge/débit,30.0,
01ED003,1959-06-01,discharge/débit,44.7,
01ED003,1959-06-02,discharge/débit,62.3,
01ED003,1959-06-03,discharge/débit,59.7,
01ED003,1959-06-04,discharge/débit,60.6,
01ED003,1959-06-05,discharge/débit,59.7,
01ED003,1959-06-06,discharge/débit,59.7,
01ED003,1959-06-07,discharge/débit,33.4,
01ED003,1959-06-08,discharge/débit,29.7,
01ED003,1959-06-09,discharge/débit,43.0,
01ED003,1959-06-10,discharge/débit,41.1,
01ED003,1959-06-11,discharge/débit,37.7,
01ED003,1959-06-12,discharge/débit,44.2,
01ED003,1959-06-13,discharge/débit,34.8,
01ED003,1959-06-14,discharge/débit,34.5,
01ED003,1959-06-15,discharge/débit,41.6,
01ED003,1959-06-16,discharge/débit,53.8,
01ED003,1959-06-17,discharge/débit,57.5,
01ED003,1959-06-18,discharge/débit,86.9,
01ED003,1959-06-19,discharge/débit,81.0,
01ED003,1959-06-20,discharge/débit,93.2,
01ED003,1959-06-21,discharge/débit,59.2,
01ED003,1959-06-22,discharge/débit,40.2,
01ED003,1959-06-23,discharge/débit,62.0,
01ED003,1959-06-24,discharge/débit,66.0,
01ED003,1959-06-25,discharge/débit,74.8,
01ED003,1959-06-26,discharge/débit,83.3,
01ED003,1959-06-27,discharge/débit,84.7,
01ED003,1959-06-28,discharge/débit,64.6,
01ED003,1959-06-29,discharge/débit,92.9,
01ED003,1959-06-30,discharge/débit,124.0,
01ED003,1959-07-01,discharge/débit,83.0,
01ED003,1959-07-02,discharge/débit,96.6,
01ED003,1959-07-03,discharge/débit,111.0,
01ED003,1959-07-04,discharge/débit,103.0,
01ED003,1959-07-05,discharge/débit,43.3,
01ED003,1959-07-06,discharge/débit,62.6,
01ED003,1959-07-07,discharge/débit,68.5,
01ED003,1959-07-08,discharge/débit,75.3,
01ED003,1959-07-09,discharge/débit,71.6,
01ED003,1959-07-10,discharge/débit,59.7,
01ED003,1959-07-11,discharge/débit,54.4,
01ED003,1959-07-12,discharge/débit,32.3,
01ED003,1959-07-13,discharge/débit,30.3,
01ED003,1959-07-14,discharge/débit,60.3,
01ED003,1959-07-15,discharge/débit,57.8,
01ED003,1959-07-16,discharge/débit,72.5,
01ED003,1959-07-17,discharge/débit,64.0,
01ED003,1959-07-18,discharge/débit,58.9,
01ED003,1959-07-19,discharge/débit,34.8,
01ED003,1959-07-20,discharge/débit,42.2,
01ED003,1959-07-21,discharge/débit,56.1,
01ED003,1959-07-22,discharge/débit,57.5,
01ED003,1959-07-23,discharge/débit,58.0,
01ED003,1959-07-24,discharge/débit,54.4,
01ED003,1959-07-25,discharge/débit,54.9,
01ED003,1959-07-26,discharge/débit,30.3,
01ED003,1959-07-27,discharge/débit,41.1,
01ED003,1959-07-28,discharge/débit,55.2,
01ED003,1959-07-29,discharge/débit,48.4,
01ED003,1959-07-30,discharge/débit,56.4,
01ED003,1959-07-31,discharge/débit,55.2,
01ED003,1959-08-01,discharge/débit,57.5,
01ED003,1959-08-02,discharge/débit,34.5,
01ED003,1959-08-03,discharge/débit,35.7,
01ED003,1959-08-04,discharge/débit,55.2,
01ED003,1959-08-05,discharge/débit,53.5,
01ED003,1959-08-06,discharge/débit,59.5,
01ED003,1959-08-07,discharge/débit,60.3,
01ED003,1959-08-08,discharge/débit,56.6,
01ED003,1959-08-09,discharge/débit,31.7,
01ED003,1959-08-10,discharge/débit,42.5,
01ED003,1959-08-11,discharge/débit,62.6,
01ED003,1959-08-12,discharge/débit,52.7,
01ED003,1959-08-13,discharge/débit,58.6,
01ED003,1959-08-14,discharge/débit,57.5,
01ED003,1959-08-15,discharge/débit,57.5,
01ED003,1959-08-16,discharge/débit,37.1,
01ED003,1959-08-17,discharge/débit,54.1,
01ED003,1959-08-18,discharge/débit,54.7,
01ED003,1959-08-19,discharge/débit,56.4,
01ED003,1959-08-20,discharge/débit,57.8,
01ED003,1959-08-21,discharge/débit,58.0,
01ED003,1959-08-22,discharge/débit,58.6,
01ED003,1959-08-23,discharge/débit,37.1,
01ED003,1959-08-24,discharge/débit,54.9,
01ED003,1959-08-25,discharge/débit,62.0,
01ED003,1959-08-26,discharge/débit,57.2,
01ED003,1959-08-27,discharge/débit,57.2,
01ED003,1959-08-28,discharge/débit,61.2,
01ED003,1959-08-29,discharge/débit,60.9,
01ED003,1959-08-30,discharge/débit,30.6,
01ED003,1959-08-31,discharge/débit,55.8,
01ED003,1959-09-01,discharge/débit,64.6,
01ED003,1959-09-02,discharge/débit,54.4,
01ED003,1959-09-03,discharge/débit,57.8,
01ED003,1959-09-04,discharge/débit,58.9,
01ED003,1959-09-05,discharge/débit,62.0,
01ED003,1959-09-06,discharge/débit,43.0,
01ED003,1959-09-07,discharge/débit,21.5,
01ED003,1959-09-08,discharge/débit,34.3,
01ED003,1959-09-09,discharge/débit,61.2,
01ED003,1959-09-10,discharge/débit,60.3,
01ED003,1959-09-11,discharge/débit,55.2,
01ED003,1959-09-12,discharge/débit,58.9,
01ED003,1959-09-13,discharge/débit,30.9,
01ED003,1959-09-14,discharge/débit,56.9,
01ED003,1959-09-15,discharge/débit,58.6,
01ED003,1959-09-16,discharge/débit,54.7,
01ED003,1959-09-17,discharge/débit,59.7,
01ED003,1959-09-18,discharge/débit,58.0,
01ED003,1959-09-19,discharge/débit,52.4,
01ED003,1959-09-20,discharge/débit,38.8,
01ED003,1959-09-21,discharge/débit,58.6,
01ED003,1959-09-22,discharge/débit,59.7,
01ED003,1959-09-23,discharge/débit,54.4,
01ED003,1959-09-24,discharge/débit,53.2,
01ED003,1959-09-25,discharge/débit,56.1,
01ED003,1959-09-26,discharge/débit,59.7,
01ED003,1959-09-27,discharge/débit,33.1,
01ED003,1959-09-28,discharge/débit,56.1,
01ED003,1959-09-29,discharge/débit,63.1,
01ED003,1959-09-30,discharge/débit,57.2,
01ED003,1959-10-01,discharge/débit,57.2,
01ED003,1959-10-02,discharge/débit,83.5,
01ED003,1959-10-03,discharge/débit,58.9,
01ED003,1959-10-04,discharge/débit,36.2,
01ED003,1959-10-05,discharge/débit,59.7,
01ED003,1959-10-06,discharge/débit,60.6,
01ED003,1959-10-07,discharge/débit,57.5,
01ED003,1959-10-08,discharge/débit,71.1,
01ED003,1959-10-09,discharge/débit,69.1,
01ED003,1959-10-10,discharge/débit,68.5,
01ED003,1959-10-11,discharge/débit,45.3,
01ED003,1959-10-12,discharge/débit,62.6,
01ED003,1959-10-13,discharge/débit,65.7,
01ED003,1959-10-14,discharge/débit,62.6,
01ED003,1959-10-15,discharge/débit,61.7,
01ED003,1959-10-16,discharge/débit,60.3,
01ED003,1959-10-17,discharge/débit,58.0,
01ED003,1959-10-18,discharge/débit,36.0,
01ED003,1959-10-19,discharge/débit,61.7,
01ED003,1959-10-20,discharge/débit,60.6,
01ED003,1959-10-21,discharge/débit,59.2,
01ED003,1959-10-22,discharge/débit,60.0,
01ED003,1959-10-23,discharge/débit,60.3,
01ED003,1959-10-24,discharge/débit,59.7,
01ED003,1959-10-25,discharge/débit,43.9,
01ED003,1959-10-26,discharge/débit,125.0,
01ED003,1959-10-27,discharge/débit,103.0,
01ED003,1959-10-28,discharge/débit,95.7,
01ED003,1959-10-29,discharge/débit,75.9,
01ED003,1959-10-30,discharge/débit,70.2,
01ED003,1959-10-31,discharge/débit,67.7,
01ED003,1959-11-01,discharge/débit,48.4,
01ED003,1959-11-02,discharge/débit,67.4,
01ED003,1959-11-03,discharge/débit,70.2,
01ED003,1959-11-04,discharge/débit,66.3,
01ED003,1959-11-05,discharge/débit,64.0,
01ED003,1959-11-06,discharge/débit,62.9,
01ED003,1959-11-07,discharge/débit,64.6,
01ED003,1959-11-08,discharge/débit,39.9,
01ED003,1959-11-09,discharge/débit,66.3,
01ED003,1959-11-10,discharge/débit,69.1,
01ED003,1959-11-11,discharge/débit,68.8,
01ED003,1959-11-12,discharge/débit,68.8,
01ED003,1959-11-13,discharge/débit,74.2,
01ED003,1959-11-14,discharge/débit,72.2,
01ED003,1959-11-15,discharge/débit,51.0,
01ED003,1959-11-16,discharge/débit,116.0,
01ED003,1959-11-17,discharge/débit,123.0,
01ED003,1959-11-18,discharge/débit,107.0,
01ED003,1959-11-19,discharge/débit,90.9,
01ED003,1959-11-20,discharge/débit,92.0,
01ED003,1959-11-21,discharge/débit,91.2,
01ED003,1959-11-22,discharge/débit,52.7,
01ED003,1959-11-23,discharge/débit,80.7,
01ED003,1959-11-24,discharge/débit,87.8,
01ED003,1959-11-25,discharge/débit,103.0,
01ED003,1959-11-26,discharge/débit,119.0,
01ED003,1959-11-27,discharge/débit,113.0,
01ED003,1959-11-28,discharge/débit,148.0,
01ED003,1959-11-29,discharge/débit,158.0,
01ED003,1959-11-30,discharge/débit,195.0,
01ED003,1959-12-01,discharge/débit,189.0,
01ED003,1959-12-02,discharge/débit,175.0,
01ED003,1959-12-03,discharge/débit,172.0,
01ED003,1959-12-04,discharge/débit,171.0,
01ED003,1959-12-05,discharge/débit,166.0,
01ED003,1959-12-06,discharge/débit,128.0,
01ED003,1959-12-07,discharge/débit,158.0,
01ED003,1959-12-08,discharge/débit,177.0,
01ED003,1959-12-09,discharge/débit,185.0,
01ED003,1959-12-10,discharge/débit,170.0,
01ED003,1959-12-11,discharge/débit,174.0,
01ED003,1959-12-12,discharge/débit,163.0,
01ED003,1959-12-13,discharge/débit,156.0,
01ED003,1959-12-14,discharge/débit,182.0,
01ED003,1959-12-15,discharge/débit,193.0,
01ED003,1959-12-16,discharge/débit,181.0,
01ED003,1959-12-17,discharge/débit,179.0,
01ED003,1959-12-18,discharge/débit,181.0,
01ED003,1959-12-19,discharge/débit,162.0,
01ED003,1959-12-20,discharge/débit,124.0,
01ED003,1959-12-21,discharge/débit,161.0,
01ED003,1959-12-22,discharge/débit,128.0,E
01ED003,1959-12-23,discharge/débit,123.0,E
01ED003,1959-12-24,discharge/débit,115.0,E
01ED003,1959-12-25,discharge/débit,119.0,E
01ED003,1959-12-26,discharge/débit,125.0,E
01ED003,1959-12-27,discharge/débit,114.0,E
01ED003,1959-12-28,discharge/débit,107.0,E
01ED003,1959-12-29,discharge/débit,105.0,
01ED003,1959-12-30,discharge/débit,124.0,
01ED003,1959-12-31,discharge/débit,104.0,
01ED003,1960-01-01,discharge/débit,71.4,E
01ED003,1960-01-02,discharge/débit,67.7,E
01ED003,1960-01-03,discharge/débit,79.0,E
01ED003,1960-01-04,discharge/débit,116.0,
01ED003,1960-01-05,discharge/débit,113.0,
01ED003,1960-01-06,discharge/débit,118.0,
01ED003,1960-01-07,discharge/débit,108.0,
01ED003,1960-01-08,discharge/débit,67.7,E
01ED003,1960-01-09,discharge/débit,45.3,E
01ED003,1960-01-10,discharge/débit,54.4,E
01ED003,1960-01-11,discharge/débit,75.3,E
01ED003,1960-01-12,discharge/débit,100.0,E
01ED003,1960-01-13,discharge/débit,89.5,
01ED003,1960-01-14,discharge/débit,76.5,
01ED003,1960-01-15,discharge/débit,70.8,E
01ED003,1960-01-16,discharge/débit,59.5,E
01ED003,1960-01-17,discharge/débit,42.5,E
01ED003,1960-01-18,discharge/débit,76.5,E
01ED003,1960-01-19,discharge/débit,95.4,
01ED003,1960-01-20,discharge/débit,71.4,
01ED003,1960-01-21,discharge/débit,69.4,
01ED003,1960-01-22,discharge/débit,62.6,
01ED003,1960-01-23,discharge/débit,61.4,
01ED003,1960-01-24,discharge/débit,33.1,
01ED003,1960-01-25,discharge/débit,58.6,
01ED003,1960-01-26,discharge/débit,83.5,
01ED003,1960-01-27,discharge/débit,107.0,
01ED003,1960-01-28,discharge/débit,106.0,
01ED003,1960-01-29,discharge/débit,101.0,
01ED003,1960-01-30,discharge/débit,96.3,
01ED003,1960-01-31,discharge/débit,32.0,E
01ED003,1960-02-01,discharge/débit,57.5,E
01ED003,1960-02-02,discharge/débit,65.7,
01ED003,1960-02-03,discharge/débit,51.8,
01ED003,1960-02-04,discharge/débit,58.9,
01ED003,1960-02-05,discharge/débit,70.2,
01ED003,1960-02-06,discharge/débit,69.1,
01ED003,1960-02-07,discharge/débit,45.0,
01ED003,1960-02-08,discharge/débit,54.4,
01ED003,1960-02-09,discharge/débit,69.9,
01ED003,1960-02-10,discharge/débit,69.9,
01ED003,1960-02-11,discharge/débit,71.4,
01ED003,1960-02-12,discharge/débit,79.9,
01ED003,1960-02-13,discharge/débit,75.3,
01ED003,1960-02-14,discharge/débit,58.6,
01ED003,1960-02-15,discharge/débit,126.0,
01ED003,1960-02-16,discharge/débit,117.0,
01ED003,1960-02-17,discharge/débit,110.0,
01ED003,1960-02-18,discharge/débit,85.0,
01ED003,1960-02-19,discharge/débit,90.3,
01ED003,1960-02-20,discharge/débit,98.8,
01ED003,1960-02-21,discharge/débit,54.4,
01ED003,1960-02-22,discharge/débit,71.1,
01ED003,1960-02-23,discharge/débit,82.4,
01ED003,1960-02-24,discharge/débit,73.6,
01ED003,1960-02-25,discharge/débit,77.3,
01ED003,1960-02-26,discharge/débit,66.3,
01ED003,1960-02-27,discharge/débit,104.0,
01ED003,1960-02-28,discharge/débit,55.2,
01ED003,1960-02-29,discharge/débit,73.9,
01ED003,1960-03-01,discharge/débit,67.1,
01ED003,1960-03-02,discharge/débit,70.5,
01ED003,1960-03-03,discharge/débit,69.7,
01ED003,1960-03-04,discharge/débit,68.0,
01ED003,1960-03-05,discharge/débit,66.5,
01ED003,1960-03-06,discharge/débit,29.7,
01ED003,1960-03-07,discharge/débit,57.5,
01ED003,1960-03-08,discharge/débit,59.5,
01ED003,1960-03-09,discharge/débit,67.4,
01ED003,1960-03-10,discharge/débit,66.5,
01ED003,1960-03-11,discharge/débit,64.3,
01ED003,1960-03-12,discharge/débit,62.3,
01ED003,1960-03-13,discharge/débit,44.2,
01ED003,1960-03-14,discharge/débit,67.7,
01ED003,1960-03-15,discharge/débit,99.7,
01ED003,1960-03-16,discharge/débit,106.0,
01ED003,1960-03-17,discharge/débit,105.0,
01ED003,1960-03-18,discharge/débit,98.5,
01ED003,1960-03-19,discharge/débit,108.0,
01ED003,1960-03-20,discharge/débit,60.3,
01ED003,1960-03-21,discharge/débit,104.0,
01ED003,1960-03-22,discharge/débit,104.0,
01ED003,1960-03-23,discharge/débit,108.0,
01ED003,1960-03-24,discharge/débit,101.0,
01ED003,1960-03-25,discharge/débit,98.5,
01ED003,1960-03-26,discharge/débit,97.4,
01ED003,1960-03-27,discharge/débit,63.1,
01ED003,1960-03-28,discharge/débit,81.0,
01ED003,1960-03-29,discharge/débit,70.8,
01ED003,1960-03-30,discharge/débit,79.3,
01ED003,1960-03-31,discharge/débit,77.3,
01ED003,1960-04-01,discharge/débit,111.0,
01ED003,1960-04-02,discharge/débit,119.0,
01ED003,1960-04-03,discharge/débit,64.0,
01ED003,1960-04-04,discharge/débit,84.7,
01ED003,1960-04-05,discharge/débit,113.0,
01ED003,1960-04-06,discharge/débit,130.0,
01ED003,1960-04-07,discharge/débit,143.0,
01ED003,1960-04-08,discharge/débit,208.0,
01ED003,1960-04-09,discharge/débit,222.0,
01ED003,1960-04-10,discharge/débit,234.0,
01ED003,1960-04-11,discharge/débit,281.0,
01ED003,1960-04-12,discharge/débit,286.0,
01ED003,1960-04-13,discharge/débit,283.0,
01ED003,1960-04-14,discharge/débit,279.0,
01ED003,1960-04-15,discharge/débit,257.0,
01ED003,1960-04-16,discharge/débit,273.0,
01ED003,1960-04-17,discharge/débit,100.0,
01ED003,1960-04-18,discharge/débit,120.0,
01ED003,1960-04-19,discharge/débit,90.9,
01ED003,1960-04-20,discharge/débit,88.9,
01ED003,1960-04-21,discharge/débit,82.7,
01ED003,1960-04-22,discharge/débit,81.3,
01ED003,1960-04-23,discharge/débit,84.4,
01ED003,1960-04-24,discharge/débit,47.9,
01ED003,1960-04-25,discharge/débit,69.1,
01ED003,1960-04-26,discharge/débit,77.9,
01ED003,1960-04-27,discharge/débit,66.5,
01ED003,1960-04-28,discharge/débit,69.1,
01ED003,1960-04-29,discharge/débit,64.3,
01ED003,1960-04-30,discharge/débit,83.8,
01ED003,1960-05-01,discharge/débit,39.1,
01ED003,1960-05-02,discharge/débit,72.5,
01ED003,1960-05-03,discharge/débit,82.1,
01ED003,1960-05-04,discharge/débit,89.8,
01ED003,1960-05-05,discharge/débit,69.9,
01ED003,1960-05-06,discharge/débit,67.1,
01ED003,1960-05-07,discharge/débit,60.0,
01ED003,1960-05-08,discharge/débit,33.1,
01ED003,1960-05-09,discharge/débit,92.3,
01ED003,1960-05-10,discharge/débit,64.6,
01ED003,1960-05-11,discharge/débit,70.5,
01ED003,1960-05-12,discharge/débit,64.6,
01ED003,1960-05-13,discharge/débit,63.7,
01ED003,1960-05-14,discharge/débit,87.5,
01ED003,1960-05-15,discharge/débit,42.5,
01ED003,1960-05-16,discharge/débit,62.9,
01ED003,1960-05-17,discharge/débit,66.5,
01ED003,1960-05-18,discharge/débit,74.5,
01ED003,1960-05-19,discharge/débit,68.5,
01ED003,1960-05-20,discharge/débit,64.8,
01ED003,1960-05-21,discharge/débit,69.4,
01ED003,1960-05-22,discharge/débit,31.7,
01ED003,1960-05-23,discharge/débit,53.5,
01ED003,1960-05-24,discharge/débit,67.4,
01ED003,1960-05-25,discharge/débit,73.3,
01ED003,1960-05-26,discharge/débit,73.9,
01ED003,1960-05-27,discharge/débit,73.6,
01ED003,1960-05-28,discharge/débit,72.5,
01ED003,1960-05-29,discharge/débit,32.6,
01ED003,1960-05-30,discharge/débit,60.3,
01ED003,1960-05-31,discharge/débit,67.7,
01ED003,1960-06-01,discharge/débit,67.1,
01ED003,1960-06-02,discharge/débit,64.0,
01ED003,1960-06-03,discharge/débit,69.4,
01ED003,1960-06-04,discharge/débit,62.9,
01ED003,1960-06-05,discharge/débit,34.5,
01ED003,1960-06-06,discharge/débit,51.5,
01ED003,1960-06-07,discharge/débit,68.8,
01ED003,1960-06-08,discharge/débit,66.0,
01ED003,1960-06-09,discharge/débit,58.9,
01ED003,1960-06-10,discharge/débit,58.9,
01ED003,1960-06-11,discharge/débit,64.6,
01ED003,1960-06-12,discharge/débit,32.8,
01ED003,1960-06-13,discharge/débit,47.3,
01ED003,1960-06-14,discharge/débit,59.7,
01ED003,1960-06-15,discharge/débit,60.6,
01ED003,1960-06-16,discharge/débit,58.0,
01ED003,1960-06-17,discharge/débit,56.9,
01ED003,1960-06-18,discharge/débit,55.2,
01ED003,1960-06-19,discharge/débit,28.6,
01ED003,1960-06-20,discharge/débit,44.5,
01ED003,1960-06-21,discharge/débit,49.8,
01ED003,1960-06-22,discharge/débit,58.0,
01ED003,1960-06-23,discharge/débit,55.2,
01ED003,1960-06-24,discharge/débit,56.1,
01ED003,1960-06-25,discharge/débit,57.5,
01ED003,1960-06-26,discharge/débit,36.0,
01ED003,1960-06-27,discharge/débit,45.6,
01ED003,1960-06-28,discharge/débit,55.5,
01ED003,1960-06-29,discharge/débit,57.5,
01ED003,1960-06-30,discharge/débit,55.2,
01ED003,1960-07-01,discharge/débit,16.7,
01ED003,1960-07-02,discharge/débit,43.6,
01ED003,1960-07-03,discharge/débit,35.7,
01ED003,1960-07-04,discharge/débit,41.1,
01ED003,1960-07-05,discharge/débit,58.6,
01ED003,1960-07-06,discharge/débit,53.8,
01ED003,1960-07-07,discharge/débit,52.4,
01ED003,1960-07-08,discharge/débit,56.1,
01ED003,1960-07-09,discharge/débit,56.6,
01ED003,1960-07-10,discharge/débit,31.7,
01ED003,1960-07-11,discharge/débit,41.6,
01ED003,1960-07-12,discharge/débit,59.5,
01ED003,1960-07-13,discharge/débit,54.1,
01ED003,1960-07-14,discharge/débit,58.9,
01ED003,1960-07-15,discharge/débit,61.2,
01ED003,1960-07-16,discharge/débit,57.2,
01ED003,1960-07-17,discharge/débit,34.8,
01ED003,1960-07-18,discharge/débit,50.1,
01ED003,1960-07-19,discharge/débit,62.0,
01ED003,1960-07-20,discharge/débit,56.6,
01ED003,1960-07-21,discharge/débit,52.1,
01ED003,1960-07-22,discharge/débit,55.5,
01ED003,1960-07-23,discharge/débit,57.8,
01ED003,1960-07-24,discharge/débit,36.8,
01ED003,1960-07-25,discharge/débit,40.2,
01ED003,1960-07-26,discharge/débit,62.0,
01ED003,1960-07-27,discharge/débit,65.7,
01ED003,1960-07-28,discharge/débit,56.6,
01ED003,1960-07-29,discharge/débit,56.6,
01ED003,1960-07-30,discharge/débit,54.4,
01ED003,1960-07-31,discharge/débit,39.1,
01ED003,1960-08-01,discharge/débit,38.5,
01ED003,1960-08-02,discharge/débit,56.9,
01ED003,1960-08-03,discharge/débit,54.7,
01ED003,1960-08-04,discharge/débit,59.2,
01ED003,1960-08-05,discharge/débit,56.6,
01ED003,1960-08-06,discharge/débit,52.1,
01ED003,1960-08-07,discharge/débit,33.7,
01ED003,1960-08-08,discharge/débit,36.2,
01ED003,1960-08-09,discharge/débit,57.8,
01ED003,1960-08-10,discharge/débit,56.1,
01ED003,1960-08-11,discharge/débit,57.5,
01ED003,1960-08-12,discharge/débit,56.9,
01ED003,1960-08-13,discharge/débit,53.2,
01ED003,1960-08-14,discharge/débit,25.4,
01ED003,1960-08-15,discharge/débit,49.8,
01ED003,1960-08-16,discharge/débit,57.2,
01ED003,1960-08-17,discharge/débit,59.2,
01ED003,1960-08-18,discharge/débit,60.6,
01ED003,1960-08-19,discharge/débit,61.4,
01ED003,1960-08-20,discharge/débit,58.6,
01ED003,1960-08-21,discharge/débit,30.9,
01ED003,1960-08-22,discharge/débit,48.4,
01ED003,1960-08-23,discharge/débit,58.0,
01ED003,1960-08-24,discharge/débit,57.2,
01ED003,1960-08-25,discharge/débit,60.6,
01ED003,1960-08-26,discharge/débit,59.5,
01ED003,1960-08-27,discharge/débit,64.6,
01ED003,1960-08-28,discharge/débit,19.5,
01ED003,1960-08-29,discharge/débit,49.8,
01ED003,1960-08-30,discharge/débit,61.2,
01ED003,1960-08-31,discharge/débit,48.4,
01ED003,1960-09-01,discharge/débit,57.2,
01ED003,1960-09-02,discharge/débit,56.1,
01ED003,1960-09-03,discharge/débit,56.6,
01ED003,1960-09-04,discharge/débit,36.5,
01ED003,1960-09-05,discharge/débit,18.9,
01ED003,1960-09-06,discharge/débit,42.8,
01ED003,1960-09-07,discharge/débit,55.5,
01ED003,1960-09-08,discharge/débit,54.9,
01ED003,1960-09-09,discharge/débit,67.1,
01ED003,1960-09-10,discharge/débit,56.9,
01ED003,1960-09-11,discharge/débit,57.5,
01ED003,1960-09-12,discharge/débit,63.7,
01ED003,1960-09-13,discharge/débit,68.0,
01ED003,1960-09-14,discharge/débit,59.5,
01ED003,1960-09-15,discharge/débit,65.4,
01ED003,1960-09-16,discharge/débit,58.9,
01ED003,1960-09-17,discharge/débit,68.0,
01ED003,1960-09-18,discharge/débit,32.6,
01ED003,1960-09-19,discharge/débit,59.2,
01ED003,1960-09-20,discharge/débit,64.3,
01ED003,1960-09-21,discharge/débit,53.5,
01ED003,1960-09-22,discharge/débit,57.5,
01ED003,1960-09-23,discharge/débit,59.5,
01ED003,1960-09-24,discharge/débit,60.3,
01ED003,1960-09-25,discharge/débit,52.1,
01ED003,1960-09-26,discharge/débit,57.8,
01ED003,1960-09-27,discharge/débit,61.2,
01ED003,1960-09-28,discharge/débit,56.1,
01ED003,1960-09-29,discharge/débit,57.2,
01ED003,1960-09-30,discharge/débit,60.9,
01ED003,1960-10-01,discharge/débit,56.6,
01ED003,1960-10-02,discharge/débit,34.0,
01ED003,1960-10-03,discharge/débit,40.2,
01ED003,1960-10-04,discharge/débit,53.8,
01ED003,1960-10-05,discharge/débit,53.2,
01ED003,1960-10-06,discharge/débit,53.0,
01ED003,1960-10-07,discharge/débit,58.0,
01ED003,1960-10-08,discharge/débit,51.3,
01ED003,1960-10-09,discharge/débit,27.7,
01ED003,1960-10-10,discharge/débit,46.4,
01ED003,1960-10-11,discharge/débit,52.4,
01ED003,1960-10-12,discharge/débit,55.5,
01ED003,1960-10-13,discharge/débit,51.3,
01ED003,1960-10-14,discharge/débit,51.8,
01ED003,1960-10-15,discharge/débit,53.2,
01ED003,1960-10-16,discharge/débit,53.8,
01ED003,1960-10-17,discharge/débit,51.3,
01ED003,1960-10-18,discharge/débit,50.7,
01ED003,1960-10-19,discharge/débit,53.0,
01ED003,1960-10-20,discharge/débit,60.3,
01ED003,1960-10-21,discharge/débit,46.4,
01ED003,1960-10-22,discharge/débit,55.5,
01ED003,1960-10-23,discharge/débit,26.9,
01ED003,1960-10-24,discharge/débit,47.6,
01ED003,1960-10-25,discharge/débit,53.8,
01ED003,1960-10-26,discharge/débit,53.0,
01ED003,1960-10-27,discharge/débit,53.2,
01ED003,1960-10-28,discharge/débit,49.8,
01ED003,1960-10-29,discharge/débit,52.1,
01ED003,1960-10-30,discharge/débit,28.9,
01ED003,1960-10-31,discharge/débit,38.5,
01ED003,1960-11-01,discharge/débit,47.9,
01ED003,1960-11-02,discharge/débit,59.2,
01ED003,1960-11-03,discharge/débit,53.5,
01ED003,1960-11-04,discharge/débit,55.8,
01ED003,1960-11-05,discharge/débit,54.4,
01ED003,1960-11-06,discharge/débit,48.7,
01ED003,1960-11-07,discharge/débit,54.7,
01ED003,1960-11-08,discharge/débit,52.4,
01ED003,1960-11-09,discharge/débit,52.7,
01ED003,1960-11-10,discharge/débit,53.5,
01ED003,1960-11-11,discharge/débit,51.3,
01ED003,1960-11-12,discharge/débit,51.3,
01ED003,1960-11-13,discharge/débit,36.0,
01ED003,1960-11-14,discharge/débit,37.9,
01ED003,1960-11-15,discharge/débit,48.4,
01ED003,1960-11-16,discharge/débit,50.1,
01ED003,1960-11-17,discharge/débit,53.8,
01ED003,1960-11-18,discharge/débit,51.0,
01ED003,1960-11-19,discharge/débit,46.2,
01ED003,1960-11-20,discharge/débit,50.1,
01ED003,1960-11-21,discharge/débit,54.9,
01ED003,1960-11-22,discharge/débit,52.7,
01ED003,1960-11-23,discharge/débit,51.0,
01ED003,1960-11-24,discharge/débit,49.6,
01ED003,1960-11-25,discharge/débit,49.8,
01ED003,1960-11-26,discharge/débit,51.3,
01ED003,1960-11-27,discharge/débit,30.6,
01ED003,1960-11-28,discharge/débit,41.6,
01ED003,1960-11-29,discharge/débit,53.5,
01ED003,1960-11-30,discharge/débit,50.1,
01ED003,1960-12-01,discharge/débit,55.2,
01ED003,1960-12-02,discharge/débit,47.9,
01ED003,1960-12-03,discharge/débit,51.0,
01ED003,1960-12-04,discharge/débit,34.5,
01ED003,1960-12-05,discharge/débit,35.7,
01ED003,1960-12-06,discharge/débit,51.3,
01ED003,1960-12-07,discharge/débit,51.5,
01ED003,1960-12-08,discharge/débit,49.8,
01ED003,1960-12-09,discharge/débit,51.0,
01ED003,1960-12-10,discharge/débit,50.4,
01ED003,1960-12-11,discharge/débit,28.6,
01ED003,1960-12-12,discharge/débit,47.0,
01ED003,1960-12-13,discharge/débit,48.7,
01ED003,1960-12-14,discharge/débit,51.0,
01ED003,1960-12-15,discharge/débit,54.4,E
01ED003,1960-12-16,discharge/débit,56.4,E
01ED003,1960-12-17,discharge/débit,56.9,
01ED003,1960-12-18,discharge/débit,29.4,
01ED003,1960-12-19,discharge/débit,45.6,
01ED003,1960-12-20,discharge/débit,49.8,
01ED003,1960-12-21,discharge/débit,50.7,
01ED003,1960-12-22,discharge/débit,54.1,
01ED003,1960-12-23,discharge/débit,52.4,
01ED003,1960-12-24,discharge/débit,40.8,
01ED003,1960-12-25,discharge/débit,21.0,
01ED003,1960-12-26,discharge/débit,18.1,
01ED003,1960-12-27,discharge/débit,40.2,
01ED003,1960-12-28,discharge/débit,41.6,
01ED003,1960-12-29,discharge/débit,49.0,
01ED003,1960-12-30,discharge/débit,48.4,
01ED003,1960-12-31,discharge/débit,41.6,
01ED003,1961-01-01,discharge/débit,17.8,
01ED003,1961-01-02,discharge/débit,41.3,
01ED003,1961-01-03,discharge/débit,58.0,
01ED003,1961-01-04,discharge/débit,51.3,
01ED003,1961-01-05,discharge/débit,50.4,
01ED003,1961-01-06,discharge/débit,56.4,
01ED003,1961-01-07,discharge/débit,49.0,
01ED003,1961-01-08,discharge/débit,29.7,
01ED003,1961-01-09,discharge/débit,37.1,
01ED003,1961-01-10,discharge/débit,47.3,
01ED003,1961-01-11,discharge/débit,51.3,
01ED003,1961-01-12,discharge/débit,54.4,
01ED003,1961-01-13,discharge/débit,51.3,
01ED003,1961-01-14,discharge/débit,48.1,E
01ED003,1961-01-15,discharge/débit,40.8,
01ED003,1961-01-16,discharge/débit,53.5,
01ED003,1961-01-17,discharge/débit,51.3,
01ED003,1961-01-18,discharge/débit,49.8,
01ED003,1961-01-19,discharge/débit,47.3,
01ED003,1961-01-20,discharge/débit,48.1,
01ED003,1961-01-21,discharge/débit,48.1,
01ED003,1961-01-22,discharge/débit,30.3,
01ED003,1961-01-23,discharge/débit,41.3,
01ED003,1961-01-24,discharge/débit,43.9,
01ED003,1961-01-25,discharge/débit,50.7,
01ED003,1961-01-26,discharge/débit,52.4,
01ED003,1961-01-27,discharge/débit,45.9,
01ED003,1961-01-28,discharge/débit,48.1,
01ED003,1961-01-29,discharge/débit,28.6,
01ED003,1961-01-30,discharge/débit,40.2,
01ED003,1961-01-31,discharge/débit,51.3,
01ED003,1961-02-01,discharge/débit,52.1,
01ED003,1961-02-02,discharge/débit,51.0,
01ED003,1961-02-03,discharge/débit,52.1,
01ED003,1961-02-04,discharge/débit,50.7,
01ED003,1961-02-05,discharge/débit,31.4,
01ED003,1961-02-06,discharge/débit,43.9,
01ED003,1961-02-07,discharge/débit,51.0,
01ED003,1961-02-08,discharge/débit,47.0,
01ED003,1961-02-09,discharge/débit,52.1,
01ED003,1961-02-10,discharge/débit,46.2,
01ED003,1961-02-11,discharge/débit,51.3,
01ED003,1961-02-12,discharge/débit,44.7,
01ED003,1961-02-13,discharge/débit,41.6,
01ED003,1961-02-14,discharge/débit,41.6,
01ED003,1961-02-15,discharge/débit,39.9,
01ED003,1961-02-16,discharge/débit,36.8,
01ED003,1961-02-17,discharge/débit,38.5,
01ED003,1961-02-18,discharge/débit,37.9,
01ED003,1961-02-19,discharge/débit,16.1,
01ED003,1961-02-20,discharge/débit,36.0,
01ED003,1961-02-21,discharge/débit,37.1,
01ED003,1961-02-22,discharge/débit,40.5,
01ED003,1961-02-23,discharge/débit,41.1,
01ED003,1961-02-24,discharge/débit,43.3,
01ED003,1961-02-25,discharge/débit,42.2,
01ED003,1961-02-26,discharge/débit,30.6,
01ED003,1961-02-27,discharge/débit,39.9,
01ED003,1961-02-28,discharge/débit,48.1,
01ED003,1961-03-01,discharge/débit,43.3,
01ED003,1961-03-02,discharge/débit,41.6,
01ED003,1961-03-03,discharge/débit,41.9,
01ED003,1961-03-04,discharge/débit,36.5,
01ED003,1961-03-05,discharge/débit,14.9,
01ED003,1961-03-06,discharge/débit,32.8,
01ED003,1961-03-07,discharge/débit,34.3,
01ED003,1961-03-08,discharge/débit,30.6,
01ED003,1961-03-09,discharge/débit,40.5,
01ED003,1961-03-10,discharge/débit,39.4,
01ED003,1961-03-11,discharge/débit,37.4,
01ED003,1961-03-12,discharge/débit,16.4,
01ED003,1961-03-13,discharge/débit,36.0,
01ED003,1961-03-14,discharge/débit,40.5,
01ED003,1961-03-15,discharge/débit,48.1,
01ED003,1961-03-16,discharge/débit,43.3,
01ED003,1961-03-17,discharge/débit,41.6,
01ED003,1961-03-18,discharge/débit,42.5,
01ED003,1961-03-19,discharge/débit,20.4,
01ED003,1961-03-20,discharge/débit,35.1,
01ED003,1961-03-21,discharge/débit,40.8,
01ED003,1961-03-22,discharge/débit,37.7,
01ED003,1961-03-23,discharge/débit,41.6,
01ED003,1961-03-24,discharge/débit,34.8,
01ED003,1961-03-25,discharge/débit,39.1,
01ED003,1961-03-26,discharge/débit,19.6,
01ED003,1961-03-27,discharge/débit,44.2,
01ED003,1961-03-28,discharge/débit,46.2,
01ED003,1961-03-29,discharge/débit,49.6,
01ED003,1961-03-30,discharge/débit,52.1,
01ED003,1961-03-31,discharge/débit,46.7,
01ED003,1961-04-01,discharge/débit,58.6,
01ED003,1961-04-02,discharge/débit,33.1,
01ED003,1961-04-03,discharge/débit,64.3,
01ED003,1961-04-04,discharge/débit,61.2,
01ED003,1961-04-05,discharge/débit,59.2,
01ED003,1961-04-06,discharge/débit,67.4,
01ED003,1961-04-07,discharge/débit,60.6,
01ED003,1961-04-08,discharge/débit,61.2,
01ED003,1961-04-09,discharge/débit,30.6,
01ED003,1961-04-10,discharge/débit,36.0,
01ED003,1961-04-11,discharge/débit,64.6,
01ED003,1961-04-12,discharge/débit,58.0,
01ED003,1961-04-13,discharge/débit,53.0,
01ED003,1961-04-14,discharge/débit,62.3,
01ED003,1961-04-15,discharge/débit,71.6,
01ED003,1961-04-16,discharge/débit,70.5,
01ED003,1961-04-17,discharge/débit,75.9,
01ED003,1961-04-18,discharge/débit,71.9,
01ED003,1961-04-19,discharge/débit,64.3,
01ED003,1961-04-20,discharge/débit,67.7,
01ED003,1961-04-21,discharge/débit,66.8,
01ED003,1961-04-22,discharge/débit,64.0,
01ED003,1961-04-23,discharge/débit,35.4,
01ED003,1961-04-24,discharge/débit,42.8,
01ED003,1961-04-25,discharge/débit,49.3,
01ED003,1961-04-26,discharge/débit,51.3,
01ED003,1961-04-27,discharge/débit,50.7,
01ED003,1961-04-28,discharge/débit,55.8,
01ED003,1961-04-29,discharge/débit,44.5,
01ED003,1961-04-30,discharge/débit,51.3,
01ED003,1961-05-01,discharge/débit,46.4,
01ED003,1961-05-02,discharge/débit,63.4,
01ED003,1961-05-03,discharge/débit,65.4,
01ED003,1961-05-04,discharge/débit,63.1,
01ED003,1961-05-05,discharge/débit,47.6,
01ED003,1961-05-06,discharge/débit,46.2,
01ED003,1961-05-07,discharge/débit,21.7,
01ED003,1961-05-08,discharge/débit,47.3,
01ED003,1961-05-09,discharge/débit,54.7,
01ED003,1961-05-10,discharge/débit,51.3,
01ED003,1961-05-11,discharge/débit,51.3,
01ED003,1961-05-12,discharge/débit,58.3,
01ED003,1961-05-13,discharge/débit,59.7,
01ED003,1961-05-14,discharge/débit,22.6,
01ED003,1961-05-15,discharge/débit,47.0,
01ED003,1961-05-16,discharge/débit,59.7,
01ED003,1961-05-17,discharge/débit,58.3,
01ED003,1961-05-18,discharge/débit,56.9,
01ED003,1961-05-19,discharge/débit,60.0,
01ED003,1961-05-20,discharge/débit,53.0,
01ED003,1961-05-21,discharge/débit,22.6,
01ED003,1961-05-22,discharge/débit,32.3,
01ED003,1961-05-23,discharge/débit,44.5,
01ED003,1961-05-24,discharge/débit,47.6,
01ED003,1961-05-25,discharge/débit,48.1,
01ED003,1961-05-26,discharge/débit,43.9,
01ED003,1961-05-27,discharge/débit,48.7,
01ED003,1961-05-28,discharge/débit,22.1,
01ED003,1961-05-29,discharge/débit,42.2,
01ED003,1961-05-30,discharge/débit,50.4,
01ED003,1961-05-31,discharge/débit,45.0,
01ED003,1961-06-01,discharge/débit,42.2,
01ED003,1961-06-02,discharge/débit,45.9,
01ED003,1961-06-03,discharge/débit,52.4,
01ED003,1961-06-04,discharge/débit,21.2,
01ED003,1961-06-05,discharge/débit,38.2,
01ED003,1961-06-06,discharge/débit,36.5,
01ED003,1961-06-07,discharge/débit,45.9,
01ED003,1961-06-08,discharge/débit,41.6,
01ED003,1961-06-09,discharge/débit,45.0,
01ED003,1961-06-10,discharge/débit,47.6,
01ED003,1961-06-11,discharge/débit,11.3,
01ED003,1961-06-12,discharge/débit,37.1,
01ED003,1961-06-13,discharge/débit,48.1,
01ED003,1961-06-14,discharge/débit,45.0,
01ED003,1961-06-15,discharge/débit,48.1,
01ED003,1961-06-16,discharge/débit,47.6,
01ED003,1961-06-17,discharge/débit,46.4,
01ED003,1961-06-18,discharge/débit,23.3,
01ED003,1961-06-19,discharge/débit,44.5,
01ED003,1961-06-20,discharge/débit,57.5,
01ED003,1961-06-21,discharge/débit,49.0,
01ED003,1961-06-22,discharge/débit,54.4,
01ED003,1961-06-23,discharge/débit,58.0,
01ED003,1961-06-24,discharge/débit,44.5,
01ED003,1961-06-25,discharge/débit,17.1,
01ED003,1961-06-26,discharge/débit,50.4,
01ED003,1961-06-27,discharge/débit,51.3,
01ED003,1961-06-28,discharge/débit,56.9,
01ED003,1961-06-29,discharge/débit,48.7,
01ED003,1961-06-30,discharge/débit,47.3,
01ED003,1961-07-01,discharge/débit,15.1,
01ED003,1961-07-02,discharge/débit,14.9,
01ED003,1961-07-03,discharge/débit,44.2,
01ED003,1961-07-04,discharge/débit,52.4,
01ED003,1961-07-05,discharge/débit,59.7,
01ED003,1961-07-06,discharge/débit,41.3,
01ED003,1961-07-07,discharge/débit,48.1,
01ED003,1961-07-08,discharge/débit,50.4,
01ED003,1961-07-09,discharge/débit,18.5,
01ED003,1961-07-10,discharge/débit,48.4,
01ED003,1961-07-11,discharge/débit,50.4,
01ED003,1961-07-12,discharge/débit,53.0,
01ED003,1961-07-13,discharge/débit,55.8,
01ED003,1961-07-14,discharge/débit,49.0,
01ED003,1961-07-15,discharge/débit,48.7,
01ED003,1961-07-16,discharge/débit,24.6,
01ED003,1961-07-17,discharge/débit,45.0,
01ED003,1961-07-18,discharge/débit,51.3,
01ED003,1961-07-19,discharge/débit,59.5,
01ED003,1961-07-20,discharge/débit,51.0,
01ED003,1961-07-21,discharge/débit,55.5,
01ED003,1961-07-22,discharge/débit,52.4,
01ED003,1961-07-23,discharge/débit,28.9,
01ED003,1961-07-24,discharge/débit,47.9,
01ED003,1961-07-25,discharge/débit,50.4,
01ED003,1961-07-26,discharge/débit,57.5,
01ED003,1961-07-27,discharge/débit,57.2,
01ED003,1961-07-28,discharge/débit,56.9,
01ED003,1961-07-29,discharge/débit,54.4,
01ED003,1961-07-30,discharge/débit,30.9,
01ED003,1961-07-31,discharge/débit,41.6,
01ED003,1961-08-01,discharge/débit,49.0,
01ED003,1961-08-02,discharge/débit,56.9,
01ED003,1961-08-03,discharge/débit,55.8,
01ED003,1961-08-04,discharge/débit,57.5,
01ED003,1961-08-05,discharge/débit,56.6,
01ED003,1961-08-06,discharge/débit,39.1,
01ED003,1961-08-07,discharge/débit,38.5,
01ED003,1961-08-08,discharge/débit,42.5,
01ED003,1961-08-09,discharge/débit,48.7,
01ED003,1961-08-10,discharge/débit,45.9,
01ED003,1961-08-11,discharge/débit,49.0,
01ED003,1961-08-12,discharge/débit,46.4,
01ED003,1961-08-13,discharge/débit,21.5,
01ED003,1961-08-14,discharge/débit,39.1,
01ED003,1961-08-15,discharge/débit,43.0,
01ED003,1961-08-16,discharge/débit,50.1,
01ED003,1961-08-17,discharge/débit,45.6,
01ED003,1961-08-18,discharge/débit,50.1,
01ED003,1961-08-19,discharge/débit,45.0,
01ED003,1961-08-20,discharge/débit,24.4,
01ED003,1961-08-21,discharge/débit,37.9,
01ED003,1961-08-22,discharge/débit,48.7,
01ED003,1961-08-23,discharge/débit,45.0,
01ED003,1961-08-24,discharge/débit,45.3,
01ED003,1961-08-25,discharge/débit,46.4,
01ED003,1961-08-26,discharge/débit,47.0,
01ED003,1961-08-27,discharge/débit,23.3,
01ED003,1961-08-28,discharge/débit,40.2,
01ED003,1961-08-29,discharge/débit,50.4,
01ED003,1961-08-30,discharge/débit,44.5,
01ED003,1961-08-31,discharge/débit,43.0,
01ED003,1961-09-01,discharge/débit,43.0,
01ED003,1961-09-02,discharge/débit,46.2,
01ED003,1961-09-03,discharge/débit,18.5,
01ED003,1961-09-04,discharge/débit,10.8,
01ED003,1961-09-05,discharge/débit,41.1,
01ED003,1961-09-06,discharge/débit,45.0,
01ED003,1961-09-07,discharge/débit,42.2,
01ED003,1961-09-08,discharge/débit,37.4,
01ED003,1961-09-09,discharge/débit,36.5,
01ED003,1961-09-10,discharge/débit,21.5,
01ED003,1961-09-11,discharge/débit,27.3,
01ED003,1961-09-12,discharge/débit,50.7,
01ED003,1961-09-13,discharge/débit,44.5,
01ED003,1961-09-14,discharge/débit,41.9,
01ED003,1961-09-15,discharge/débit,41.9,
01ED003,1961-09-16,discharge/débit,45.0,
01ED003,1961-09-17,discharge/débit,16.9,
01ED003,1961-09-18,discharge/débit,31.1,
01ED003,1961-09-19,discharge/débit,41.9,
01ED003,1961-09-20,discharge/débit,43.9,
01ED003,1961-09-21,discharge/débit,45.9,
01ED003,1961-09-22,discharge/débit,49.0,
01ED003,1961-09-23,discharge/débit,37.9,
01ED003,1961-09-24,discharge/débit,15.4,
01ED003,1961-09-25,discharge/débit,40.2,
01ED003,1961-09-26,discharge/débit,43.6,
01ED003,1961-09-27,discharge/débit,42.5,
01ED003,1961-09-28,discharge/débit,40.2,
01ED003,1961-09-29,discharge/débit,39.1,
01ED003,1961-09-30,discharge/débit,36.5,
01ED003,1961-10-01,discharge/débit,12.1,
01ED003,1961-10-02,discharge/débit,19.9,
01ED003,1961-10-03,discharge/débit,10.4,
01ED003,1961-10-04,discharge/débit,29.7,
01ED003,1961-10-05,discharge/débit,38.5,
01ED003,1961-10-06,discharge/débit,36.2,
01ED003,1961-10-07,discharge/débit,39.4,
01ED003,1961-10-08,discharge/débit,15.1,
01ED003,1961-10-09,discharge/débit,40.2,
01ED003,1961-10-10,discharge/débit,37.1,
01ED003,1961-10-11,discharge/débit,41.9,
01ED003,1961-10-12,discharge/débit,38.5,
01ED003,1961-10-13,discharge/débit,37.7,
01ED003,1961-10-14,discharge/débit,37.1,
01ED003,1961-10-15,discharge/débit,13.6,
01ED003,1961-10-16,discharge/débit,52.7,
01ED003,1961-10-17,discharge/débit,38.8,
01ED003,1961-10-18,discharge/débit,42.2,
01ED003,1961-10-19,discharge/débit,41.6,
01ED003,1961-10-20,discharge/débit,53.5,
01ED003,1961-10-21,discharge/débit,89.5,
01ED003,1961-10-22,discharge/débit,27.3,
01ED003,1961-10-23,discharge/débit,50.1,
01ED003,1961-10-24,discharge/débit,54.9,
01ED003,1961-10-25,discharge/débit,54.4,
01ED003,1961-10-26,discharge/débit,43.9,
01ED003,1961-10-27,discharge/débit,49.0,
01ED003,1961-10-28,discharge/débit,39.4,
01ED003,1961-10-29,discharge/débit,21.7,
01ED003,1961-10-30,discharge/débit,36.2,
01ED003,1961-10-31,discharge/débit,38.5,
01ED003,1961-11-01,discharge/débit,35.1,
01ED003,1961-11-02,discharge/débit,38.2,
01ED003,1961-11-03,discharge/débit,37.1,
01ED003,1961-11-04,discharge/débit,37.9,
01ED003,1961-11-05,discharge/débit,16.9,
01ED003,1961-11-06,discharge/débit,31.1,
01ED003,1961-11-07,discharge/débit,44.2,
01ED003,1961-11-08,discharge/débit,40.2,
01ED003,1961-11-09,discharge/débit,45.6,
01ED003,1961-11-10,discharge/débit,39.1,
01ED003,1961-11-11,discharge/débit,41.3,
01ED003,1961-11-12,discharge/débit,20.2,
01ED003,1961-11-13,discharge/débit,45.9,
01ED003,1961-11-14,discharge/débit,42.8,
01ED003,1961-11-15,discharge/débit,44.5,
01ED003,1961-11-16,discharge/débit,46.4,
01ED003,1961-11-17,discharge/débit,44.7,
01ED003,1961-11-18,discharge/débit,40.8,
01ED003,1961-11-19,discharge/débit,20.6,
01ED003,1961-11-20,discharge/débit,38.2,
01ED003,1961-11-21,discharge/débit,51.5,
01ED003,1961-11-22,discharge/débit,59.2,
01ED003,1961-11-23,discharge/débit,64.0,
01ED003,1961-11-24,discharge/débit,53.0,
01ED003,1961-11-25,discharge/débit,62.3,
01ED003,1961-11-26,discharge/débit,24.0,
01ED003,1961-11-27,discharge/débit,66.8,
01ED003,1961-11-28,discharge/débit,67.4,
01ED003,1961-11-29,discharge/débit,49.0,
01ED003,1961-11-30,discharge/débit,55.8,
01ED003,1961-12-01,discharge/débit,56.9,
01ED003,1961-12-02,discharge/débit,57.5,
01ED003,1961-12-03,discharge/débit,29.7,
01ED003,1961-12-04,discharge/débit,42.5,
01ED003,1961-12-05,discharge/débit,58.6,
01ED003,1961-12-06,discharge/débit,47.3,
01ED003,1961-12-07,discharge/débit,50.1,
01ED003,1961-12-08,discharge/débit,60.0,
01ED003,1961-12-09,discharge/débit,48.7,
01ED003,1961-12-10,discharge/débit,22.6,
01ED003,1961-12-11,discharge/débit,48.4,
01ED003,1961-12-12,discharge/débit,56.9,
01ED003,1961-12-13,discharge/débit,62.3,
01ED003,1961-12-14,discharge/débit,58.3,
01ED003,1961-12-15,discharge/débit,59.2,
01ED003,1961-12-16,discharge/débit,64.8,
01ED003,1961-12-17,discharge/débit,20.0,
01ED003,1961-12-18,discharge/débit,45.9,
01ED003,1961-12-19,discharge/débit,54.7,
01ED003,1961-12-20,discharge/débit,54.9,
01ED003,1961-12-21,discharge/débit,58.3,
01ED003,1961-12-22,discharge/débit,56.1,
01ED003,1961-12-23,discharge/débit,45.6,
01ED003,1961-12-24,discharge/débit,10.8,
01ED003,1961-12-25,discharge/débit,24.6,
01ED003,1961-12-26,discharge/débit,48.7,
01ED003,1961-12-27,discharge/débit,59.2,
01ED003,1961-12-28,discharge/débit,63.4,
01ED003,1961-12-29,discharge/débit,59.5,
01ED003,1961-12-30,discharge/débit,51.8,
01ED003,1961-12-31,discharge/débit,21.9,
01ED003,1962-01-01,discharge/débit,15.3,
01ED003,1962-01-02,discharge/débit,43.9,
01ED003,1962-01-03,discharge/débit,52.4,
01ED003,1962-01-04,discharge/débit,53.0,
01ED003,1962-01-05,discharge/débit,54.1,
01ED003,1962-01-06,discharge/débit,59.5,
01ED003,1962-01-07,discharge/débit,41.1,
01ED003,1962-01-08,discharge/débit,67.7,
01ED003,1962-01-09,discharge/débit,52.4,
01ED003,1962-01-10,discharge/débit,49.3,
01ED003,1962-01-11,discharge/débit,46.2,
01ED003,1962-01-12,discharge/débit,46.4,
01ED003,1962-01-13,discharge/débit,46.2,
01ED003,1962-01-14,discharge/débit,21.0,
01ED003,1962-01-15,discharge/débit,42.8,
01ED003,1962-01-16,discharge/débit,61.2,
01ED003,1962-01-17,discharge/débit,54.9,
01ED003,1962-01-18,discharge/débit,53.5,
01ED003,1962-01-19,discharge/débit,65.7,
01ED003,1962-01-20,discharge/débit,64.6,
01ED003,1962-01-21,discharge/débit,32.3,
01ED003,1962-01-22,discharge/débit,50.1,
01ED003,1962-01-23,discharge/débit,60.6,
01ED003,1962-01-24,discharge/débit,59.7,
01ED003,1962-01-25,discharge/débit,60.6,
01ED003,1962-01-26,discharge/débit,60.6,
01ED003,1962-01-27,discharge/débit,65.4,
01ED003,1962-01-28,discharge/débit,32.6,
01ED003,1962-01-29,discharge/débit,51.5,
01ED003,1962-01-30,discharge/débit,63.1,
01ED003,1962-01-31,discharge/débit,62.0,
01ED003,1962-02-01,discharge/débit,58.6,
01ED003,1962-02-02,discharge/débit,61.2,
01ED003,1962-02-03,discharge/débit,60.0,
01ED003,1962-02-04,discharge/débit,33.4,
01ED003,1962-02-05,discharge/débit,50.4,
01ED003,1962-02-06,discharge/débit,66.5,
01ED003,1962-02-07,discharge/débit,61.7,
01ED003,1962-02-08,discharge/débit,63.4,
01ED003,1962-02-09,discharge/débit,59.7,
01ED003,1962-02-10,discharge/débit,60.0,
01ED003,1962-02-11,discharge/débit,32.3,
01ED003,1962-02-12,discharge/débit,50.1,
01ED003,1962-02-13,discharge/débit,55.8,
01ED003,1962-02-14,discharge/débit,55.8,
01ED003,1962-02-15,discharge/débit,58.3,
01ED003,1962-02-16,discharge/débit,58.3,
01ED003,1962-02-17,discharge/débit,56.9,
01ED003,1962-02-18,discharge/débit,30.9,
01ED003,1962-02-19,discharge/débit,43.9,
01ED003,1962-02-20,discharge/débit,59.7,
01ED003,1962-02-21,discharge/débit,56.9,
01ED003,1962-02-22,discharge/débit,60.9,
01ED003,1962-02-23,discharge/débit,54.1,
01ED003,1962-02-24,discharge/débit,55.5,
01ED003,1962-02-25,discharge/débit,26.3,
01ED003,1962-02-26,discharge/débit,45.9,
01ED003,1962-02-27,discharge/débit,54.7,
01ED003,1962-02-28,discharge/débit,55.8,
01ED003,1962-03-01,discharge/débit,54.7,
01ED003,1962-03-02,discharge/débit,53.0,
01ED003,1962-03-03,discharge/débit,56.6,
01ED003,1962-03-04,discharge/débit,29.7,
01ED003,1962-03-05,discharge/débit,46.2,
01ED003,1962-03-06,discharge/débit,56.1,
01ED003,1962-03-07,discharge/débit,56.6,
01ED003,1962-03-08,discharge/débit,56.6,
01ED003,1962-03-09,discharge/débit,59.2,
01ED003,1962-03-10,discharge/débit,63.4,
01ED003,1962-03-11,discharge/débit,25.8,
01ED003,1962-03-12,discharge/débit,46.4,
01ED003,1962-03-13,discharge/débit,60.9,
01ED003,1962-03-14,discharge/débit,56.9,
01ED003,1962-03-15,discharge/débit,56.9,
01ED003,1962-03-16,discharge/débit,48.1,
01ED003,1962-03-17,discharge/débit,53.5,
01ED003,1962-03-18,discharge/débit,29.7,
01ED003,1962-03-19,discharge/débit,48.4,
01ED003,1962-03-20,discharge/débit,53.0,
01ED003,1962-03-21,discharge/débit,48.7,
01ED003,1962-03-22,discharge/débit,52.7,
01ED003,1962-03-23,discharge/débit,45.0,
01ED003,1962-03-24,discharge/débit,47.9,
01ED003,1962-03-25,discharge/débit,22.4,
01ED003,1962-03-26,discharge/débit,47.6,
01ED003,1962-03-27,discharge/débit,51.8,
01ED003,1962-03-28,discharge/débit,56.1,
01ED003,1962-03-29,discharge/débit,57.2,
01ED003,1962-03-30,discharge/débit,55.8,
01ED003,1962-03-31,discharge/débit,55.5,
01ED003,1962-04-01,discharge/débit,21.0,
01ED003,1962-04-02,discharge/débit,86.1,
01ED003,1962-04-03,discharge/débit,65.7,
01ED003,1962-04-04,discharge/débit,54.7,
01ED003,1962-04-05,discharge/débit,51.3,
01ED003,1962-04-06,discharge/débit,45.9,
01ED003,1962-04-07,discharge/débit,45.6,
01ED003,1962-04-08,discharge/débit,19.7,
01ED003,1962-04-09,discharge/débit,118.0,
01ED003,1962-04-10,discharge/débit,70.8,
01ED003,1962-04-11,discharge/débit,51.5,
01ED003,1962-04-12,discharge/débit,46.4,
01ED003,1962-04-13,discharge/débit,51.8,
01ED003,1962-04-14,discharge/débit,55.5,
01ED003,1962-04-15,discharge/débit,22.4,
01ED003,1962-04-16,discharge/débit,53.0,
01ED003,1962-04-17,discharge/débit,53.0,
01ED003,1962-04-18,discharge/débit,51.0,
01ED003,1962-04-19,discharge/débit,44.2,
01ED003,1962-04-20,discharge/débit,42.2,
01ED003,1962-04-21,discharge/débit,43.6,
01ED003,1962-04-22,discharge/débit,25.5,
01ED003,1962-04-23,discharge/débit,44.2,
01ED003,1962-04-24,discharge/débit,40.2,
01ED003,1962-04-25,discharge/débit,47.3,
01ED003,1962-04-26,discharge/débit,49.3,
01ED003,1962-04-27,discharge/débit,51.8,
01ED003,1962-04-28,discharge/débit,56.9,
01ED003,1962-04-29,discharge/débit,23.7,
01ED003,1962-04-30,discharge/débit,38.2,
01ED003,1962-05-01,discharge/débit,54.9,
01ED003,1962-05-02,discharge/débit,48.4,
01ED003,1962-05-03,discharge/débit,47.3,
01ED003,1962-05-04,discharge/débit,51.0,
01ED003,1962-05-05,discharge/débit,51.3,
01ED003,1962-05-06,discharge/débit,26.3,
01ED003,1962-05-07,discharge/débit,31.4,
01ED003,1962-05-08,discharge/débit,51.5,
01ED003,1962-05-09,discharge/débit,54.7,
01ED003,1962-05-10,discharge/débit,51.0,
01ED003,1962-05-11,discharge/débit,45.3,
01ED003,1962-05-12,discharge/débit,53.5,
01ED003,1962-05-13,discharge/débit,28.9,
01ED003,1962-05-14,discharge/débit,33.1,
01ED003,1962-05-15,discharge/débit,53.5,
01ED003,1962-05-16,discharge/débit,53.0,
01ED003,1962-05-17,discharge/débit,53.2,
01ED003,1962-05-18,discharge/débit,50.4,
01ED003,1962-05-19,discharge/débit,53.0,
01ED003,1962-05-20,discharge/débit,24.0,
01ED003,1962-05-21,discharge/débit,37.4,
01ED003,1962-05-22,discharge/débit,48.4,
01ED003,1962-05-23,discharge/débit,49.8,
01ED003,1962-05-24,discharge/débit,50.1,
01ED003,1962-05-25,discharge/débit,55.8,
01ED003,1962-05-26,discharge/débit,53.2,
01ED003,1962-05-27,discharge/débit,28.9,
01ED003,1962-05-28,discharge/débit,36.5,
01ED003,1962-05-29,discharge/débit,52.7,
01ED003,1962-05-30,discharge/débit,51.0,
01ED003,1962-05-31,discharge/débit,52.4,
01ED003,1962-06-01,discharge/débit,57.5,
01ED003,1962-06-02,discharge/débit,57.2,
01ED003,1962-06-03,discharge/débit,26.5,
01ED003,1962-06-04,discharge/débit,44.2,
01ED003,1962-06-05,discharge/débit,53.5,
01ED003,1962-06-06,discharge/débit,60.0,
01ED003,1962-06-07,discharge/débit,62.3,
01ED003,1962-06-08,discharge/débit,58.6,
01ED003,1962-06-09,discharge/débit,59.7,
01ED003,1962-06-10,discharge/débit,30.9,
01ED003,1962-06-11,discharge/débit,49.8,
01ED003,1962-06-12,discharge/débit,62.9,
01ED003,1962-06-13,discharge/débit,58.6,
01ED003,1962-06-14,discharge/débit,56.6,
01ED003,1962-06-15,discharge/débit,54.1,
01ED003,1962-06-16,discharge/débit,54.9,
01ED003,1962-06-17,discharge/débit,27.8,
01ED003,1962-06-18,discharge/débit,42.2,
01ED003,1962-06-19,discharge/débit,56.1,
01ED003,1962-06-20,discharge/débit,54.7,
01ED003,1962-06-21,discharge/débit,56.6,
01ED003,1962-06-22,discharge/débit,54.1,
01ED003,1962-06-23,discharge/débit,53.2,
01ED003,1962-06-24,discharge/débit,32.3,
01ED003,1962-06-25,discharge/débit,35.1,
01ED003,1962-06-26,discharge/débit,52.4,
01ED003,1962-06-27,discharge/débit,64.8,
01ED003,1962-06-28,discharge/débit,53.5,
01ED003,1962-06-29,discharge/débit,53.2,
01ED003,1962-06-30,discharge/débit,62.0,
01ED003,1962-07-01,discharge/débit,15.3,
01ED003,1962-07-02,discharge/débit,9.09,
01ED003,1962-07-03,discharge/débit,9.66,
01ED003,1962-07-04,discharge/débit,13.8,
01ED003,1962-07-05,discharge/débit,17.3,
01ED003,1962-07-06,discharge/débit,19.1,
01ED003,1962-07-07,discharge/débit,12.1,
01ED003,1962-07-08,discharge/débit,14.9,
01ED003,1962-07-09,discharge/débit,17.1,
01ED003,1962-07-10,discharge/débit,11.2,
01ED003,1962-07-11,discharge/débit,17.5,
01ED003,1962-07-12,discharge/débit,19.3,
01ED003,1962-07-13,discharge/débit,21.5,
01ED003,1962-07-14,discharge/débit,19.7,
01ED003,1962-07-15,discharge/débit,15.4,
01ED003,1962-07-16,discharge/débit,61.2,
01ED003,1962-07-17,discharge/débit,58.0,
01ED003,1962-07-18,discharge/débit,64.0,
01ED003,1962-07-19,discharge/débit,61.7,
01ED003,1962-07-20,discharge/débit,66.0,
01ED003,1962-07-21,discharge/débit,62.9,
01ED003,1962-07-22,discharge/débit,34.0,
01ED003,1962-07-23,discharge/débit,49.3,
01ED003,1962-07-24,discharge/débit,64.6,
01ED003,1962-07-25,discharge/débit,59.5,
01ED003,1962-07-26,discharge/débit,68.0,
01ED003,1962-07-27,discharge/débit,66.8,
01ED003,1962-07-28,discharge/débit,62.9,
01ED003,1962-07-29,discharge/débit,32.0,
01ED003,1962-07-30,discharge/débit,50.7,
01ED003,1962-07-31,discharge/débit,56.9,
01ED003,1962-08-01,discharge/débit,58.6,
01ED003,1962-08-02,discharge/débit,55.5,
01ED003,1962-08-03,discharge/débit,62.9,
01ED003,1962-08-04,discharge/débit,56.9,
01ED003,1962-08-05,discharge/débit,33.4,
01ED003,1962-08-06,discharge/débit,48.4,
01ED003,1962-08-07,discharge/débit,58.6,
01ED003,1962-08-08,discharge/débit,62.0,
01ED003,1962-08-09,discharge/débit,56.6,
01ED003,1962-08-10,discharge/débit,53.5,
01ED003,1962-08-11,discharge/débit,55.5,
01ED003,1962-08-12,discharge/débit,26.0,
01ED003,1962-08-13,discharge/débit,46.4,
01ED003,1962-08-14,discharge/débit,62.3,
01ED003,1962-08-15,discharge/débit,60.9,
01ED003,1962-08-16,discharge/débit,62.0,
01ED003,1962-08-17,discharge/débit,62.0,
01ED003,1962-08-18,discharge/débit,62.3,
01ED003,1962-08-19,discharge/débit,44.5,
01ED003,1962-08-20,discharge/débit,48.7,
01ED003,1962-08-21,discharge/débit,62.9,
01ED003,1962-08-22,discharge/débit,62.9,
01ED003,1962-08-23,discharge/débit,66.5,
01ED003,1962-08-24,discharge/débit,64.3,
01ED003,1962-08-25,discharge/débit,62.9,
01ED003,1962-08-26,discharge/débit,41.3,
01ED003,1962-08-27,discharge/débit,56.6,
01ED003,1962-08-28,discharge/débit,64.8,
01ED003,1962-08-29,discharge/débit,62.9,
01ED003,1962-08-30,discharge/débit,58.6,
01ED003,1962-08-31,discharge/débit,56.9,
01ED003,1962-09-01,discharge/débit,66.8,
01ED003,1962-09-02,discharge/débit,36.0,
01ED003,1962-09-03,discharge/débit,19.5,
01ED003,1962-09-04,discharge/débit,46.2,
01ED003,1962-09-05,discharge/débit,53.2,
01ED003,1962-09-06,discharge/débit,56.1,
01ED003,1962-09-07,discharge/débit,66.0,
01ED003,1962-09-08,discharge/débit,61.7,
01ED003,1962-09-09,discharge/débit,41.1,
01ED003,1962-09-10,discharge/débit,52.7,
01ED003,1962-09-11,discharge/débit,57.2,
01ED003,1962-09-12,discharge/débit,59.2,
01ED003,1962-09-13,discharge/débit,63.1,
01ED003,1962-09-14,discharge/débit,56.6,
01ED003,1962-09-15,discharge/débit,63.1,
01ED003,1962-09-16,discharge/débit,33.7,
01ED003,1962-09-17,discharge/débit,43.9,
01ED003,1962-09-18,discharge/débit,65.4,
01ED003,1962-09-19,discharge/débit,64.8,
01ED003,1962-09-20,discharge/débit,58.3,
01ED003,1962-09-21,discharge/débit,57.5,
01ED003,1962-09-22,discharge/débit,57.5,
01ED003,1962-09-23,discharge/débit,29.4,
01ED003,1962-09-24,discharge/débit,50.1,
01ED003,1962-09-25,discharge/débit,64.0,
01ED003,1962-09-26,discharge/débit,59.5,
01ED003,1962-09-27,discharge/débit,62.9,
01ED003,1962-09-28,discharge/débit,68.8,
01ED003,1962-09-29,discharge/débit,87.8,
01ED003,1962-09-30,discharge/débit,67.7,
01ED003,1962-10-01,discharge/débit,77.0,
01ED003,1962-10-02,discharge/débit,64.8,
01ED003,1962-10-03,discharge/débit,64.8,
01ED003,1962-10-04,discharge/débit,59.7,
01ED003,1962-10-05,discharge/débit,61.2,
01ED003,1962-10-06,discharge/débit,31.4,
01ED003,1962-10-07,discharge/débit,18.7,
01ED003,1962-10-08,discharge/débit,65.7,
01ED003,1962-10-09,discharge/débit,66.8,
01ED003,1962-10-10,discharge/débit,64.3,
01ED003,1962-10-11,discharge/débit,72.8,
01ED003,1962-10-12,discharge/débit,64.8,
01ED003,1962-10-13,discharge/débit,36.8,
01ED003,1962-10-14,discharge/débit,19.7,
01ED003,1962-10-15,discharge/débit,56.9,
01ED003,1962-10-16,discharge/débit,64.8,
01ED003,1962-10-17,discharge/débit,65.7,
01ED003,1962-10-18,discharge/débit,63.4,
01ED003,1962-10-19,discharge/débit,58.3,A
01ED003,1962-10-20,discharge/débit,25.8,A
01ED003,1962-10-21,discharge/débit,18.9,
01ED003,1962-10-22,discharge/débit,48.7,
01ED003,1962-10-23,discharge/débit,63.1,
01ED003,1962-10-24,discharge/débit,62.0,
01ED003,1962-10-25,discharge/débit,66.0,
01ED003,1962-10-26,discharge/débit,65.4,
01ED003,1962-10-27,discharge/débit,39.9,
01ED003,1962-10-28,discharge/débit,19.3,
01ED003,1962-10-29,discharge/débit,52.7,
01ED003,1962-10-30,discharge/débit,66.8,
01ED003,1962-10-31,discharge/débit,68.8,
01ED003,1962-11-01,discharge/débit,67.4,
01ED003,1962-11-02,discharge/débit,65.7,
01ED003,1962-11-03,discharge/débit,39.9,
01ED003,1962-11-04,discharge/débit,22.8,
01ED003,1962-11-05,discharge/débit,62.0,
01ED003,1962-11-06,discharge/débit,83.0,
01ED003,1962-11-07,discharge/débit,76.5,
01ED003,1962-11-08,discharge/débit,72.5,
01ED003,1962-11-09,discharge/débit,78.2,
01ED003,1962-11-10,discharge/débit,39.1,
01ED003,1962-11-11,discharge/débit,32.3,
01ED003,1962-11-12,discharge/débit,89.8,
01ED003,1962-11-13,discharge/débit,79.3,
01ED003,1962-11-14,discharge/débit,75.9,
01ED003,1962-11-15,discharge/débit,140.0,
01ED003,1962-11-16,discharge/débit,151.0,
01ED003,1962-11-17,discharge/débit,57.5,
01ED003,1962-11-18,discharge/débit,32.8,
01ED003,1962-11-19,discharge/débit,68.8,
01ED003,1962-11-20,discharge/débit,77.9,E
01ED003,1962-11-21,discharge/débit,77.9,E
01ED003,1962-11-22,discharge/débit,77.9,E
01ED003,1962-11-23,discharge/débit,77.9,E
01ED003,1962-11-24,discharge/débit,41.9,E
01ED003,1962-11-25,discharge/débit,30.9,A
01ED003,1962-11-26,discharge/débit,77.9,E
01ED003,1962-11-27,discharge/débit,77.9,E
01ED003,1962-11-28,discharge/débit,77.9,E
01ED003,1962-11-29,discharge/débit,77.9,E
01ED003,1962-11-30,discharge/débit,77.9,E
01ED003,1962-12-01,discharge/débit,33.4,E
01ED003,1962-12-02,discharge/débit,18.3,A
01ED003,1962-12-03,discharge/débit,59.5,A
01ED003,1962-12-04,discharge/débit,67.7,
01ED003,1962-12-05,discharge/débit,67.4,
01ED003,1962-12-06,discharge/débit,66.5,
01ED003,1962-12-07,discharge/débit,74.5,
01ED003,1962-12-08,discharge/débit,46.2,
01ED003,1962-12-09,discharge/débit,22.8,
01ED003,1962-12-10,discharge/débit,64.8,
01ED003,1962-12-11,discharge/débit,75.3,
01ED003,1962-12-12,discharge/débit,73.6,
01ED003,1962-12-13,discharge/débit,69.9,
01ED003,1962-12-14,discharge/débit,48.1,A
01ED003,1962-12-15,discharge/débit,25.8,E
01ED003,1962-12-16,discharge/débit,21.2,A
01ED003,1962-12-17,discharge/débit,55.5,
01ED003,1962-12-18,discharge/débit,65.7,
01ED003,1962-12-19,discharge/débit,66.8,
01ED003,1962-12-20,discharge/débit,65.4,A
01ED003,1962-12-21,discharge/débit,108.0,A
01ED003,1962-12-22,discharge/débit,49.8,A
01ED003,1962-12-23,discharge/débit,28.3,
01ED003,1962-12-24,discharge/débit,25.3,
01ED003,1962-12-25,discharge/débit,44.2,
01ED003,1962-12-26,discharge/débit,30.0,
01ED003,1962-12-27,discharge/débit,27.6,
01ED003,1962-12-28,discharge/débit,26.8,
01ED003,1962-12-29,discharge/débit,31.1,
01ED003,1962-12-30,discharge/débit,23.1,
01ED003,1962-12-31,discharge/débit,25.8,
01ED003,1963-01-01,discharge/débit,31.4,
01ED003,1963-01-02,discharge/débit,68.8,
01ED003,1963-01-03,discharge/débit,64.6,
01ED003,1963-01-04,discharge/débit,69.7,
01ED003,1963-01-05,discharge/débit,40.5,
01ED003,1963-01-06,discharge/débit,24.4,
01ED003,1963-01-07,discharge/débit,64.3,
01ED003,1963-01-08,discharge/débit,70.8,
01ED003,1963-01-09,discharge/débit,77.9,
01ED003,1963-01-10,discharge/débit,77.0,
01ED003,1963-01-11,discharge/débit,75.9,
01ED003,1963-01-12,discharge/débit,45.9,
01ED003,1963-01-13,discharge/débit,30.6,
01ED003,1963-01-14,discharge/débit,81.6,
01ED003,1963-01-15,discharge/débit,88.3,
01ED003,1963-01-16,discharge/débit,79.6,
01ED003,1963-01-17,discharge/débit,66.0,
01ED003,1963-01-18,discharge/débit,79.3,
01ED003,1963-01-19,discharge/débit,36.5,
01ED003,1963-01-20,discharge/débit,28.9,
01ED003,1963-01-21,discharge/débit,80.4,
01ED003,1963-01-22,discharge/débit,90.6,
01ED003,1963-01-23,discharge/débit,91.5,
01ED003,1963-01-24,discharge/débit,94.9,
01ED003,1963-01-25,discharge/débit,99.1,
01ED003,1963-01-26,discharge/débit,53.2,
01ED003,1963-01-27,discharge/débit,37.9,
01ED003,1963-01-28,discharge/débit,79.6,
01ED003,1963-01-29,discharge/débit,101.0,
01ED003,1963-01-30,discharge/débit,91.7,
01ED003,1963-01-31,discharge/débit,88.1,
01ED003,1963-02-01,discharge/débit,75.3,
01ED003,1963-02-02,discharge/débit,45.0,A
01ED003,1963-02-03,discharge/débit,38.8,
01ED003,1963-02-04,discharge/débit,46.4,A
01ED003,1963-02-05,discharge/débit,92.9,A
01ED003,1963-02-06,discharge/débit,91.2,
01ED003,1963-02-07,discharge/débit,88.1,
01ED003,1963-02-08,discharge/débit,77.6,
01ED003,1963-02-09,discharge/débit,40.2,
01ED003,1963-02-10,discharge/débit,31.7,
01ED003,1963-02-11,discharge/débit,70.5,
01ED003,1963-02-12,discharge/débit,87.2,
01ED003,1963-02-13,discharge/débit,96.6,
01ED003,1963-02-14,discharge/débit,127.0,
01ED003,1963-02-15,discharge/débit,117.0,
01ED003,1963-02-16,discharge/débit,86.4,
01ED003,1963-02-17,discharge/débit,60.0,A
01ED003,1963-02-18,discharge/débit,90.6,
01ED003,1963-02-19,discharge/débit,106.0,
01ED003,1963-02-20,discharge/débit,104.0,A
01ED003,1963-02-21,discharge/débit,122.0,
01ED003,1963-02-22,discharge/débit,118.0,
01ED003,1963-02-23,discharge/débit,96.6,
01ED003,1963-02-24,discharge/débit,71.6,
01ED003,1963-02-25,discharge/débit,99.1,
01ED003,1963-02-26,discharge/débit,115.0,
01ED003,1963-02-27,discharge/débit,110.0,
01ED003,1963-02-28,discharge/débit,60.6,
01ED003,1963-03-01,discharge/débit,66.0,
01ED003,1963-03-02,discharge/débit,63.1,
01ED003,1963-03-03,discharge/débit,48.1,
01ED003,1963-03-04,discharge/débit,89.8,
01ED003,1963-03-05,discharge/débit,101.0,
01ED003,1963-03-06,discharge/débit,96.3,
01ED003,1963-03-07,discharge/débit,83.3,
01ED003,1963-03-08,discharge/débit,78.7,
01ED003,1963-03-09,discharge/débit,43.9,
01ED003,1963-03-10,discharge/débit,31.4,
01ED003,1963-03-11,discharge/débit,72.8,
01ED003,1963-03-12,discharge/débit,79.3,
01ED003,1963-03-13,discharge/débit,69.4,
01ED003,1963-03-14,discharge/débit,78.2,
01ED003,1963-03-15,discharge/débit,71.6,
01ED003,1963-03-16,discharge/débit,47.0,
01ED003,1963-03-17,discharge/débit,29.4,
01ED003,1963-03-18,discharge/débit,83.8,
01ED003,1963-03-19,discharge/débit,81.0,
01ED003,1963-03-20,discharge/débit,81.0,
01ED003,1963-03-21,discharge/débit,81.3,
01ED003,1963-03-22,discharge/débit,72.5,
01ED003,1963-03-23,discharge/débit,46.4,
01ED003,1963-03-24,discharge/débit,25.3,
01ED003,1963-03-25,discharge/débit,79.3,
01ED003,1963-03-26,discharge/débit,89.5,
01ED003,1963-03-27,discharge/débit,98.0,
01ED003,1963-03-28,discharge/débit,107.0,
01ED003,1963-03-29,discharge/débit,96.8,
01ED003,1963-03-30,discharge/débit,53.2,
01ED003,1963-03-31,discharge/débit,30.0,
01ED003,1963-04-01,discharge/débit,79.6,
01ED003,1963-04-02,discharge/débit,89.5,
01ED003,1963-04-03,discharge/débit,90.0,
01ED003,1963-04-04,discharge/débit,88.1,
01ED003,1963-04-05,discharge/débit,87.8,
01ED003,1963-04-06,discharge/débit,50.7,
01ED003,1963-04-07,discharge/débit,37.1,
01ED003,1963-04-08,discharge/débit,75.3,
01ED003,1963-04-09,discharge/débit,95.1,
01ED003,1963-04-10,discharge/débit,92.9,
01ED003,1963-04-11,discharge/débit,91.7,
01ED003,1963-04-12,discharge/débit,94.0,
01ED003,1963-04-13,discharge/débit,60.9,
01ED003,1963-04-14,discharge/débit,32.0,
01ED003,1963-04-15,discharge/débit,83.3,
01ED003,1963-04-16,discharge/débit,89.8,
01ED003,1963-04-17,discharge/débit,85.5,
01ED003,1963-04-18,discharge/débit,91.2,
01ED003,1963-04-19,discharge/débit,84.4,
01ED003,1963-04-20,discharge/débit,44.5,
01ED003,1963-04-21,discharge/débit,22.8,
01ED003,1963-04-22,discharge/débit,69.4,
01ED003,1963-04-23,discharge/débit,81.3,
01ED003,1963-04-24,discharge/débit,83.0,
01ED003,1963-04-25,discharge/débit,82.1,
01ED003,1963-04-26,discharge/débit,79.9,
01ED003,1963-04-27,discharge/débit,48.4,
01ED003,1963-04-28,discharge/débit,36.0,
01ED003,1963-04-29,discharge/débit,66.0,
01ED003,1963-04-30,discharge/débit,86.4,
01ED003,1963-05-01,discharge/débit,89.8,
01ED003,1963-05-02,discharge/débit,127.0,
01ED003,1963-05-03,discharge/débit,163.0,
01ED003,1963-05-04,discharge/débit,127.0,
01ED003,1963-05-05,discharge/débit,69.4,
01ED003,1963-05-06,discharge/débit,94.0,
01ED003,1963-05-07,discharge/débit,83.0,
01ED003,1963-05-08,discharge/débit,85.0,
01ED003,1963-05-09,discharge/débit,86.7,
01ED003,1963-05-10,discharge/débit,81.0,
01ED003,1963-05-11,discharge/débit,69.4,
01ED003,1963-05-12,discharge/débit,55.8,
01ED003,1963-05-13,discharge/débit,94.6,
01ED003,1963-05-14,discharge/débit,111.0,
01ED003,1963-05-15,discharge/débit,98.3,
01ED003,1963-05-16,discharge/débit,93.2,
01ED003,1963-05-17,discharge/débit,85.0,
01ED003,1963-05-18,discharge/débit,39.1,
01ED003,1963-05-19,discharge/débit,41.3,
01ED003,1963-05-20,discharge/débit,137.0,
01ED003,1963-05-21,discharge/débit,207.0,
01ED003,1963-05-22,discharge/débit,172.0,
01ED003,1963-05-23,discharge/débit,134.0,
01ED003,1963-05-24,discharge/débit,104.0,
01ED003,1963-05-25,discharge/débit,46.2,
01ED003,1963-05-26,discharge/débit,15.4,
01ED003,1963-05-27,discharge/débit,54.9,
01ED003,1963-05-28,discharge/débit,64.8,
01ED003,1963-05-29,discharge/débit,71.4,
01ED003,1963-05-30,discharge/débit,76.5,
01ED003,1963-05-31,discharge/débit,72.5,
01ED003,1963-06-01,discharge/débit,47.6,
01ED003,1963-06-02,discharge/débit,16.4,
01ED003,1963-06-03,discharge/débit,73.3,
01ED003,1963-06-04,discharge/débit,78.2,
01ED003,1963-06-05,discharge/débit,67.7,
01ED003,1963-06-06,discharge/débit,71.6,
01ED003,1963-06-07,discharge/débit,70.5,
01ED003,1963-06-08,discharge/débit,39.1,
01ED003,1963-06-09,discharge/débit,11.2,
01ED003,1963-06-10,discharge/débit,62.9,
01ED003,1963-06-11,discharge/débit,75.9,
01ED003,1963-06-12,discharge/débit,66.0,
01ED003,1963-06-13,discharge/débit,65.4,
01ED003,1963-06-14,discharge/débit,73.9,
01ED003,1963-06-15,discharge/débit,32.3,
01ED003,1963-06-16,discharge/débit,13.6,
01ED003,1963-06-17,discharge/débit,56.6,
01ED003,1963-06-18,discharge/débit,69.9,
01ED003,1963-06-19,discharge/débit,66.5,
01ED003,1963-06-20,discharge/débit,70.5,
01ED003,1963-06-21,discharge/débit,76.5,
01ED003,1963-06-22,discharge/débit,32.8,
01ED003,1963-06-23,discharge/débit,15.8,
01ED003,1963-06-24,discharge/débit,60.9,
01ED003,1963-06-25,discharge/débit,67.7,
01ED003,1963-06-26,discharge/débit,66.8,
01ED003,1963-06-27,discharge/débit,66.0,
01ED003,1963-06-28,discharge/débit,66.5,
01ED003,1963-06-29,discharge/débit,36.5,
01ED003,1963-06-30,discharge/débit,11.1,
01ED003,1963-07-01,discharge/débit,17.3,
01ED003,1963-07-02,discharge/débit,53.0,
01ED003,1963-07-03,discharge/débit,68.8,
01ED003,1963-07-04,discharge/débit,66.8,
01ED003,1963-07-05,discharge/débit,69.7,
01ED003,1963-07-06,discharge/débit,27.2,
01ED003,1963-07-07,discharge/débit,15.7,
01ED003,1963-07-08,discharge/débit,65.1,
01ED003,1963-07-09,discharge/débit,71.6,
01ED003,1963-07-10,discharge/débit,66.3,
01ED003,1963-07-11,discharge/débit,65.7,
01ED003,1963-07-12,discharge/débit,69.9,
01ED003,1963-07-13,discharge/débit,31.4,
01ED003,1963-07-14,discharge/débit,12.7,
01ED003,1963-07-15,discharge/débit,61.4,
01ED003,1963-07-16,discharge/débit,66.0,
01ED003,1963-07-17,discharge/débit,69.7,
01ED003,1963-07-18,discharge/débit,67.7,
01ED003,1963-07-19,discharge/débit,62.9,
01ED003,1963-07-20,discharge/débit,32.3,
01ED003,1963-07-21,discharge/débit,12.1,
01ED003,1963-07-22,discharge/débit,59.7,
01ED003,1963-07-23,discharge/débit,72.5,
01ED003,1963-07-24,discharge/débit,69.4,
01ED003,1963-07-25,discharge/débit,64.0,
01ED003,1963-07-26,discharge/débit,66.5,
01ED003,1963-07-27,discharge/débit,31.1,
01ED003,1963-07-28,discharge/débit,11.8,
01ED003,1963-07-29,discharge/débit,55.2,
01ED003,1963-07-30,discharge/débit,64.0,
01ED003,1963-07-31,discharge/débit,59.5,
01ED003,1963-08-01,discharge/débit,59.2,
01ED003,1963-08-02,discharge/débit,56.6,
01ED003,1963-08-03,discharge/débit,31.7,
01ED003,1963-08-04,discharge/débit,13.8,
01ED003,1963-08-05,discharge/débit,53.5,
01ED003,1963-08-06,discharge/débit,59.7,
01ED003,1963-08-07,discharge/débit,60.6,
01ED003,1963-08-08,discharge/débit,60.6,
01ED003,1963-08-09,discharge/débit,64.3,
01ED003,1963-08-10,discharge/débit,34.5,
01ED003,1963-08-11,discharge/débit,11.0,
01ED003,1963-08-12,discharge/débit,51.5,
01ED003,1963-08-13,discharge/débit,62.3,
01ED003,1963-08-14,discharge/débit,66.0,
01ED003,1963-08-15,discharge/débit,60.9,
01ED003,1963-08-16,discharge/débit,65.4,
01ED003,1963-08-17,discharge/débit,31.1,
01ED003,1963-08-18,discharge/débit,16.5,
01ED003,1963-08-19,discharge/débit,46.7,
01ED003,1963-08-20,discharge/débit,63.1,
01ED003,1963-08-21,discharge/débit,65.4,
01ED003,1963-08-22,discharge/débit,53.2,
01ED003,1963-08-23,discharge/débit,60.0,
01ED003,1963-08-24,discharge/débit,30.6,
01ED003,1963-08-25,discharge/débit,20.2,
01ED003,1963-08-26,discharge/débit,53.2,
01ED003,1963-08-27,discharge/débit,63.4,
01ED003,1963-08-28,discharge/débit,65.7,
01ED003,1963-08-29,discharge/débit,61.2,
01ED003,1963-08-30,discharge/débit,66.0,
01ED003,1963-08-31,discharge/débit,39.6,
01ED003,1963-09-01,discharge/débit,12.1,
01ED003,1963-09-02,discharge/débit,18.4,
01ED003,1963-09-03,discharge/débit,55.5,
01ED003,1963-09-04,discharge/débit,62.0,
01ED003,1963-09-05,discharge/débit,57.5,
01ED003,1963-09-06,discharge/débit,65.7,
01ED003,1963-09-07,discharge/débit,33.7,
01ED003,1963-09-08,discharge/débit,19.8,
01ED003,1963-09-09,discharge/débit,52.4,
01ED003,1963-09-10,discharge/débit,62.9,
01ED003,1963-09-11,discharge/débit,64.8,
01ED003,1963-09-12,discharge/débit,62.9,
01ED003,1963-09-13,discharge/débit,61.2,
01ED003,1963-09-14,discharge/débit,32.6,
01ED003,1963-09-15,discharge/débit,14.6,
01ED003,1963-09-16,discharge/débit,51.8,
01ED003,1963-09-17,discharge/débit,66.8,
01ED003,1963-09-18,discharge/débit,65.4,
01ED003,1963-09-19,discharge/débit,61.7,
01ED003,1963-09-20,discharge/débit,64.3,
01ED003,1963-09-21,discharge/débit,63.4,
01ED003,1963-09-22,discharge/débit,34.5,
01ED003,1963-09-23,discharge/débit,53.0,
01ED003,1963-09-24,discharge/débit,67.7,
01ED003,1963-09-25,discharge/débit,62.3,
01ED003,1963-09-26,discharge/débit,62.0,
01ED003,1963-09-27,discharge/débit,60.9,
01ED003,1963-09-28,discharge/débit,59.5,
01ED003,1963-09-29,discharge/débit,37.7,
01ED003,1963-09-30,discharge/débit,65.4,
01ED003,1963-10-01,discharge/débit,64.3,
01ED003,1963-10-02,discharge/débit,64.6,
01ED003,1963-10-03,discharge/débit,59.7,
01ED003,1963-10-04,discharge/débit,55.8,
01ED003,1963-10-05,discharge/débit,56.1,
01ED003,1963-10-06,discharge/débit,32.6,
01ED003,1963-10-07,discharge/débit,46.4,
01ED003,1963-10-08,discharge/débit,59.7,
01ED003,1963-10-09,discharge/débit,63.4,
01ED003,1963-10-10,discharge/débit,62.9,
01ED003,1963-10-11,discharge/débit,64.0,
01ED003,1963-10-12,discharge/débit,66.8,
01ED003,1963-10-13,discharge/débit,34.0,
01ED003,1963-10-14,discharge/débit,51.0,
01ED003,1963-10-15,discharge/débit,57.2,
01ED003,1963-10-16,discharge/débit,62.0,
01ED003,1963-10-17,discharge/débit,60.0,
01ED003,1963-10-18,discharge/débit,62.9,
01ED003,1963-10-19,discharge/débit,63.4,
01ED003,1963-10-20,discharge/débit,29.4,
01ED003,1963-10-21,discharge/débit,51.5,
01ED003,1963-10-22,discharge/débit,66.0,
01ED003,1963-10-23,discharge/débit,68.0,
01ED003,1963-10-24,discharge/débit,64.3,
01ED003,1963-10-25,discharge/débit,62.9,
01ED003,1963-10-26,discharge/débit,64.3,
01ED003,1963-10-27,discharge/débit,21.7,
01ED003,1963-10-28,discharge/débit,51.3,
01ED003,1963-10-29,discharge/débit,59.7,
01ED003,1963-10-30,discharge/débit,73.3,
01ED003,1963-10-31,discharge/débit,65.4,
01ED003,1963-11-01,discharge/débit,69.9,
01ED003,1963-11-02,discharge/débit,70.5,
01ED003,1963-11-03,discharge/débit,32.6,
01ED003,1963-11-04,discharge/débit,57.8,
01ED003,1963-11-05,discharge/débit,58.3,
01ED003,1963-11-06,discharge/débit,56.6,
01ED003,1963-11-07,discharge/débit,56.9,
01ED003,1963-11-08,discharge/débit,101.0,
01ED003,1963-11-09,discharge/débit,110.0,
01ED003,1963-11-10,discharge/débit,47.0,
01ED003,1963-11-11,discharge/débit,77.3,
01ED003,1963-11-12,discharge/débit,66.5,
01ED003,1963-11-13,discharge/débit,68.5,
01ED003,1963-11-14,discharge/débit,73.3,
01ED003,1963-11-15,discharge/débit,74.2,
01ED003,1963-11-16,discharge/débit,74.8,
01ED003,1963-11-17,discharge/débit,41.3,
01ED003,1963-11-18,discharge/débit,58.9,
01ED003,1963-11-19,discharge/débit,16.3,
01ED003,1963-11-20,discharge/débit,88.3,
01ED003,1963-11-21,discharge/débit,87.8,
01ED003,1963-11-22,discharge/débit,83.0,
01ED003,1963-11-23,discharge/débit,85.0,
01ED003,1963-11-24,discharge/débit,37.9,
01ED003,1963-11-25,discharge/débit,58.0,
01ED003,1963-11-26,discharge/débit,84.7,
01ED003,1963-11-27,discharge/débit,79.9,
01ED003,1963-11-28,discharge/débit,72.5,
01ED003,1963-11-29,discharge/débit,79.6,
01ED003,1963-11-30,discharge/débit,86.4,
01ED003,1963-12-01,discharge/débit,33.7,
01ED003,1963-12-02,discharge/débit,67.7,
01ED003,1963-12-03,discharge/débit,82.1,
01ED003,1963-12-04,discharge/débit,87.8,
01ED003,1963-12-05,discharge/débit,83.3,
01ED003,1963-12-06,discharge/débit,85.5,A
01ED003,1963-12-07,discharge/débit,85.0,E
01ED003,1963-12-08,discharge/débit,23.7,A
01ED003,1963-12-09,discharge/débit,63.7,
01ED003,1963-12-10,discharge/débit,81.0,
01ED003,1963-12-11,discharge/débit,77.9,
01ED003,1963-12-12,discharge/débit,63.1,A
01ED003,1963-12-13,discharge/débit,73.6,E
01ED003,1963-12-14,discharge/débit,71.6,A
01ED003,1963-12-15,discharge/débit,36.5,A
01ED003,1963-12-16,discharge/débit,62.3,E
01ED003,1963-12-17,discharge/débit,69.4,E
01ED003,1963-12-18,discharge/débit,77.6,A
01ED003,1963-12-19,discharge/débit,67.7,A
01ED003,1963-12-20,discharge/débit,70.8,E
01ED003,1963-12-21,discharge/débit,73.3,A
01ED003,1963-12-22,discharge/débit,34.0,E
01ED003,1963-12-23,discharge/débit,65.1,E
01ED003,1963-12-24,discharge/débit,73.6,E
01ED003,1963-12-25,discharge/débit,68.0,E
01ED003,1963-12-26,discharge/débit,76.5,E
01ED003,1963-12-27,discharge/débit,83.0,A
01ED003,1963-12-28,discharge/débit,76.2,
01ED003,1963-12-29,discharge/débit,34.8,A
01ED003,1963-12-30,discharge/débit,65.4,
01ED003,1963-12-31,discharge/débit,76.5,
01ED003,1964-01-01,discharge/débit,68.8,
01ED003,1964-01-02,discharge/débit,86.4,
01ED003,1964-01-03,discharge/débit,70.5,
01ED003,1964-01-04,discharge/débit,75.3,
01ED003,1964-01-05,discharge/débit,43.0,
01ED003,1964-01-06,discharge/débit,70.5,
01ED003,1964-01-07,discharge/débit,79.9,
01ED003,1964-01-08,discharge/débit,78.2,
01ED003,1964-01-09,discharge/débit,74.2,
01ED003,1964-01-10,discharge/débit,82.1,
01ED003,1964-01-11,discharge/débit,75.9,
01ED003,1964-01-12,discharge/débit,62.0,
01ED003,1964-01-13,discharge/débit,97.1,
01ED003,1964-01-14,discharge/débit,79.3,
01ED003,1964-01-15,discharge/débit,85.0,
01ED003,1964-01-16,discharge/débit,84.1,
01ED003,1964-01-17,discharge/débit,79.3,
01ED003,1964-01-18,discharge/débit,78.2,
01ED003,1964-01-19,discharge/débit,27.4,
01ED003,1964-01-20,discharge/débit,63.7,
01ED003,1964-01-21,discharge/débit,76.5,
01ED003,1964-01-22,discharge/débit,75.3,
01ED003,1964-01-23,discharge/débit,76.5,
01ED003,1964-01-24,discharge/débit,77.0,
01ED003,1964-01-25,discharge/débit,78.7,
01ED003,1964-01-26,discharge/débit,61.2,
01ED003,1964-01-27,discharge/débit,80.1,
01ED003,1964-01-28,discharge/débit,92.3,
01ED003,1964-01-29,discharge/débit,79.6,
01ED003,1964-01-30,discharge/débit,76.2,
01ED003,1964-01-31,discharge/débit,76.2,
01ED003,1964-02-01,discharge/débit,77.9,
01ED003,1964-02-02,discharge/débit,45.9,
01ED003,1964-02-03,discharge/débit,62.9,
01ED003,1964-02-04,discharge/débit,82.1,
01ED003,1964-02-05,discharge/débit,77.6,
01ED003,1964-02-06,discharge/débit,76.2,
01ED003,1964-02-07,discharge/débit,75.3,
01ED003,1964-02-08,discharge/débit,79.6,
01ED003,1964-02-09,discharge/débit,45.0,
01ED003,1964-02-10,discharge/débit,59.2,
01ED003,1964-02-11,discharge/débit,68.2,
01ED003,1964-02-12,discharge/débit,78.7,
01ED003,1964-02-13,discharge/débit,78.2,
01ED003,1964-02-14,discharge/débit,76.2,
01ED003,1964-02-15,discharge/débit,72.5,
01ED003,1964-02-16,discharge/débit,40.5,
01ED003,1964-02-17,discharge/débit,62.0,
01ED003,1964-02-18,discharge/débit,84.7,
01ED003,1964-02-19,discharge/débit,79.3,
01ED003,1964-02-20,discharge/débit,79.6,
01ED003,1964-02-21,discharge/débit,71.9,
01ED003,1964-02-22,discharge/débit,71.9,
01ED003,1964-02-23,discharge/débit,31.1,
01ED003,1964-02-24,discharge/débit,64.3,
01ED003,1964-02-25,discharge/débit,76.5,
01ED003,1964-02-26,discharge/débit,77.6,
01ED003,1964-02-27,discharge/débit,69.9,
01ED003,1964-02-28,discharge/débit,65.7,A
01ED003,1964-02-29,discharge/débit,69.7,E
01ED003,1964-03-01,discharge/débit,21.2,
01ED003,1964-03-02,discharge/débit,60.3,
01ED003,1964-03-03,discharge/débit,69.7,
01ED003,1964-03-04,discharge/débit,71.9,
01ED003,1964-03-05,discharge/débit,72.8,
01ED003,1964-03-06,discharge/débit,71.4,
01ED003,1964-03-07,discharge/débit,78.7,
01ED003,1964-03-08,discharge/débit,43.3,
01ED003,1964-03-09,discharge/débit,63.7,
01ED003,1964-03-10,discharge/débit,81.3,
01ED003,1964-03-11,discharge/débit,75.3,
01ED003,1964-03-12,discharge/débit,71.6,
01ED003,1964-03-13,discharge/débit,72.8,
01ED003,1964-03-14,discharge/débit,68.8,
01ED003,1964-03-15,discharge/débit,39.1,
01ED003,1964-03-16,discharge/débit,60.6,
01ED003,1964-03-17,discharge/débit,75.3,
01ED003,1964-03-18,discharge/débit,75.3,
01ED003,1964-03-19,discharge/débit,72.5,
01ED003,1964-03-20,discharge/débit,68.0,
01ED003,1964-03-21,discharge/débit,68.5,
01ED003,1964-03-22,discharge/débit,32.8,
01ED003,1964-03-23,discharge/débit,66.0,
01ED003,1964-03-24,discharge/débit,70.8,
01ED003,1964-03-25,discharge/débit,68.8,
01ED003,1964-03-26,discharge/débit,71.9,
01ED003,1964-03-27,discharge/débit,68.8,
01ED003,1964-03-28,discharge/débit,73.3,
01ED003,1964-03-29,discharge/débit,37.9,
01ED003,1964-03-30,discharge/débit,64.3,
01ED003,1964-03-31,discharge/débit,68.0,
01ED003,1964-04-01,discharge/débit,64.3,
01ED003,1964-04-02,discharge/débit,63.4,
01ED003,1964-04-03,discharge/débit,64.8,
01ED003,1964-04-04,discharge/débit,67.7,
01ED003,1964-04-05,discharge/débit,36.0,
01ED003,1964-04-06,discharge/débit,59.2,
01ED003,1964-04-07,discharge/débit,69.9,
01ED003,1964-04-08,discharge/débit,80.4,
01ED003,1964-04-09,discharge/débit,96.3,
01ED003,1964-04-10,discharge/débit,82.7,
01ED003,1964-04-11,discharge/débit,73.3,
01ED003,1964-04-12,discharge/débit,41.9,
01ED003,1964-04-13,discharge/débit,59.5,
01ED003,1964-04-14,discharge/débit,70.5,
01ED003,1964-04-15,discharge/débit,76.5,
01ED003,1964-04-16,discharge/débit,88.1,
01ED003,1964-04-17,discharge/débit,83.8,
01ED003,1964-04-18,discharge/débit,79.6,
01ED003,1964-04-19,discharge/débit,45.6,
01ED003,1964-04-20,discharge/débit,55.8,
01ED003,1964-04-21,discharge/débit,68.0,
01ED003,1964-04-22,discharge/débit,67.4,
01ED003,1964-04-23,discharge/débit,68.5,
01ED003,1964-04-24,discharge/débit,62.0,
01ED003,1964-04-25,discharge/débit,68.5,
01ED003,1964-04-26,discharge/débit,37.1,
01ED003,1964-04-27,discharge/débit,57.2,
01ED003,1964-04-28,discharge/débit,69.4,
01ED003,1964-04-29,discharge/débit,64.0,
01ED003,1964-04-30,discharge/débit,63.1,
01ED003,1964-05-01,discharge/débit,63.4,
01ED003,1964-05-02,discharge/débit,69.9,
01ED003,1964-05-03,discharge/débit,33.4,
01ED003,1964-05-04,discharge/débit,49.8,
01ED003,1964-05-05,discharge/débit,65.7,
01ED003,1964-05-06,discharge/débit,57.5,
01ED003,1964-05-07,discharge/débit,65.7,
01ED003,1964-05-08,discharge/débit,62.3,
01ED003,1964-05-09,discharge/débit,68.8,
01ED003,1964-05-10,discharge/débit,30.9,
01ED003,1964-05-11,discharge/débit,56.9,
01ED003,1964-05-12,discharge/débit,65.4,
01ED003,1964-05-13,discharge/débit,62.0,
01ED003,1964-05-14,discharge/débit,67.4,
01ED003,1964-05-15,discharge/débit,63.1,
01ED003,1964-05-16,discharge/débit,61.7,
01ED003,1964-05-17,discharge/débit,31.7,
01ED003,1964-05-18,discharge/débit,51.8,
01ED003,1964-05-19,discharge/débit,60.0,
01ED003,1964-05-20,discharge/débit,68.5,
01ED003,1964-05-21,discharge/débit,64.6,
01ED003,1964-05-22,discharge/débit,62.0,
01ED003,1964-05-23,discharge/débit,62.9,
01ED003,1964-05-24,discharge/débit,27.2,
01ED003,1964-05-25,discharge/débit,51.5,
01ED003,1964-05-26,discharge/débit,62.0,
01ED003,1964-05-27,discharge/débit,60.9,
01ED003,1964-05-28,discharge/débit,60.0,
01ED003,1964-05-29,discharge/débit,58.6,
01ED003,1964-05-30,discharge/débit,56.6,
01ED003,1964-05-31,discharge/débit,29.2,
01ED003,1964-06-01,discharge/débit,58.9,
01ED003,1964-06-02,discharge/débit,69.9,
01ED003,1964-06-03,discharge/débit,59.2,
01ED003,1964-06-04,discharge/débit,58.6,
01ED003,1964-06-05,discharge/débit,59.5,
01ED003,1964-06-06,discharge/débit,61.7,
01ED003,1964-06-07,discharge/débit,33.7,
01ED003,1964-06-08,discharge/débit,53.5,
01ED003,1964-06-09,discharge/débit,63.1,
01ED003,1964-06-10,discharge/débit,62.9,
01ED003,1964-06-11,discharge/débit,60.6,
01ED003,1964-06-12,discharge/débit,60.9,
01ED003,1964-06-13,discharge/débit,56.1,
01ED003,1964-06-14,discharge/débit,33.1,
01ED003,1964-06-15,discharge/débit,51.3,
01ED003,1964-06-16,discharge/débit,60.9,
01ED003,1964-06-17,discharge/débit,55.5,
01ED003,1964-06-18,discharge/débit,54.7,
01ED003,1964-06-19,discharge/débit,57.5,
01ED003,1964-06-20,discharge/débit,53.2,
01ED003,1964-06-21,discharge/débit,21.3,
01ED003,1964-06-22,discharge/débit,43.3,
01ED003,1964-06-23,discharge/débit,54.7,
01ED003,1964-06-24,discharge/débit,50.7,
01ED003,1964-06-25,discharge/débit,52.7,
01ED003,1964-06-26,discharge/débit,50.4,
01ED003,1964-06-27,discharge/débit,48.1,
01ED003,1964-06-28,discharge/débit,24.6,
01ED003,1964-06-29,discharge/débit,40.5,
01ED003,1964-06-30,discharge/débit,47.9,
01ED003,1964-07-01,discharge/débit,9.37,
01ED003,1964-07-02,discharge/débit,37.1,
01ED003,1964-07-03,discharge/débit,56.9,
01ED003,1964-07-04,discharge/débit,53.0,
01ED003,1964-07-05,discharge/débit,19.7,
01ED003,1964-07-06,discharge/débit,41.6,
01ED003,1964-07-07,discharge/débit,51.0,
01ED003,1964-07-08,discharge/débit,45.6,
01ED003,1964-07-09,discharge/débit,48.4,
01ED003,1964-07-10,discharge/débit,47.9,
01ED003,1964-07-11,discharge/débit,45.3,
01ED003,1964-07-12,discharge/débit,21.2,
01ED003,1964-07-13,discharge/débit,40.2,
01ED003,1964-07-14,discharge/débit,50.7,
01ED003,1964-07-15,discharge/débit,47.9,
01ED003,1964-07-16,discharge/débit,50.1,
01ED003,1964-07-17,discharge/débit,53.8,
01ED003,1964-07-18,discharge/débit,47.6,
01ED003,1964-07-19,discharge/débit,21.1,
01ED003,1964-07-20,discharge/débit,36.5,
01ED003,1964-07-21,discharge/débit,45.6,
01ED003,1964-07-22,discharge/débit,48.1,
01ED003,1964-07-23,discharge/débit,44.2,
01ED003,1964-07-24,discharge/débit,48.4,
01ED003,1964-07-25,discharge/débit,33.7,
01ED003,1964-07-26,discharge/débit,19.3,
01ED003,1964-07-27,discharge/débit,31.4,
01ED003,1964-07-28,discharge/débit,49.3,
01ED003,1964-07-29,discharge/débit,49.3,
01ED003,1964-07-30,discharge/débit,46.4,
01ED003,1964-07-31,discharge/débit,41.6,
01ED003,1964-08-01,discharge/débit,50.1,
01ED003,1964-08-02,discharge/débit,21.2,
01ED003,1964-08-03,discharge/débit,57.5,
01ED003,1964-08-04,discharge/débit,66.8,
01ED003,1964-08-05,discharge/débit,59.2,
01ED003,1964-08-06,discharge/débit,56.6,
01ED003,1964-08-07,discharge/débit,62.3,
01ED003,1964-08-08,discharge/débit,64.3,
01ED003,1964-08-09,discharge/débit,37.7,
01ED003,1964-08-10,discharge/débit,47.6,
01ED003,1964-08-11,discharge/débit,64.6,
01ED003,1964-08-12,discharge/débit,60.9,
01ED003,1964-08-13,discharge/débit,62.9,
01ED003,1964-08-14,discharge/débit,56.1,
01ED003,1964-08-15,discharge/débit,58.0,
01ED003,1964-08-16,discharge/débit,33.7,
01ED003,1964-08-17,discharge/débit,47.9,
01ED003,1964-08-18,discharge/débit,56.6,
01ED003,1964-08-19,discharge/débit,60.0,
01ED003,1964-08-20,discharge/débit,56.6,
01ED003,1964-08-21,discharge/débit,54.9,
01ED003,1964-08-22,discharge/débit,56.6,
01ED003,1964-08-23,discharge/débit,32.6,
01ED003,1964-08-24,discharge/débit,54.4,
01ED003,1964-08-25,discharge/débit,63.1,
01ED003,1964-08-26,discharge/débit,61.7,
01ED003,1964-08-27,discharge/débit,57.8,
01ED003,1964-08-28,discharge/débit,56.9,
01ED003,1964-08-29,discharge/débit,59.2,
01ED003,1964-08-30,discharge/débit,29.4,
01ED003,1964-08-31,discharge/débit,58.6,
01ED003,1964-09-01,discharge/débit,60.6,
01ED003,1964-09-02,discharge/débit,59.2,
01ED003,1964-09-03,discharge/débit,58.3,
01ED003,1964-09-04,discharge/débit,67.7,
01ED003,1964-09-05,discharge/débit,63.4,
01ED003,1964-09-06,discharge/débit,26.2,
01ED003,1964-09-07,discharge/débit,14.9,
01ED003,1964-09-08,discharge/débit,50.1,
01ED003,1964-09-09,discharge/débit,60.0,
01ED003,1964-09-10,discharge/débit,56.9,
01ED003,1964-09-11,discharge/débit,58.3,
01ED003,1964-09-12,discharge/débit,62.3,
01ED003,1964-09-13,discharge/débit,56.1,
01ED003,1964-09-14,discharge/débit,62.3,
01ED003,1964-09-15,discharge/débit,66.0,
01ED003,1964-09-16,discharge/débit,64.0,
01ED003,1964-09-17,discharge/débit,61.2,
01ED003,1964-09-18,discharge/débit,61.7,
01ED003,1964-09-19,discharge/débit,66.0,
01ED003,1964-09-20,discharge/débit,36.5,
01ED003,1964-09-21,discharge/débit,44.7,
01ED003,1964-09-22,discharge/débit,55.8,
01ED003,1964-09-23,discharge/débit,59.7,
01ED003,1964-09-24,discharge/débit,62.9,
01ED003,1964-09-25,discharge/débit,58.3,
01ED003,1964-09-26,discharge/débit,58.3,
01ED003,1964-09-27,discharge/débit,59.2,
01ED003,1964-09-28,discharge/débit,60.6,
01ED003,1964-09-29,discharge/débit,59.5,
01ED003,1964-09-30,discharge/débit,62.9,
01ED003,1964-10-01,discharge/débit,65.4,
01ED003,1964-10-02,discharge/débit,63.4,
01ED003,1964-10-03,discharge/débit,66.8,
01ED003,1964-10-04,discharge/débit,34.3,
01ED003,1964-10-05,discharge/débit,53.5,
01ED003,1964-10-06,discharge/débit,63.7,
01ED003,1964-10-07,discharge/débit,66.3,
01ED003,1964-10-08,discharge/débit,66.5,
01ED003,1964-10-09,discharge/débit,66.0,
01ED003,1964-10-10,discharge/débit,62.3,
01ED003,1964-10-11,discharge/débit,65.4,
01ED003,1964-10-12,discharge/débit,59.2,
01ED003,1964-10-13,discharge/débit,72.8,
01ED003,1964-10-14,discharge/débit,66.0,
01ED003,1964-10-15,discharge/débit,60.0,
01ED003,1964-10-16,discharge/débit,65.4,
01ED003,1964-10-17,discharge/débit,66.5,
01ED003,1964-10-18,discharge/débit,28.6,
01ED003,1964-10-19,discharge/débit,79.3,
01ED003,1964-10-20,discharge/débit,73.3,
01ED003,1964-10-21,discharge/débit,78.2,
01ED003,1964-10-22,discharge/débit,63.4,
01ED003,1964-10-23,discharge/débit,77.0,
01ED003,1964-10-24,discharge/débit,75.9,
01ED003,1964-10-25,discharge/débit,69.7,
01ED003,1964-10-26,discharge/débit,69.9,
01ED003,1964-10-27,discharge/débit,71.1,
01ED003,1964-10-28,discharge/débit,58.9,
01ED003,1964-10-29,discharge/débit,61.7,
01ED003,1964-10-30,discharge/débit,63.7,
01ED003,1964-10-31,discharge/débit,60.6,
01ED003,1964-11-01,discharge/débit,32.3,
01ED003,1964-11-02,discharge/débit,65.4,
01ED003,1964-11-03,discharge/débit,67.7,
01ED003,1964-11-04,discharge/débit,64.8,
01ED003,1964-11-05,discharge/débit,59.2,
01ED003,1964-11-06,discharge/débit,65.1,
01ED003,1964-11-07,discharge/débit,58.0,
01ED003,1964-11-08,discharge/débit,58.9,
01ED003,1964-11-09,discharge/débit,56.6,
01ED003,1964-11-10,discharge/débit,59.7,
01ED003,1964-11-11,discharge/débit,52.7,
01ED003,1964-11-12,discharge/débit,62.3,
01ED003,1964-11-13,discharge/débit,60.9,
01ED003,1964-11-14,discharge/débit,50.1,
01ED003,1964-11-15,discharge/débit,26.8,
01ED003,1964-11-16,discharge/débit,47.0,
01ED003,1964-11-17,discharge/débit,64.8,
01ED003,1964-11-18,discharge/débit,58.3,
01ED003,1964-11-19,discharge/débit,61.2,
01ED003,1964-11-20,discharge/débit,60.6,
01ED003,1964-11-21,discharge/débit,58.3,
01ED003,1964-11-22,discharge/débit,54.9,
01ED003,1964-11-23,discharge/débit,55.8,
01ED003,1964-11-24,discharge/débit,57.8,
01ED003,1964-11-25,discharge/débit,51.3,
01ED003,1964-11-26,discharge/débit,56.4,
01ED003,1964-11-27,discharge/débit,55.8,
01ED003,1964-11-28,discharge/débit,52.1,
01ED003,1964-11-29,discharge/débit,24.9,
01ED003,1964-11-30,discharge/débit,49.6,
01ED003,1964-12-01,discharge/débit,88.1,
01ED003,1964-12-02,discharge/débit,85.2,A
01ED003,1964-12-03,discharge/débit,77.3,A
01ED003,1964-12-04,discharge/débit,69.9,
01ED003,1964-12-05,discharge/débit,69.1,
01ED003,1964-12-06,discharge/débit,61.4,
01ED003,1964-12-07,discharge/débit,59.7,
01ED003,1964-12-08,discharge/débit,59.7,
01ED003,1964-12-09,discharge/débit,60.6,
01ED003,1964-12-10,discharge/débit,51.3,
01ED003,1964-12-11,discharge/débit,54.7,
01ED003,1964-12-12,discharge/débit,60.0,
01ED003,1964-12-13,discharge/débit,19.2,
01ED003,1964-12-14,discharge/débit,52.4,
01ED003,1964-12-15,discharge/débit,54.4,
01ED003,1964-12-16,discharge/débit,61.4,
01ED003,1964-12-17,discharge/débit,64.6,
01ED003,1964-12-18,discharge/débit,65.4,
01ED003,1964-12-19,discharge/débit,71.1,
01ED003,1964-12-20,discharge/débit,63.4,
01ED003,1964-12-21,discharge/débit,63.7,
01ED003,1964-12-22,discharge/débit,66.3,
01ED003,1964-12-23,discharge/débit,62.9,
01ED003,1964-12-24,discharge/débit,58.0,
01ED003,1964-12-25,discharge/débit,20.4,
01ED003,1964-12-26,discharge/débit,61.7,
01ED003,1964-12-27,discharge/débit,53.8,
01ED003,1964-12-28,discharge/débit,76.5,
01ED003,1964-12-29,discharge/débit,82.4,
01ED003,1964-12-30,discharge/débit,74.2,
01ED003,1964-12-31,discharge/débit,60.9,
01ED003,1965-01-01,discharge/débit,39.4,
01ED003,1965-01-02,discharge/débit,71.4,
01ED003,1965-01-03,discharge/débit,63.7,
01ED003,1965-01-04,discharge/débit,67.4,
01ED003,1965-01-05,discharge/débit,84.1,
01ED003,1965-01-06,discharge/débit,67.4,
01ED003,1965-01-07,discharge/débit,67.7,
01ED003,1965-01-08,discharge/débit,64.0,
01ED003,1965-01-09,discharge/débit,67.4,
01ED003,1965-01-10,discharge/débit,31.1,
01ED003,1965-01-11,discharge/débit,57.8,
01ED003,1965-01-12,discharge/débit,62.3,
01ED003,1965-01-13,discharge/débit,64.6,
01ED003,1965-01-14,discharge/débit,65.1,
01ED003,1965-01-15,discharge/débit,79.0,
01ED003,1965-01-16,discharge/débit,90.3,
01ED003,1965-01-17,discharge/débit,57.5,
01ED003,1965-01-18,discharge/débit,57.8,
01ED003,1965-01-19,discharge/débit,62.0,
01ED003,1965-01-20,discharge/débit,68.0,
01ED003,1965-01-21,discharge/débit,64.8,
01ED003,1965-01-22,discharge/débit,63.1,
01ED003,1965-01-23,discharge/débit,77.9,
01ED003,1965-01-24,discharge/débit,41.6,
01ED003,1965-01-25,discharge/débit,66.0,
01ED003,1965-01-26,discharge/débit,64.6,
01ED003,1965-01-27,discharge/débit,69.1,
01ED003,1965-01-28,discharge/débit,61.4,
01ED003,1965-01-29,discharge/débit,64.8,
01ED003,1965-01-30,discharge/débit,64.6,
01ED003,1965-01-31,discharge/débit,32.3,
01ED003,1965-02-01,discharge/débit,53.0,
01ED003,1965-02-02,discharge/débit,66.8,
01ED003,1965-02-03,discharge/débit,59.7,
01ED003,1965-02-04,discharge/débit,63.7,
01ED003,1965-02-05,discharge/débit,65.1,
01ED003,1965-02-06,discharge/débit,61.4,
01ED003,1965-02-07,discharge/débit,31.7,
01ED003,1965-02-08,discharge/débit,61.4,
01ED003,1965-02-09,discharge/débit,59.5,
01ED003,1965-02-10,discharge/débit,64.0,
01ED003,1965-02-11,discharge/débit,66.5,
01ED003,1965-02-12,discharge/débit,66.8,
01ED003,1965-02-13,discharge/débit,66.3,
01ED003,1965-02-14,discharge/débit,33.4,
01ED003,1965-02-15,discharge/débit,51.8,
01ED003,1965-02-16,discharge/débit,59.7,
01ED003,1965-02-17,discharge/débit,63.4,
01ED003,1965-02-18,discharge/débit,65.4,
01ED003,1965-02-19,discharge/débit,62.3,
01ED003,1965-02-20,discharge/débit,62.9,
01ED003,1965-02-21,discharge/débit,33.4,
01ED003,1965-02-22,discharge/débit,51.3,
01ED003,1965-02-23,discharge/débit,66.5,
01ED003,1965-02-24,discharge/débit,68.0,
01ED003,1965-02-25,discharge/débit,68.5,
01ED003,1965-02-26,discharge/débit,86.1,
01ED003,1965-02-27,discharge/débit,85.8,
01ED003,1965-02-28,discharge/débit,31.4,
01ED003,1965-03-01,discharge/débit,57.5,
01ED003,1965-03-02,discharge/débit,66.8,
01ED003,1965-03-03,discharge/débit,62.9,
01ED003,1965-03-04,discharge/débit,65.4,
01ED003,1965-03-05,discharge/débit,64.8,
01ED003,1965-03-06,discharge/débit,69.9,
01ED003,1965-03-07,discharge/débit,34.0,
01ED003,1965-03-08,discharge/débit,58.9,
01ED003,1965-03-09,discharge/débit,66.8,
01ED003,1965-03-10,discharge/débit,62.3,
01ED003,1965-03-11,discharge/débit,68.0,
01ED003,1965-03-12,discharge/débit,67.7,
01ED003,1965-03-13,discharge/débit,65.4,
01ED003,1965-03-14,discharge/débit,36.8,
01ED003,1965-03-15,discharge/débit,55.5,
01ED003,1965-03-16,discharge/débit,66.8,
01ED003,1965-03-17,discharge/débit,64.8,
01ED003,1965-03-18,discharge/débit,62.3,
01ED003,1965-03-19,discharge/débit,62.0,
01ED003,1965-03-20,discharge/débit,63.4,
01ED003,1965-03-21,discharge/débit,31.1,
01ED003,1965-03-22,discharge/débit,51.0,
01ED003,1965-03-23,discharge/débit,61.2,
01ED003,1965-03-24,discharge/débit,60.6,
01ED003,1965-03-25,discharge/débit,63.7,
01ED003,1965-03-26,discharge/débit,63.4,
01ED003,1965-03-27,discharge/débit,67.4,
01ED003,1965-03-28,discharge/débit,30.0,
01ED003,1965-03-29,discharge/débit,56.1,
01ED003,1965-03-30,discharge/débit,32.8,
01ED003,1965-03-31,discharge/débit,63.1,
01ED003,1965-04-01,discharge/débit,63.7,
01ED003,1965-04-02,discharge/débit,61.7,
01ED003,1965-04-03,discharge/débit,58.0,
01ED003,1965-04-04,discharge/débit,28.0,
01ED003,1965-04-05,discharge/débit,55.5,
01ED003,1965-04-06,discharge/débit,62.0,
01ED003,1965-04-07,discharge/débit,61.2,
01ED003,1965-04-08,discharge/débit,62.3,
01ED003,1965-04-09,discharge/débit,61.7,
01ED003,1965-04-10,discharge/débit,46.2,
01ED003,1965-04-11,discharge/débit,24.9,
01ED003,1965-04-12,discharge/débit,41.6,
01ED003,1965-04-13,discharge/débit,56.6,
01ED003,1965-04-14,discharge/débit,44.5,
01ED003,1965-04-15,discharge/débit,52.1,
01ED003,1965-04-16,discharge/débit,54.4,
01ED003,1965-04-17,discharge/débit,62.0,
01ED003,1965-04-18,discharge/débit,46.2,
01ED003,1965-04-19,discharge/débit,47.6,
01ED003,1965-04-20,discharge/débit,58.0,
01ED003,1965-04-21,discharge/débit,56.4,
01ED003,1965-04-22,discharge/débit,56.4,
01ED003,1965-04-23,discharge/débit,51.3,
01ED003,1965-04-24,discharge/débit,56.6,
01ED003,1965-04-25,discharge/débit,21.2,
01ED003,1965-04-26,discharge/débit,44.5,
01ED003,1965-04-27,discharge/débit,55.8,
01ED003,1965-04-28,discharge/débit,61.4,
01ED003,1965-04-29,discharge/débit,57.5,
01ED003,1965-04-30,discharge/débit,56.4,
01ED003,1965-05-01,discharge/débit,50.1,
01ED003,1965-05-02,discharge/débit,21.2,
01ED003,1965-05-03,discharge/débit,44.5,
01ED003,1965-05-04,discharge/débit,53.8,
01ED003,1965-05-05,discharge/débit,57.8,
01ED003,1965-05-06,discharge/débit,53.0,
01ED003,1965-05-07,discharge/débit,58.0,
01ED003,1965-05-08,discharge/débit,58.0,
01ED003,1965-05-09,discharge/débit,19.7,
01ED003,1965-05-10,discharge/débit,46.4,
01ED003,1965-05-11,discharge/débit,59.5,
01ED003,1965-05-12,discharge/débit,56.6,
01ED003,1965-05-13,discharge/débit,53.8,
01ED003,1965-05-14,discharge/débit,49.3,
01ED003,1965-05-15,discharge/débit,61.7,
01ED003,1965-05-16,discharge/débit,13.2,
01ED003,1965-05-17,discharge/débit,49.0,
01ED003,1965-05-18,discharge/débit,47.0,
01ED003,1965-05-19,discharge/débit,49.3,
01ED003,1965-05-20,discharge/débit,56.1,
01ED003,1965-05-21,discharge/débit,54.4,
01ED003,1965-05-22,discharge/débit,45.3,
01ED003,1965-05-23,discharge/débit,15.9,
01ED003,1965-05-24,discharge/débit,36.8,
01ED003,1965-05-25,discharge/débit,52.7,
01ED003,1965-05-26,discharge/débit,54.4,
01ED003,1965-05-27,discharge/débit,59.5,
01ED003,1965-05-28,discharge/débit,45.3,
01ED003,1965-05-29,discharge/débit,52.4,
01ED003,1965-05-30,discharge/débit,14.7,
01ED003,1965-05-31,discharge/débit,51.0,
01ED003,1965-06-01,discharge/débit,48.7,
01ED003,1965-06-02,discharge/débit,60.0,
01ED003,1965-06-03,discharge/débit,54.7,
01ED003,1965-06-04,discharge/débit,53.0,
01ED003,1965-06-05,discharge/débit,53.8,
01ED003,1965-06-06,discharge/débit,19.7,
01ED003,1965-06-07,discharge/débit,51.0,
01ED003,1965-06-08,discharge/débit,53.8,
01ED003,1965-06-09,discharge/débit,50.7,
01ED003,1965-06-10,discharge/débit,53.2,
01ED003,1965-06-11,discharge/débit,47.6,
01ED003,1965-06-12,discharge/débit,50.4,
01ED003,1965-06-13,discharge/débit,13.9,
01ED003,1965-06-14,discharge/débit,43.6,
01ED003,1965-06-15,discharge/débit,46.4,
01ED003,1965-06-16,discharge/débit,53.5,
01ED003,1965-06-17,discharge/débit,46.7,
01ED003,1965-06-18,discharge/débit,49.3,
01ED003,1965-06-19,discharge/débit,50.1,
01ED003,1965-06-20,discharge/débit,25.5,
01ED003,1965-06-21,discharge/débit,43.9,
01ED003,1965-06-22,discharge/débit,50.4,
01ED003,1965-06-23,discharge/débit,53.0,
01ED003,1965-06-24,discharge/débit,53.5,
01ED003,1965-06-25,discharge/débit,56.6,
01ED003,1965-06-26,discharge/débit,51.8,
01ED003,1965-06-27,discharge/débit,22.8,
01ED003,1965-06-28,discharge/débit,43.6,
01ED003,1965-06-29,discharge/débit,54.4,
01ED003,1965-06-30,discharge/débit,56.6,
01ED003,1965-07-01,discharge/débit,9.91,
01ED003,1965-07-02,discharge/débit,39.6,
01ED003,1965-07-03,discharge/débit,53.2,
01ED003,1965-07-04,discharge/débit,18.3,
01ED003,1965-07-05,discharge/débit,40.2,
01ED003,1965-07-06,discharge/débit,53.5,
01ED003,1965-07-07,discharge/débit,54.9,
01ED003,1965-07-08,discharge/débit,48.1,
01ED003,1965-07-09,discharge/débit,47.6,
01ED003,1965-07-10,discharge/débit,47.0,
01ED003,1965-07-11,discharge/débit,17.6,
01ED003,1965-07-12,discharge/débit,45.0,
01ED003,1965-07-13,discharge/débit,45.0,
01ED003,1965-07-14,discharge/débit,44.2,
01ED003,1965-07-15,discharge/débit,51.0,
01ED003,1965-07-16,discharge/débit,47.9,
01ED003,1965-07-17,discharge/débit,48.7,
01ED003,1965-07-18,discharge/débit,15.7,
01ED003,1965-07-19,discharge/débit,39.1,
01ED003,1965-07-20,discharge/débit,45.6,
01ED003,1965-07-21,discharge/débit,41.6,
01ED003,1965-07-22,discharge/débit,42.8,
01ED003,1965-07-23,discharge/débit,46.2,
01ED003,1965-07-24,discharge/débit,38.2,
01ED003,1965-07-25,discharge/débit,15.7,
01ED003,1965-07-26,discharge/débit,30.6,
01ED003,1965-07-27,discharge/débit,45.6,
01ED003,1965-07-28,discharge/débit,45.6,
01ED003,1965-07-29,discharge/débit,53.2,
01ED003,1965-07-30,discharge/débit,41.3,
01ED003,1965-07-31,discharge/débit,42.8,
01ED003,1965-08-01,discharge/débit,23.8,
01ED003,1965-08-02,discharge/débit,31.7,
01ED003,1965-08-03,discharge/débit,50.7,
01ED003,1965-08-04,discharge/débit,46.7,
01ED003,1965-08-05,discharge/débit,48.1,
01ED003,1965-08-06,discharge/débit,46.4,
01ED003,1965-08-07,discharge/débit,44.2,
01ED003,1965-08-08,discharge/débit,22.5,
01ED003,1965-08-09,discharge/débit,45.3,
01ED003,1965-08-10,discharge/débit,53.8,
01ED003,1965-08-11,discharge/débit,53.0,
01ED003,1965-08-12,discharge/débit,49.6,
01ED003,1965-08-13,discharge/débit,50.4,
01ED003,1965-08-14,discharge/débit,49.3,
01ED003,1965-08-15,discharge/débit,28.6,
01ED003,1965-08-16,discharge/débit,30.6,
01ED003,1965-08-17,discharge/débit,41.9,
01ED003,1965-08-18,discharge/débit,41.6,
01ED003,1965-08-19,discharge/débit,40.2,
01ED003,1965-08-20,discharge/débit,36.5,
01ED003,1965-08-21,discharge/débit,18.5,
01ED003,1965-08-22,discharge/débit,15.7,
01ED003,1965-08-23,discharge/débit,31.4,
01ED003,1965-08-24,discharge/débit,29.2,
01ED003,1965-08-25,discharge/débit,28.6,
01ED003,1965-08-26,discharge/débit,27.4,
01ED003,1965-08-27,discharge/débit,24.4,
01ED003,1965-08-28,discharge/débit,16.9,
01ED003,1965-08-29,discharge/débit,12.5,
01ED003,1965-08-30,discharge/débit,28.3,
01ED003,1965-08-31,discharge/débit,31.4,
01ED003,1965-09-01,discharge/débit,36.5,
01ED003,1965-09-02,discharge/débit,18.8,
01ED003,1965-09-03,discharge/débit,16.7,
01ED003,1965-09-04,discharge/débit,22.5,
01ED003,1965-09-05,discharge/débit,5.1,
01ED003,1965-09-06,discharge/débit,7.5,
01ED003,1965-09-07,discharge/débit,18.5,
01ED003,1965-09-08,discharge/débit,28.9,
01ED003,1965-09-09,discharge/débit,17.0,
01ED003,1965-09-10,discharge/débit,24.1,
01ED003,1965-09-11,discharge/débit,20.4,
01ED003,1965-09-12,discharge/débit,9.68,
01ED003,1965-09-13,discharge/débit,34.3,
01ED003,1965-09-14,discharge/débit,28.6,
01ED003,1965-09-15,discharge/débit,22.5,
01ED003,1965-09-16,discharge/débit,29.4,
01ED003,1965-09-17,discharge/débit,24.1,
01ED003,1965-09-18,discharge/débit,17.9,
01ED003,1965-09-19,discharge/débit,4.25,
01ED003,1965-09-20,discharge/débit,22.5,
01ED003,1965-09-21,discharge/débit,22.8,
01ED003,1965-09-22,discharge/débit,36.2,
01ED003,1965-09-23,discharge/débit,22.5,
01ED003,1965-09-24,discharge/débit,30.3,
01ED003,1965-09-25,discharge/débit,16.3,
01ED003,1965-09-26,discharge/débit,3.74,
01ED003,1965-09-27,discharge/débit,37.9,
01ED003,1965-09-28,discharge/débit,30.9,
01ED003,1965-09-29,discharge/débit,14.9,
01ED003,1965-09-30,discharge/débit,9.34,
01ED003,1965-10-01,discharge/débit,18.3,
01ED003,1965-10-02,discharge/débit,16.5,
01ED003,1965-10-03,discharge/débit,9.0,
01ED003,1965-10-04,discharge/débit,15.6,
01ED003,1965-10-05,discharge/débit,14.6,
01ED003,1965-10-06,discharge/débit,14.0,
01ED003,1965-10-07,discharge/débit,13.0,
01ED003,1965-10-08,discharge/débit,18.3,
01ED003,1965-10-09,discharge/débit,11.6,
01ED003,1965-10-10,discharge/débit,6.34,
01ED003,1965-10-11,discharge/débit,10.0,
01ED003,1965-10-12,discharge/débit,9.46,
01ED003,1965-10-13,discharge/débit,15.7,
01ED003,1965-10-14,discharge/débit,9.8,
01ED003,1965-10-15,discharge/débit,11.6,
01ED003,1965-10-16,discharge/débit,11.7,
01ED003,1965-10-17,discharge/débit,8.35,
01ED003,1965-10-18,discharge/débit,9.0,
01ED003,1965-10-19,discharge/débit,11.8,
01ED003,1965-10-20,discharge/débit,11.9,
01ED003,1965-10-21,discharge/débit,8.89,
01ED003,1965-10-22,discharge/débit,14.4,
01ED003,1965-10-23,discharge/débit,16.3,
01ED003,1965-10-24,discharge/débit,9.12,
01ED003,1965-10-25,discharge/débit,10.7,
01ED003,1965-10-26,discharge/débit,10.4,
01ED003,1965-10-27,discharge/débit,11.4,
01ED003,1965-10-28,discharge/débit,10.4,
01ED003,1965-10-29,discharge/débit,10.8,
01ED003,1965-10-30,discharge/débit,10.7,
01ED003,1965-10-31,discharge/débit,8.78,
01ED003,1965-11-01,discharge/débit,8.47,
01ED003,1965-11-02,discharge/débit,6.17,
01ED003,1965-11-03,discharge/débit,10.2,
01ED003,1965-11-04,discharge/débit,12.5,
01ED003,1965-11-05,discharge/débit,7.11,
01ED003,1965-11-06,discharge/débit,11.0,
01ED003,1965-11-07,discharge/débit,12.2,
01ED003,1965-11-08,discharge/débit,6.43,
01ED003,1965-11-09,discharge/débit,11.7,
01ED003,1965-11-10,discharge/débit,6.8,
01ED003,1965-11-11,discharge/débit,10.4,
01ED003,1965-11-12,discharge/débit,11.4,
01ED003,1965-11-13,discharge/débit,9.12,
01ED003,1965-11-14,discharge/débit,17.2,
01ED003,1965-11-15,discharge/débit,8.01,
01ED003,1965-11-16,discharge/débit,14.2,
01ED003,1965-11-17,discharge/débit,14.7,
01ED003,1965-11-18,discharge/débit,14.7,
01ED003,1965-11-19,discharge/débit,11.2,
01ED003,1965-11-20,discharge/débit,11.4,
01ED003,1965-11-21,discharge/débit,9.46,
01ED003,1965-11-22,discharge/débit,13.5,
01ED003,1965-11-23,discharge/débit,12.2,
01ED003,1965-11-24,discharge/débit,16.4,
01ED003,1965-11-25,discharge/débit,15.3,
01ED003,1965-11-26,discharge/débit,9.12,
01ED003,1965-11-27,discharge/débit,17.0,
01ED003,1965-11-28,discharge/débit,14.9,
01ED003,1965-11-29,discharge/débit,13.9,
01ED003,1965-11-30,discharge/débit,17.8,
01ED003,1965-12-01,discharge/débit,14.6,
01ED003,1965-12-02,discharge/débit,20.4,
01ED003,1965-12-03,discharge/débit,12.6,
01ED003,1965-12-04,discharge/débit,4.05,
01ED003,1965-12-05,discharge/débit,4.79,
01ED003,1965-12-06,discharge/débit,12.8,
01ED003,1965-12-07,discharge/débit,2.61,
01ED003,1965-12-08,discharge/débit,9.83,
01ED003,1965-12-09,discharge/débit,4.84,
01ED003,1965-12-10,discharge/débit,1.61,
01ED003,1965-12-11,discharge/débit,1.22,
01ED003,1965-12-12,discharge/débit,8.83,
01ED003,1965-12-13,discharge/débit,7.22,
01ED003,1965-12-14,discharge/débit,4.67,
01ED003,1965-12-15,discharge/débit,3.28,
01ED003,1965-12-16,discharge/débit,4.42,
01ED003,1965-12-17,discharge/débit,7.48,
01ED003,1965-12-18,discharge/débit,13.3,
01ED003,1965-12-19,discharge/débit,2.06,
01ED003,1965-12-20,discharge/débit,21.6,
01ED003,1965-12-21,discharge/débit,27.3,
01ED003,1965-12-22,discharge/débit,23.1,
01ED003,1965-12-23,discharge/débit,5.18,
01ED003,1965-12-24,discharge/débit,2.58,
01ED003,1965-12-25,discharge/débit,2.18,
01ED003,1965-12-26,discharge/débit,14.1,
01ED003,1965-12-27,discharge/débit,6.91,
01ED003,1965-12-28,discharge/débit,11.0,
01ED003,1965-12-29,discharge/débit,7.73,
01ED003,1965-12-30,discharge/débit,8.13,
01ED003,1965-12-31,discharge/débit,1.85,
01ED003,1966-01-01,discharge/débit,4.28,
01ED003,1966-01-02,discharge/débit,6.65,
01ED003,1966-01-03,discharge/débit,16.5,
01ED003,1966-01-04,discharge/débit,12.9,
01ED003,1966-01-05,discharge/débit,4.16,
01ED003,1966-01-06,discharge/débit,9.34,
01ED003,1966-01-07,discharge/débit,9.83,
01ED003,1966-01-08,discharge/débit,6.46,
01ED003,1966-01-09,discharge/débit,7.67,
01ED003,1966-01-10,discharge/débit,11.9,
01ED003,1966-01-11,discharge/débit,11.0,
01ED003,1966-01-12,discharge/débit,4.67,
01ED003,1966-01-13,discharge/débit,13.5,
01ED003,1966-01-14,discharge/débit,34.5,
01ED003,1966-01-15,discharge/débit,16.1,
01ED003,1966-01-16,discharge/débit,15.2,
01ED003,1966-01-17,discharge/débit,34.3,
01ED003,1966-01-18,discharge/débit,34.8,
01ED003,1966-01-19,discharge/débit,32.8,
01ED003,1966-01-20,discharge/débit,34.5,
01ED003,1966-01-21,discharge/débit,42.5,
01ED003,1966-01-22,discharge/débit,32.3,
01ED003,1966-01-23,discharge/débit,13.9,
01ED003,1966-01-24,discharge/débit,39.1,
01ED003,1966-01-25,discharge/débit,15.0,
01ED003,1966-01-26,discharge/débit,33.7,
01ED003,1966-01-27,discharge/débit,11.5,
01ED003,1966-01-28,discharge/débit,34.0,
01ED003,1966-01-29,discharge/débit,7.82,
01ED003,1966-01-30,discharge/débit,18.2,
01ED003,1966-01-31,discharge/débit,13.2,
01ED003,1966-02-01,discharge/débit,24.8,
01ED003,1966-02-02,discharge/débit,25.6,
01ED003,1966-02-03,discharge/débit,22.8,
01ED003,1966-02-04,discharge/débit,33.7,
01ED003,1966-02-05,discharge/débit,29.2,
01ED003,1966-02-06,discharge/débit,8.78,
01ED003,1966-02-07,discharge/débit,28.0,
01ED003,1966-02-08,discharge/débit,20.7,
01ED003,1966-02-09,discharge/débit,19.6,
01ED003,1966-02-10,discharge/débit,21.4,
01ED003,1966-02-11,discharge/débit,21.8,
01ED003,1966-02-12,discharge/débit,12.8,
01ED003,1966-02-13,discharge/débit,7.62,
01ED003,1966-02-14,discharge/débit,25.8,
01ED003,1966-02-15,discharge/débit,25.2,
01ED003,1966-02-16,discharge/débit,17.4,
01ED003,1966-02-17,discharge/débit,30.6,
01ED003,1966-02-18,discharge/débit,18.9,
01ED003,1966-02-19,discharge/débit,18.8,
01ED003,1966-02-20,discharge/débit,13.1,
01ED003,1966-02-21,discharge/débit,27.6,
01ED003,1966-02-22,discharge/débit,21.7,
01ED003,1966-02-23,discharge/débit,22.5,
01ED003,1966-02-24,discharge/débit,10.2,
01ED003,1966-02-25,discharge/débit,29.4,
01ED003,1966-02-26,discharge/débit,21.8,
01ED003,1966-02-27,discharge/débit,6.37,
01ED003,1966-02-28,discharge/débit,21.7,
01ED003,1966-03-01,discharge/débit,24.0,
01ED003,1966-03-02,discharge/débit,29.2,
01ED003,1966-03-03,discharge/débit,11.5,
01ED003,1966-03-04,discharge/débit,14.3,
01ED003,1966-03-05,discharge/débit,33.7,
01ED003,1966-03-06,discharge/débit,19.1,
01ED003,1966-03-07,discharge/débit,29.7,
01ED003,1966-03-08,discharge/débit,24.0,
01ED003,1966-03-09,discharge/débit,27.3,
01ED003,1966-03-10,discharge/débit,21.4,
01ED003,1966-03-11,discharge/débit,19.0,
01ED003,1966-03-12,discharge/débit,21.8,
01ED003,1966-03-13,discharge/débit,29.2,
01ED003,1966-03-14,discharge/débit,24.7,
01ED003,1966-03-15,discharge/débit,31.7,
01ED003,1966-03-16,discharge/débit,11.0,
01ED003,1966-03-17,discharge/débit,10.2,
01ED003,1966-03-18,discharge/débit,7.31,
01ED003,1966-03-19,discharge/débit,17.0,
01ED003,1966-03-20,discharge/débit,12.4,
01ED003,1966-03-21,discharge/débit,14.5,
01ED003,1966-03-22,discharge/débit,20.8,
01ED003,1966-03-23,discharge/débit,31.7,
01ED003,1966-03-24,discharge/débit,30.9,
01ED003,1966-03-25,discharge/débit,35.7,
01ED003,1966-03-26,discharge/débit,33.1,
01ED003,1966-03-27,discharge/débit,34.0,
01ED003,1966-03-28,discharge/débit,33.4,
01ED003,1966-03-29,discharge/débit,32.6,
01ED003,1966-03-30,discharge/débit,26.6,
01ED003,1966-03-31,discharge/débit,32.0,
01ED003,1966-04-01,discharge/débit,46.4,
01ED003,1966-04-02,discharge/débit,43.3,
01ED003,1966-04-03,discharge/débit,36.0,
01ED003,1966-04-04,discharge/débit,33.1,
01ED003,1966-04-05,discharge/débit,31.4,
01ED003,1966-04-06,discharge/débit,37.1,
01ED003,1966-04-07,discharge/débit,35.4,
01ED003,1966-04-08,discharge/débit,39.9,
01ED003,1966-04-09,discharge/débit,28.1,
01ED003,1966-04-10,discharge/débit,4.81,
01ED003,1966-04-11,discharge/débit,27.1,
01ED003,1966-04-12,discharge/débit,33.4,
01ED003,1966-04-13,discharge/débit,31.4,
01ED003,1966-04-14,discharge/débit,31.4,
01ED003,1966-04-15,discharge/débit,27.4,
01ED003,1966-04-16,discharge/débit,34.5,
01ED003,1966-04-17,discharge/débit,42.5,
01ED003,1966-04-18,discharge/débit,32.6,
01ED003,1966-04-19,discharge/débit,36.2,
01ED003,1966-04-20,discharge/débit,21.2,
01ED003,1966-04-21,discharge/débit,31.7,
01ED003,1966-04-22,discharge/débit,41.6,
01ED003,1966-04-23,discharge/débit,28.3,
01ED003,1966-04-24,discharge/débit,26.9,
01ED003,1966-04-25,discharge/débit,43.9,
01ED003,1966-04-26,discharge/débit,44.7,
01ED003,1966-04-27,discharge/débit,38.5,
01ED003,1966-04-28,discharge/débit,32.6,
01ED003,1966-04-29,discharge/débit,43.9,
01ED003,1966-04-30,discharge/débit,29.7,
01ED003,1966-05-01,discharge/débit,32.8,
01ED003,1966-05-02,discharge/débit,51.0,
01ED003,1966-05-03,discharge/débit,68.0,
01ED003,1966-05-04,discharge/débit,74.2,
01ED003,1966-05-05,discharge/débit,62.9,
01ED003,1966-05-06,discharge/débit,65.4,
01ED003,1966-05-07,discharge/débit,49.6,
01ED003,1966-05-08,discharge/débit,24.3,
01ED003,1966-05-09,discharge/débit,49.3,
01ED003,1966-05-10,discharge/débit,23.6,
01ED003,1966-05-11,discharge/débit,27.4,
01ED003,1966-05-12,discharge/débit,29.4,
01ED003,1966-05-13,discharge/débit,40.2,
01ED003,1966-05-14,discharge/débit,16.8,
01ED003,1966-05-15,discharge/débit,10.5,
01ED003,1966-05-16,discharge/débit,21.5,
01ED003,1966-05-17,discharge/débit,20.4,
01ED003,1966-05-18,discharge/débit,23.4,
01ED003,1966-05-19,discharge/débit,31.7,
01ED003,1966-05-20,discharge/débit,22.5,
01ED003,1966-05-21,discharge/débit,20.3,
01ED003,1966-05-22,discharge/débit,17.5,
01ED003,1966-05-23,discharge/débit,28.3,
01ED003,1966-05-24,discharge/débit,25.1,
01ED003,1966-05-25,discharge/débit,27.0,
01ED003,1966-05-26,discharge/débit,21.5,
01ED003,1966-05-27,discharge/débit,24.5,
01ED003,1966-05-28,discharge/débit,31.4,
01ED003,1966-05-29,discharge/débit,31.7,
01ED003,1966-05-30,discharge/débit,33.7,
01ED003,1966-05-31,discharge/débit,25.5,
01ED003,1966-06-01,discharge/débit,35.1,
01ED003,1966-06-02,discharge/débit,30.0,
01ED003,1966-06-03,discharge/débit,27.0,
01ED003,1966-06-04,discharge/débit,27.8,
01ED003,1966-06-05,discharge/débit,20.6,
01ED003,1966-06-06,discharge/débit,25.9,
01ED003,1966-06-07,discharge/débit,26.4,
01ED003,1966-06-08,discharge/débit,25.5,
01ED003,1966-06-09,discharge/débit,20.5,
01ED003,1966-06-10,discharge/débit,37.7,
01ED003,1966-06-11,discharge/débit,36.2,
01ED003,1966-06-12,discharge/débit,26.8,
01ED003,1966-06-13,discharge/débit,30.3,
01ED003,1966-06-14,discharge/débit,33.4,
01ED003,1966-06-15,discharge/débit,32.3,
01ED003,1966-06-16,discharge/débit,37.4,
01ED003,1966-06-17,discharge/débit,34.0,
01ED003,1966-06-18,discharge/débit,36.8,
01ED003,1966-06-19,discharge/débit,32.8,
01ED003,1966-06-20,discharge/débit,26.8,
01ED003,1966-06-21,discharge/débit,35.7,
01ED003,1966-06-22,discharge/débit,27.7,
01ED003,1966-06-23,discharge/débit,33.7,
01ED003,1966-06-24,discharge/débit,31.1,
01ED003,1966-06-25,discharge/débit,31.1,
01ED003,1966-06-26,discharge/débit,28.9,
01ED003,1966-06-27,discharge/débit,32.0,
01ED003,1966-06-28,discharge/débit,32.3,
01ED003,1966-06-29,discharge/débit,37.7,
01ED003,1966-06-30,discharge/débit,30.0,
01ED003,1966-07-01,discharge/débit,4.98,
01ED003,1966-07-02,discharge/débit,36.5,
01ED003,1966-07-03,discharge/débit,36.8,
01ED003,1966-07-04,discharge/débit,32.3,
01ED003,1966-07-05,discharge/débit,37.7,
01ED003,1966-07-06,discharge/débit,47.9,
01ED003,1966-07-07,discharge/débit,47.6,
01ED003,1966-07-08,discharge/débit,70.8,
01ED003,1966-07-09,discharge/débit,57.8,
01ED003,1966-07-10,discharge/débit,67.1,
01ED003,1966-07-11,discharge/débit,59.2,
01ED003,1966-07-12,discharge/débit,70.2,
01ED003,1966-07-13,discharge/débit,58.3,
01ED003,1966-07-14,discharge/débit,47.0,
01ED003,1966-07-15,discharge/débit,54.7,
01ED003,1966-07-16,discharge/débit,16.8,
01ED003,1966-07-17,discharge/débit,19.1,
01ED003,1966-07-18,discharge/débit,37.9,
01ED003,1966-07-19,discharge/débit,46.7,
01ED003,1966-07-20,discharge/débit,54.4,
01ED003,1966-07-21,discharge/débit,62.0,
01ED003,1966-07-22,discharge/débit,59.2,
01ED003,1966-07-23,discharge/débit,50.7,
01ED003,1966-07-24,discharge/débit,54.9,
01ED003,1966-07-25,discharge/débit,71.4,
01ED003,1966-07-26,discharge/débit,62.9,
01ED003,1966-07-27,discharge/débit,58.0,
01ED003,1966-07-28,discharge/débit,42.8,
01ED003,1966-07-29,discharge/débit,59.2,
01ED003,1966-07-30,discharge/débit,60.0,
01ED003,1966-07-31,discharge/débit,48.7,
01ED003,1966-08-01,discharge/débit,54.9,
01ED003,1966-08-02,discharge/débit,58.9,
01ED003,1966-08-03,discharge/débit,44.7,
01ED003,1966-08-04,discharge/débit,48.7,
01ED003,1966-08-05,discharge/débit,52.4,
01ED003,1966-08-06,discharge/débit,61.4,
01ED003,1966-08-07,discharge/débit,47.9,
01ED003,1966-08-08,discharge/débit,60.3,
01ED003,1966-08-09,discharge/débit,57.8,
01ED003,1966-08-10,discharge/débit,52.1,
01ED003,1966-08-11,discharge/débit,59.2,
01ED003,1966-08-12,discharge/débit,51.5,
01ED003,1966-08-13,discharge/débit,62.6,
01ED003,1966-08-14,discharge/débit,41.9,
01ED003,1966-08-15,discharge/débit,54.9,
01ED003,1966-08-16,discharge/débit,52.7,
01ED003,1966-08-17,discharge/débit,58.9,
01ED003,1966-08-18,discharge/débit,47.6,
01ED003,1966-08-19,discharge/débit,56.6,
01ED003,1966-08-20,discharge/débit,55.8,
01ED003,1966-08-21,discharge/débit,42.2,
01ED003,1966-08-22,discharge/débit,65.1,
01ED003,1966-08-23,discharge/débit,58.9,
01ED003,1966-08-24,discharge/débit,37.1,
01ED003,1966-08-25,discharge/débit,51.8,
01ED003,1966-08-26,discharge/débit,54.1,
01ED003,1966-08-27,discharge/débit,38.5,
01ED003,1966-08-28,discharge/débit,20.0,
01ED003,1966-08-29,discharge/débit,51.3,
01ED003,1966-08-30,discharge/débit,60.0,
01ED003,1966-08-31,discharge/débit,45.3,
01ED003,1966-09-01,discharge/débit,26.0,
01ED003,1966-09-02,discharge/débit,21.8,
01ED003,1966-09-03,discharge/débit,33.7,
01ED003,1966-09-04,discharge/débit,15.5,
01ED003,1966-09-05,discharge/débit,6.8,
01ED003,1966-09-06,discharge/débit,28.6,
01ED003,1966-09-07,discharge/débit,40.8,
01ED003,1966-09-08,discharge/débit,45.9,
01ED003,1966-09-09,discharge/débit,35.4,
01ED003,1966-09-10,discharge/débit,45.6,
01ED003,1966-09-11,discharge/débit,17.6,
01ED003,1966-09-12,discharge/débit,20.2,
01ED003,1966-09-13,discharge/débit,12.9,
01ED003,1966-09-14,discharge/débit,24.6,
01ED003,1966-09-15,discharge/débit,32.6,
01ED003,1966-09-16,discharge/débit,25.8,
01ED003,1966-09-17,discharge/débit,33.1,
01ED003,1966-09-18,discharge/débit,31.4,
01ED003,1966-09-19,discharge/débit,35.4,
01ED003,1966-09-20,discharge/débit,30.9,
01ED003,1966-09-21,discharge/débit,27.1,
01ED003,1966-09-22,discharge/débit,19.2,
01ED003,1966-09-23,discharge/débit,26.4,
01ED003,1966-09-24,discharge/débit,13.7,
01ED003,1966-09-25,discharge/débit,15.8,
01ED003,1966-09-26,discharge/débit,19.4,
01ED003,1966-09-27,discharge/débit,19.3,
01ED003,1966-09-28,discharge/débit,19.9,
01ED003,1966-09-29,discharge/débit,18.4,
01ED003,1966-09-30,discharge/débit,20.5,
01ED003,1966-10-01,discharge/débit,19.3,
01ED003,1966-10-02,discharge/débit,15.0,
01ED003,1966-10-03,discharge/débit,12.2,
01ED003,1966-10-04,discharge/débit,19.2,
01ED003,1966-10-05,discharge/débit,15.5,
01ED003,1966-10-06,discharge/débit,15.6,
01ED003,1966-10-07,discharge/débit,17.6,
01ED003,1966-10-08,discharge/débit,30.0,
01ED003,1966-10-09,discharge/débit,24.6,
01ED003,1966-10-10,discharge/débit,30.9,
01ED003,1966-10-11,discharge/débit,27.0,
01ED003,1966-10-12,discharge/débit,28.2,
01ED003,1966-10-13,discharge/débit,28.9,
01ED003,1966-10-14,discharge/débit,21.8,
01ED003,1966-10-15,discharge/débit,36.5,
01ED003,1966-10-16,discharge/débit,25.8,
01ED003,1966-10-17,discharge/débit,34.5,
01ED003,1966-10-18,discharge/débit,32.6,
01ED003,1966-10-19,discharge/débit,30.6,
01ED003,1966-10-20,discharge/débit,29.7,
01ED003,1966-10-21,discharge/débit,27.6,
01ED003,1966-10-22,discharge/débit,26.8,
01ED003,1966-10-23,discharge/débit,24.9,
01ED003,1966-10-24,discharge/débit,24.6,
01ED003,1966-10-25,discharge/débit,24.9,
01ED003,1966-10-26,discharge/débit,25.1,
01ED003,1966-10-27,discharge/débit,28.9,
01ED003,1966-10-28,discharge/débit,20.0,
01ED003,1966-10-29,discharge/débit,33.7,
01ED003,1966-10-30,discharge/débit,25.9,
01ED003,1966-10-31,discharge/débit,31.4,
01ED003,1966-11-01,discharge/débit,29.4,
01ED003,1966-11-02,discharge/débit,38.2,
01ED003,1966-11-03,discharge/débit,21.8,
01ED003,1966-11-04,discharge/débit,30.9,
01ED003,1966-11-05,discharge/débit,28.3,
01ED003,1966-11-06,discharge/débit,26.6,
01ED003,1966-11-07,discharge/débit,21.9,
01ED003,1966-11-08,discharge/débit,26.7,
01ED003,1966-11-09,discharge/débit,29.4,
01ED003,1966-11-10,discharge/débit,25.4,
01ED003,1966-11-11,discharge/débit,26.6,
01ED003,1966-11-12,discharge/débit,27.2,
01ED003,1966-11-13,discharge/débit,28.9,
01ED003,1966-11-14,discharge/débit,32.8,
01ED003,1966-11-15,discharge/débit,38.5,
01ED003,1966-11-16,discharge/débit,39.6,
01ED003,1966-11-17,discharge/débit,43.0,
01ED003,1966-11-18,discharge/débit,38.2,
01ED003,1966-11-19,discharge/débit,41.3,
01ED003,1966-11-20,discharge/débit,42.5,
01ED003,1966-11-21,discharge/débit,54.9,
01ED003,1966-11-22,discharge/débit,53.0,
01ED003,1966-11-23,discharge/débit,59.7,
01ED003,1966-11-24,discharge/débit,52.4,
01ED003,1966-11-25,discharge/débit,60.3,
01ED003,1966-11-26,discharge/débit,49.0,
01ED003,1966-11-27,discharge/débit,50.1,
01ED003,1966-11-28,discharge/débit,62.9,
01ED003,1966-11-29,discharge/débit,63.1,
01ED003,1966-11-30,discharge/débit,63.4,
01ED003,1966-12-01,discharge/débit,36.8,
01ED003,1966-12-02,discharge/débit,52.1,
01ED003,1966-12-03,discharge/débit,61.4,
01ED003,1966-12-04,discharge/débit,51.3,
01ED003,1966-12-05,discharge/débit,58.6,
01ED003,1966-12-06,discharge/débit,66.3,
01ED003,1966-12-07,discharge/débit,58.6,
01ED003,1966-12-08,discharge/débit,46.7,
01ED003,1966-12-09,discharge/débit,56.4,
01ED003,1966-12-10,discharge/débit,46.7,
01ED003,1966-12-11,discharge/débit,57.5,
01ED003,1966-12-12,discharge/débit,57.2,
01ED003,1966-12-13,discharge/débit,58.6,
01ED003,1966-12-14,discharge/débit,56.6,
01ED003,1966-12-15,discharge/débit,66.5,
01ED003,1966-12-16,discharge/débit,65.7,
01ED003,1966-12-17,discharge/débit,66.0,
01ED003,1966-12-18,discharge/débit,61.4,
01ED003,1966-12-19,discharge/débit,65.7,
01ED003,1966-12-20,discharge/débit,62.3,
01ED003,1966-12-21,discharge/débit,55.5,
01ED003,1966-12-22,discharge/débit,50.7,
01ED003,1966-12-23,discharge/débit,48.7,
01ED003,1966-12-24,discharge/débit,11.8,
01ED003,1966-12-25,discharge/débit,39.9,
01ED003,1966-12-26,discharge/débit,44.7,
01ED003,1966-12-27,discharge/débit,47.9,
01ED003,1966-12-28,discharge/débit,44.2,
01ED003,1966-12-29,discharge/débit,42.5,
01ED003,1966-12-30,discharge/débit,57.2,
01ED003,1966-12-31,discharge/débit,23.4,
01ED003,1967-01-01,discharge/débit,26.2,
01ED003,1967-01-02,discharge/débit,53.8,
01ED003,1967-01-03,discharge/débit,43.6,
01ED003,1967-01-04,discharge/débit,44.2,
01ED003,1967-01-05,discharge/débit,50.4,
01ED003,1967-01-06,discharge/débit,50.4,
01ED003,1967-01-07,discharge/débit,79.0,
01ED003,1967-01-08,discharge/débit,51.3,
01ED003,1967-01-09,discharge/débit,62.6,
01ED003,1967-01-10,discharge/débit,52.4,
01ED003,1967-01-11,discharge/débit,44.5,
01ED003,1967-01-12,discharge/débit,48.1,
01ED003,1967-01-13,discharge/débit,54.4,
01ED003,1967-01-14,discharge/débit,44.2,
01ED003,1967-01-15,discharge/débit,44.5,
01ED003,1967-01-16,discharge/débit,42.8,
01ED003,1967-01-17,discharge/débit,46.7,
01ED003,1967-01-18,discharge/débit,40.2,
01ED003,1967-01-19,discharge/débit,42.8,
01ED003,1967-01-20,discharge/débit,58.6,
01ED003,1967-01-21,discharge/débit,42.8,
01ED003,1967-01-22,discharge/débit,44.7,
01ED003,1967-01-23,discharge/débit,52.4,
01ED003,1967-01-24,discharge/débit,50.7,
01ED003,1967-01-25,discharge/débit,51.5,
01ED003,1967-01-26,discharge/débit,37.7,
01ED003,1967-01-27,discharge/débit,57.2,
01ED003,1967-01-28,discharge/débit,44.7,
01ED003,1967-01-29,discharge/débit,39.4,
01ED003,1967-01-30,discharge/débit,66.3,
01ED003,1967-01-31,discharge/débit,51.3,
01ED003,1967-02-01,discharge/débit,30.0,
01ED003,1967-02-02,discharge/débit,37.1,
01ED003,1967-02-03,discharge/débit,55.8,
01ED003,1967-02-04,discharge/débit,45.3,A
01ED003,1967-02-05,discharge/débit,34.3,A
01ED003,1967-02-06,discharge/débit,46.7,
01ED003,1967-02-07,discharge/débit,43.3,
01ED003,1967-02-08,discharge/débit,45.3,
01ED003,1967-02-09,discharge/débit,35.1,
01ED003,1967-02-10,discharge/débit,43.6,
01ED003,1967-02-11,discharge/débit,46.7,A
01ED003,1967-02-12,discharge/débit,34.5,A
01ED003,1967-02-13,discharge/débit,47.3,E
01ED003,1967-02-14,discharge/débit,43.9,E
01ED003,1967-02-15,discharge/débit,39.6,A
01ED003,1967-02-16,discharge/débit,40.5,
01ED003,1967-02-17,discharge/débit,50.7,
01ED003,1967-02-18,discharge/débit,51.3,A
01ED003,1967-02-19,discharge/débit,49.0,A
01ED003,1967-02-20,discharge/débit,47.3,E
01ED003,1967-02-21,discharge/débit,43.9,E
01ED003,1967-02-22,discharge/débit,36.5,E
01ED003,1967-02-23,discharge/débit,35.7,E
01ED003,1967-02-24,discharge/débit,47.9,A
01ED003,1967-02-25,discharge/débit,34.0,A
01ED003,1967-02-26,discharge/débit,47.9,A
01ED003,1967-02-27,discharge/débit,47.3,E
01ED003,1967-02-28,discharge/débit,43.9,E
01ED003,1967-03-01,discharge/débit,36.5,E
01ED003,1967-03-02,discharge/débit,56.1,A
01ED003,1967-03-03,discharge/débit,39.4,
01ED003,1967-03-04,discharge/débit,39.1,E
01ED003,1967-03-05,discharge/débit,28.6,
01ED003,1967-03-06,discharge/débit,25.7,
01ED003,1967-03-07,discharge/débit,36.8,
01ED003,1967-03-08,discharge/débit,38.5,
01ED003,1967-03-09,discharge/débit,35.7,E
01ED003,1967-03-10,discharge/débit,43.0,E
01ED003,1967-03-11,discharge/débit,28.6,A
01ED003,1967-03-12,discharge/débit,25.0,
01ED003,1967-03-13,discharge/débit,28.9,
01ED003,1967-03-14,discharge/débit,26.6,
01ED003,1967-03-15,discharge/débit,30.9,
01ED003,1967-03-16,discharge/débit,30.0,
01ED003,1967-03-17,discharge/débit,37.9,
01ED003,1967-03-18,discharge/débit,47.6,A
01ED003,1967-03-19,discharge/débit,36.5,A
01ED003,1967-03-20,discharge/débit,39.1,
01ED003,1967-03-21,discharge/débit,49.3,A
01ED003,1967-03-22,discharge/débit,43.0,
01ED003,1967-03-23,discharge/débit,35.7,E
01ED003,1967-03-24,discharge/débit,49.0,
01ED003,1967-03-25,discharge/débit,35.4,
01ED003,1967-03-26,discharge/débit,19.5,
01ED003,1967-03-27,discharge/débit,70.5,
01ED003,1967-03-28,discharge/débit,64.6,
01ED003,1967-03-29,discharge/débit,51.8,A
01ED003,1967-03-30,discharge/débit,35.7,E
01ED003,1967-03-31,discharge/débit,43.0,E
01ED003,1967-04-01,discharge/débit,45.0,A
01ED003,1967-04-02,discharge/débit,29.7,
01ED003,1967-04-03,discharge/débit,50.7,
01ED003,1967-04-04,discharge/débit,49.8,
01ED003,1967-04-05,discharge/débit,34.5,A
01ED003,1967-04-06,discharge/débit,35.7,E
01ED003,1967-04-07,discharge/débit,43.0,E
01ED003,1967-04-08,discharge/débit,39.1,E
01ED003,1967-04-09,discharge/débit,37.9,E
01ED003,1967-04-10,discharge/débit,47.3,E
01ED003,1967-04-11,discharge/débit,43.9,E
01ED003,1967-04-12,discharge/débit,36.5,E
01ED003,1967-04-13,discharge/débit,35.7,E
01ED003,1967-04-14,discharge/débit,43.0,E
01ED003,1967-04-15,discharge/débit,39.1,E
01ED003,1967-04-16,discharge/débit,37.9,E
01ED003,1967-04-17,discharge/débit,47.3,E
01ED003,1967-04-18,discharge/débit,43.9,E
01ED003,1967-04-19,discharge/débit,36.0,A
01ED003,1967-04-20,discharge/débit,35.7,A
01ED003,1967-04-21,discharge/débit,43.0,E
01ED003,1967-04-22,discharge/débit,39.1,E
01ED003,1967-04-23,discharge/débit,37.9,E
01ED003,1967-04-24,discharge/débit,47.3,E
01ED003,1967-04-25,discharge/débit,43.9,E
01ED003,1967-04-26,discharge/débit,28.6,A
01ED003,1967-04-27,discharge/débit,35.7,E
01ED003,1967-04-28,discharge/débit,43.0,E
01ED003,1967-04-29,discharge/débit,39.1,E
01ED003,1967-04-30,discharge/débit,37.4,A
01ED003,1967-05-01,discharge/débit,46.7,
01ED003,1967-05-02,discharge/débit,34.3,
01ED003,1967-05-03,discharge/débit,37.9,
01ED003,1967-05-04,discharge/débit,18.8,A
01ED003,1967-05-05,discharge/débit,43.0,E
01ED003,1967-05-06,discharge/débit,39.1,E
01ED003,1967-05-07,discharge/débit,17.0,
01ED003,1967-05-08,discharge/débit,47.6,A
01ED003,1967-05-09,discharge/débit,43.9,A
01ED003,1967-05-10,discharge/débit,73.9,A
01ED003,1967-05-11,discharge/débit,35.7,
01ED003,1967-05-12,discharge/débit,69.1,
01ED003,1967-05-13,discharge/débit,44.2,
01ED003,1967-05-14,discharge/débit,29.2,
01ED003,1967-05-15,discharge/débit,26.8,
01ED003,1967-05-16,discharge/débit,57.5,
01ED003,1967-05-17,discharge/débit,51.0,
01ED003,1967-05-18,discharge/débit,47.3,
01ED003,1967-05-19,discharge/débit,60.0,
01ED003,1967-05-20,discharge/débit,43.9,
01ED003,1967-05-21,discharge/débit,17.1,
01ED003,1967-05-22,discharge/débit,26.7,
01ED003,1967-05-23,discharge/débit,53.0,
01ED003,1967-05-24,discharge/débit,61.4,
01ED003,1967-05-25,discharge/débit,51.5,
01ED003,1967-05-26,discharge/débit,58.3,
01ED003,1967-05-27,discharge/débit,62.0,
01ED003,1967-05-28,discharge/débit,51.3,
01ED003,1967-05-29,discharge/débit,46.2,
01ED003,1967-05-30,discharge/débit,49.6,
01ED003,1967-05-31,discharge/débit,52.7,
01ED003,1967-06-01,discharge/débit,29.2,
01ED003,1967-06-02,discharge/débit,67.4,
01ED003,1967-06-03,discharge/débit,53.0,
01ED003,1967-06-04,discharge/débit,25.9,
01ED003,1967-06-05,discharge/débit,44.5,
01ED003,1967-06-06,discharge/débit,54.9,
01ED003,1967-06-07,discharge/débit,63.7,
01ED003,1967-06-08,discharge/débit,45.0,
01ED003,1967-06-09,discharge/débit,67.7,
01ED003,1967-06-10,discharge/débit,53.2,
01ED003,1967-06-11,discharge/débit,49.8,
01ED003,1967-06-12,discharge/débit,59.5,
01ED003,1967-06-13,discharge/débit,59.5,
01ED003,1967-06-14,discharge/débit,53.8,
01ED003,1967-06-15,discharge/débit,47.0,
01ED003,1967-06-16,discharge/débit,63.7,
01ED003,1967-06-17,discharge/débit,58.0,
01ED003,1967-06-18,discharge/débit,53.5,
01ED003,1967-06-19,discharge/débit,56.1,
01ED003,1967-06-20,discharge/débit,71.6,
01ED003,1967-06-21,discharge/débit,64.6,
01ED003,1967-06-22,discharge/débit,48.7,
01ED003,1967-06-23,discharge/débit,62.6,
01ED003,1967-06-24,discharge/débit,45.3,
01ED003,1967-06-25,discharge/débit,39.6,
01ED003,1967-06-26,discharge/débit,59.7,
01ED003,1967-06-27,discharge/débit,55.5,
01ED003,1967-06-28,discharge/débit,46.7,
01ED003,1967-06-29,discharge/débit,44.5,
01ED003,1967-06-30,discharge/débit,52.7,
01ED003,1967-07-01,discharge/débit,9.23,
01ED003,1967-07-02,discharge/débit,49.6,
01ED003,1967-07-03,discharge/débit,62.3,
01ED003,1967-07-04,discharge/débit,68.2,
01ED003,1967-07-05,discharge/débit,59.5,
01ED003,1967-07-06,discharge/débit,55.5,
01ED003,1967-07-07,discharge/débit,60.3,
01ED003,1967-07-08,discharge/débit,53.0,
01ED003,1967-07-09,discharge/débit,45.9,
01ED003,1967-07-10,discharge/débit,55.2,
01ED003,1967-07-11,discharge/débit,58.3,
01ED003,1967-07-12,discharge/débit,58.6,
01ED003,1967-07-13,discharge/débit,43.0,
01ED003,1967-07-14,discharge/débit,60.0,
01ED003,1967-07-15,discharge/débit,43.6,
01ED003,1967-07-16,discharge/débit,40.2,
01ED003,1967-07-17,discharge/débit,57.8,
01ED003,1967-07-18,discharge/débit,43.6,
01ED003,1967-07-19,discharge/débit,53.2,
01ED003,1967-07-20,discharge/débit,39.1,
01ED003,1967-07-21,discharge/débit,53.0,
01ED003,1967-07-22,discharge/débit,44.5,
01ED003,1967-07-23,discharge/débit,27.9,
01ED003,1967-07-24,discharge/débit,43.3,
01ED003,1967-07-25,discharge/débit,47.6,
01ED003,1967-07-26,discharge/débit,53.8,
01ED003,1967-07-27,discharge/débit,39.9,
01ED003,1967-07-28,discharge/débit,46.7,
01ED003,1967-07-29,discharge/débit,33.4,
01ED003,1967-07-30,discharge/débit,36.0,
01ED003,1967-07-31,discharge/débit,43.9,
01ED003,1967-08-01,discharge/débit,66.8,
01ED003,1967-08-02,discharge/débit,75.3,
01ED003,1967-08-03,discharge/débit,47.6,
01ED003,1967-08-04,discharge/débit,47.6,
01ED003,1967-08-05,discharge/débit,56.9,
01ED003,1967-08-06,discharge/débit,56.6,
01ED003,1967-08-07,discharge/débit,47.3,
01ED003,1967-08-08,discharge/débit,49.3,
01ED003,1967-08-09,discharge/débit,47.9,
01ED003,1967-08-10,discharge/débit,46.2,
01ED003,1967-08-11,discharge/débit,64.0,
01ED003,1967-08-12,discharge/débit,54.9,
01ED003,1967-08-13,discharge/débit,71.6,
01ED003,1967-08-14,discharge/débit,77.0,
01ED003,1967-08-15,discharge/débit,73.1,
01ED003,1967-08-16,discharge/débit,60.6,
01ED003,1967-08-17,discharge/débit,50.4,
01ED003,1967-08-18,discharge/débit,61.2,
01ED003,1967-08-19,discharge/débit,61.4,
01ED003,1967-08-20,discharge/débit,62.3,
01ED003,1967-08-21,discharge/débit,52.4,
01ED003,1967-08-22,discharge/débit,56.9,
01ED003,1967-08-23,discharge/débit,55.8,
01ED003,1967-08-24,discharge/débit,65.4,
01ED003,1967-08-25,discharge/débit,60.9,
01ED003,1967-08-26,discharge/débit,54.1,
01ED003,1967-08-27,discharge/débit,58.6,
01ED003,1967-08-28,discharge/débit,62.6,
01ED003,1967-08-29,discharge/débit,58.3,
01ED003,1967-08-30,discharge/débit,62.9,
01ED003,1967-08-31,discharge/débit,68.2,
01ED003,1967-09-01,discharge/débit,56.1,
01ED003,1967-09-02,discharge/débit,56.4,
01ED003,1967-09-03,discharge/débit,20.8,
01ED003,1967-09-04,discharge/débit,24.1,
01ED003,1967-09-05,discharge/débit,38.5,
01ED003,1967-09-06,discharge/débit,60.0,
01ED003,1967-09-07,discharge/débit,66.0,
01ED003,1967-09-08,discharge/débit,64.0,
01ED003,1967-09-09,discharge/débit,57.5,
01ED003,1967-09-10,discharge/débit,60.6,
01ED003,1967-09-11,discharge/débit,70.2,
01ED003,1967-09-12,discharge/débit,51.8,
01ED003,1967-09-13,discharge/débit,51.3,
01ED003,1967-09-14,discharge/débit,53.2,
01ED003,1967-09-15,discharge/débit,66.8,
01ED003,1967-09-16,discharge/débit,53.8,
01ED003,1967-09-17,discharge/débit,47.0,
01ED003,1967-09-18,discharge/débit,72.5,
01ED003,1967-09-19,discharge/débit,64.6,
01ED003,1967-09-20,discharge/débit,64.8,
01ED003,1967-09-21,discharge/débit,52.1,
01ED003,1967-09-22,discharge/débit,64.3,
01ED003,1967-09-23,discharge/débit,71.4,
01ED003,1967-09-24,discharge/débit,44.5,
01ED003,1967-09-25,discharge/débit,54.9,
01ED003,1967-09-26,discharge/débit,73.9,
01ED003,1967-09-27,discharge/débit,61.7,
01ED003,1967-09-28,discharge/débit,48.1,
01ED003,1967-09-29,discharge/débit,48.4,
01ED003,1967-09-30,discharge/débit,47.6,
01ED003,1967-10-01,discharge/débit,34.5,
01ED003,1967-10-02,discharge/débit,68.8,
01ED003,1967-10-03,discharge/débit,73.6,
01ED003,1967-10-04,discharge/débit,67.7,
01ED003,1967-10-05,discharge/débit,76.5,
01ED003,1967-10-06,discharge/débit,74.8,
01ED003,1967-10-07,discharge/débit,58.6,
01ED003,1967-10-08,discharge/débit,30.0,
01ED003,1967-10-09,discharge/débit,34.3,
01ED003,1967-10-10,discharge/débit,75.9,
01ED003,1967-10-11,discharge/débit,106.0,
01ED003,1967-10-12,discharge/débit,69.1,
01ED003,1967-10-13,discharge/débit,83.5,
01ED003,1967-10-14,discharge/débit,81.0,
01ED003,1967-10-15,discharge/débit,31.7,
01ED003,1967-10-16,discharge/débit,61.7,
01ED003,1967-10-17,discharge/débit,64.8,
01ED003,1967-10-18,discharge/débit,78.2,
01ED003,1967-10-19,discharge/débit,70.5,
01ED003,1967-10-20,discharge/débit,75.9,
01ED003,1967-10-21,discharge/débit,44.7,
01ED003,1967-10-22,discharge/débit,29.7,
01ED003,1967-10-23,discharge/débit,54.4,
01ED003,1967-10-24,discharge/débit,66.3,
01ED003,1967-10-25,discharge/débit,67.7,
01ED003,1967-10-26,discharge/débit,88.3,
01ED003,1967-10-27,discharge/débit,76.5,
01ED003,1967-10-28,discharge/débit,67.7,
01ED003,1967-10-29,discharge/débit,60.0,
01ED003,1967-10-30,discharge/débit,83.5,
01ED003,1967-10-31,discharge/débit,71.4,
01ED003,1967-11-01,discharge/débit,65.1,
01ED003,1967-11-02,discharge/débit,49.8,
01ED003,1967-11-03,discharge/débit,69.9,
01ED003,1967-11-04,discharge/débit,72.8,
01ED003,1967-11-05,discharge/débit,53.5,
01ED003,1967-11-06,discharge/débit,50.1,
01ED003,1967-11-07,discharge/débit,42.2,
01ED003,1967-11-08,discharge/débit,34.0,
01ED003,1967-11-09,discharge/débit,35.7,
01ED003,1967-11-10,discharge/débit,36.5,
01ED003,1967-11-11,discharge/débit,11.2,
01ED003,1967-11-12,discharge/débit,15.7,
01ED003,1967-11-13,discharge/débit,28.3,
01ED003,1967-11-14,discharge/débit,23.9,
01ED003,1967-11-15,discharge/débit,28.9,
01ED003,1967-11-16,discharge/débit,37.1,
01ED003,1967-11-17,discharge/débit,29.2,
01ED003,1967-11-18,discharge/débit,80.1,
01ED003,1967-11-19,discharge/débit,76.7,
01ED003,1967-11-20,discharge/débit,85.2,
01ED003,1967-11-21,discharge/débit,83.8,
01ED003,1967-11-22,discharge/débit,85.2,
01ED003,1967-11-23,discharge/débit,68.5,
01ED003,1967-11-24,discharge/débit,73.3,
01ED003,1967-11-25,discharge/débit,66.5,
01ED003,1967-11-26,discharge/débit,58.6,
01ED003,1967-11-27,discharge/débit,60.0,
01ED003,1967-11-28,discharge/débit,56.6,
01ED003,1967-11-29,discharge/débit,65.4,
01ED003,1967-11-30,discharge/débit,67.1,
01ED003,1967-12-01,discharge/débit,77.0,
01ED003,1967-12-02,discharge/débit,72.8,
01ED003,1967-12-03,discharge/débit,67.7,
01ED003,1967-12-04,discharge/débit,95.7,
01ED003,1967-12-05,discharge/débit,173.0,
01ED003,1967-12-06,discharge/débit,121.0,
01ED003,1967-12-07,discharge/débit,65.1,
01ED003,1967-12-08,discharge/débit,82.7,
01ED003,1967-12-09,discharge/débit,66.5,
01ED003,1967-12-10,discharge/débit,73.6,
01ED003,1967-12-11,discharge/débit,66.8,
01ED003,1967-12-12,discharge/débit,90.0,
01ED003,1967-12-13,discharge/débit,115.0,
01ED003,1967-12-14,discharge/débit,90.0,
01ED003,1967-12-15,discharge/débit,87.5,
01ED003,1967-12-16,discharge/débit,81.6,
01ED003,1967-12-17,discharge/débit,64.3,
01ED003,1967-12-18,discharge/débit,79.6,
01ED003,1967-12-19,discharge/débit,71.1,
01ED003,1967-12-20,discharge/débit,83.5,
01ED003,1967-12-21,discharge/débit,69.1,
01ED003,1967-12-22,discharge/débit,94.3,
01ED003,1967-12-23,discharge/débit,94.0,
01ED003,1967-12-24,discharge/débit,98.3,
01ED003,1967-12-25,discharge/débit,85.8,
01ED003,1967-12-26,discharge/débit,100.0,
01ED003,1967-12-27,discharge/débit,111.0,
01ED003,1967-12-28,discharge/débit,105.0,
01ED003,1967-12-29,discharge/débit,124.0,
01ED003,1967-12-30,discharge/débit,150.0,
01ED003,1967-12-31,discharge/débit,129.0,
01ED003,1968-01-01,discharge/débit,117.0,
01ED003,1968-01-02,discharge/débit,121.0,
01ED003,1968-01-03,discharge/débit,133.0,
01ED003,1968-01-04,discharge/débit,97.1,
01ED003,1968-01-05,discharge/débit,109.0,
01ED003,1968-01-06,discharge/débit,114.0,
01ED003,1968-01-07,discharge/débit,114.0,B
01ED003,1968-01-08,discharge/débit,114.0,B
01ED003,1968-01-09,discharge/débit,114.0,B
01ED003,1968-01-10,discharge/débit,114.0,B
01ED003,1968-01-11,discharge/débit,113.0,B
01ED003,1968-01-12,discharge/débit,113.0,B
01ED003,1968-01-13,discharge/débit,113.0,B
01ED003,1968-01-14,discharge/débit,113.0,B
01ED003,1968-01-15,discharge/débit,113.0,
01ED003,1968-01-16,discharge/débit,108.0,
01ED003,1968-01-17,discharge/débit,109.0,
01ED003,1968-01-18,discharge/débit,102.0,
01ED003,1968-01-19,discharge/débit,92.9,
01ED003,1968-01-20,discharge/débit,99.7,
01ED003,1968-01-21,discharge/débit,97.7,
01ED003,1968-01-22,discharge/débit,86.4,
01ED003,1968-01-23,discharge/débit,91.2,
01ED003,1968-01-24,discharge/débit,94.9,
01ED003,1968-01-25,discharge/débit,102.0,
01ED003,1968-01-26,discharge/débit,107.0,
01ED003,1968-01-27,discharge/débit,102.0,
01ED003,1968-01-28,discharge/débit,98.5,
01ED003,1968-01-29,discharge/débit,96.6,
01ED003,1968-01-30,discharge/débit,93.4,
01ED003,1968-01-31,discharge/débit,91.7,
01ED003,1968-02-01,discharge/débit,96.6,
01ED003,1968-02-02,discharge/débit,96.8,
01ED003,1968-02-03,discharge/débit,97.1,
01ED003,1968-02-04,discharge/débit,101.0,
01ED003,1968-02-05,discharge/débit,104.0,
01ED003,1968-02-06,discharge/débit,99.1,
01ED003,1968-02-07,discharge/débit,98.0,
01ED003,1968-02-08,discharge/débit,94.6,
01ED003,1968-02-09,discharge/débit,96.0,
01ED003,1968-02-10,discharge/débit,94.6,
01ED003,1968-02-11,discharge/débit,88.1,
01ED003,1968-02-12,discharge/débit,94.3,
01ED003,1968-02-13,discharge/débit,90.9,
01ED003,1968-02-14,discharge/débit,95.1,
01ED003,1968-02-15,discharge/débit,85.8,
01ED003,1968-02-16,discharge/débit,90.3,
01ED003,1968-02-17,discharge/débit,92.0,
01ED003,1968-02-18,discharge/débit,93.7,
01ED003,1968-02-19,discharge/débit,114.0,
01ED003,1968-02-20,discharge/débit,130.0,
01ED003,1968-02-21,discharge/débit,107.0,
01ED003,1968-02-22,discharge/débit,104.0,
01ED003,1968-02-23,discharge/débit,99.4,
01ED003,1968-02-24,discharge/débit,97.1,
01ED003,1968-02-25,discharge/débit,91.5,
01ED003,1968-02-26,discharge/débit,89.5,
01ED003,1968-02-27,discharge/débit,71.9,
01ED003,1968-02-28,discharge/débit,66.5,
01ED003,1968-02-29,discharge/débit,66.5,
01ED003,1968-03-01,discharge/débit,74.8,
01ED003,1968-03-02,discharge/débit,79.9,
01ED003,1968-03-03,discharge/débit,70.5,
01ED003,1968-03-04,discharge/débit,84.1,
01ED003,1968-03-05,discharge/débit,75.0,
01ED003,1968-03-06,discharge/débit,66.8,
01ED003,1968-03-07,discharge/débit,70.8,
01ED003,1968-03-08,discharge/débit,76.7,
01ED003,1968-03-09,discharge/débit,65.4,
01ED003,1968-03-10,discharge/débit,65.4,
01ED003,1968-03-11,discharge/débit,68.5,
01ED003,1968-03-12,discharge/débit,64.3,
01ED003,1968-03-13,discharge/débit,85.0,
01ED003,1968-03-14,discharge/débit,89.5,
01ED003,1968-03-15,discharge/débit,93.2,
01ED003,1968-03-16,discharge/débit,85.0,
01ED003,1968-03-17,discharge/débit,80.4,
01ED003,1968-03-18,discharge/débit,72.8,
01ED003,1968-03-19,discharge/débit,81.8,
01ED003,1968-03-20,discharge/débit,85.8,
01ED003,1968-03-21,discharge/débit,68.0,
01ED003,1968-03-22,discharge/débit,82.4,
01ED003,1968-03-23,discharge/débit,84.1,
01ED003,1968-03-24,discharge/débit,61.4,
01ED003,1968-03-25,discharge/débit,72.8,
01ED003,1968-03-26,discharge/débit,73.1,
01ED003,1968-03-27,discharge/débit,88.3,
01ED003,1968-03-28,discharge/débit,72.2,
01ED003,1968-03-29,discharge/débit,76.5,
01ED003,1968-03-30,discharge/débit,61.4,
01ED003,1968-03-31,discharge/débit,61.4,
01ED003,1968-04-01,discharge/débit,56.6,
01ED003,1968-04-02,discharge/débit,66.3,
01ED003,1968-04-03,discharge/débit,63.1,
01ED003,1968-04-04,discharge/débit,56.9,
01ED003,1968-04-05,discharge/débit,71.9,
01ED003,1968-04-06,discharge/débit,69.9,
01ED003,1968-04-07,discharge/débit,69.4,
01ED003,1968-04-08,discharge/débit,63.1,
01ED003,1968-04-09,discharge/débit,58.3,
01ED003,1968-04-10,discharge/débit,53.0,
01ED003,1968-04-11,discharge/débit,48.7,
01ED003,1968-04-12,discharge/débit,38.5,
01ED003,1968-04-13,discharge/débit,41.6,E
01ED003,1968-04-14,discharge/débit,45.3,E
01ED003,1968-04-15,discharge/débit,50.1,
01ED003,1968-04-16,discharge/débit,71.4,
01ED003,1968-04-17,discharge/débit,61.2,
01ED003,1968-04-18,discharge/débit,63.4,
01ED003,1968-04-19,discharge/débit,63.4,
01ED003,1968-04-20,discharge/débit,65.1,
01ED003,1968-04-21,discharge/débit,67.1,
01ED003,1968-04-22,discharge/débit,77.0,
01ED003,1968-04-23,discharge/débit,58.3,
01ED003,1968-04-24,discharge/débit,68.8,
01ED003,1968-04-25,discharge/débit,62.9,
01ED003,1968-04-26,discharge/débit,67.7,
01ED003,1968-04-27,discharge/débit,66.5,
01ED003,1968-04-28,discharge/débit,26.6,
01ED003,1968-04-29,discharge/débit,52.1,
01ED003,1968-04-30,discharge/débit,66.3,
01ED003,1968-05-01,discharge/débit,58.9,
01ED003,1968-05-02,discharge/débit,51.5,
01ED003,1968-05-03,discharge/débit,65.4,
01ED003,1968-05-04,discharge/débit,53.8,
01ED003,1968-05-05,discharge/débit,42.2,
01ED003,1968-05-06,discharge/débit,58.9,
01ED003,1968-05-07,discharge/débit,65.7,
01ED003,1968-05-08,discharge/débit,55.2,
01ED003,1968-05-09,discharge/débit,54.9,
01ED003,1968-05-10,discharge/débit,65.1,
01ED003,1968-05-11,discharge/débit,34.3,
01ED003,1968-05-12,discharge/débit,29.4,
01ED003,1968-05-13,discharge/débit,51.0,
01ED003,1968-05-14,discharge/débit,62.6,
01ED003,1968-05-15,discharge/débit,62.9,
01ED003,1968-05-16,discharge/débit,51.8,
01ED003,1968-05-17,discharge/débit,71.4,
01ED003,1968-05-18,discharge/débit,58.9,
01ED003,1968-05-19,discharge/débit,34.8,
01ED003,1968-05-20,discharge/débit,41.6,E
01ED003,1968-05-21,discharge/débit,49.0,E
01ED003,1968-05-22,discharge/débit,55.5,E
01ED003,1968-05-23,discharge/débit,58.6,E
01ED003,1968-05-24,discharge/débit,61.7,E
01ED003,1968-05-25,discharge/débit,65.4,E
01ED003,1968-05-26,discharge/débit,69.9,E
01ED003,1968-05-27,discharge/débit,71.1,
01ED003,1968-05-28,discharge/débit,66.3,
01ED003,1968-05-29,discharge/débit,66.3,
01ED003,1968-05-30,discharge/débit,64.6,
01ED003,1968-05-31,discharge/débit,74.5,
01ED003,1968-06-01,discharge/débit,62.6,
01ED003,1968-06-02,discharge/débit,67.1,
01ED003,1968-06-03,discharge/débit,79.6,
01ED003,1968-06-04,discharge/débit,54.4,
01ED003,1968-06-05,discharge/débit,61.2,
01ED003,1968-06-06,discharge/débit,58.9,
01ED003,1968-06-07,discharge/débit,73.1,
01ED003,1968-06-08,discharge/débit,51.5,
01ED003,1968-06-09,discharge/débit,50.7,
01ED003,1968-06-10,discharge/débit,55.8,
01ED003,1968-06-11,discharge/débit,60.6,
01ED003,1968-06-12,discharge/débit,79.3,
01ED003,1968-06-13,discharge/débit,69.4,
01ED003,1968-06-14,discharge/débit,35.1,
01ED003,1968-06-15,discharge/débit,41.6,
01ED003,1968-06-16,discharge/débit,41.6,
01ED003,1968-06-17,discharge/débit,69.7,
01ED003,1968-06-18,discharge/débit,65.1,
01ED003,1968-06-19,discharge/débit,61.4,
01ED003,1968-06-20,discharge/débit,55.5,
01ED003,1968-06-21,discharge/débit,76.2,
01ED003,1968-06-22,discharge/débit,39.1,
01ED003,1968-06-23,discharge/débit,47.0,
01ED003,1968-06-24,discharge/débit,68.0,
01ED003,1968-06-25,discharge/débit,64.0,
01ED003,1968-06-26,discharge/débit,74.2,
01ED003,1968-06-27,discharge/débit,60.0,
01ED003,1968-06-28,discharge/débit,66.8,
01ED003,1968-06-29,discharge/débit,66.0,
01ED003,1968-06-30,discharge/débit,65.1,
01ED003,1968-07-01,discharge/débit,24.6,
01ED003,1968-07-02,discharge/débit,58.6,
01ED003,1968-07-03,discharge/débit,67.7,
01ED003,1968-07-04,discharge/débit,59.5,
01ED003,1968-07-05,discharge/débit,68.5,
01ED003,1968-07-06,discharge/débit,63.4,
01ED003,1968-07-07,discharge/débit,59.5,
01ED003,1968-07-08,discharge/débit,71.9,
01ED003,1968-07-09,discharge/débit,70.8,
01ED003,1968-07-10,discharge/débit,62.0,
01ED003,1968-07-11,discharge/débit,61.4,
01ED003,1968-07-12,discharge/débit,60.0,
01ED003,1968-07-13,discharge/débit,63.1,
01ED003,1968-07-14,discharge/débit,63.4,
01ED003,1968-07-15,discharge/débit,65.7,
01ED003,1968-07-16,discharge/débit,72.2,
01ED003,1968-07-17,discharge/débit,61.7,
01ED003,1968-07-18,discharge/débit,72.5,
01ED003,1968-07-19,discharge/débit,59.2,
01ED003,1968-07-20,discharge/débit,39.6,
01ED003,1968-07-21,discharge/débit,32.6,
01ED003,1968-07-22,discharge/débit,54.4,
01ED003,1968-07-23,discharge/débit,63.7,
01ED003,1968-07-24,discharge/débit,62.0,
01ED003,1968-07-25,discharge/débit,65.7,
01ED003,1968-07-26,discharge/débit,67.7,
01ED003,1968-07-27,discharge/débit,61.2,
01ED003,1968-07-28,discharge/débit,41.9,
01ED003,1968-07-29,discharge/débit,68.2,
01ED003,1968-07-30,discharge/débit,70.5,
01ED003,1968-07-31,discharge/débit,64.3,
01ED003,1968-08-01,discharge/débit,66.0,
01ED003,1968-08-02,discharge/débit,69.4,
01ED003,1968-08-03,discharge/débit,61.7,
01ED003,1968-08-04,discharge/débit,35.7,
01ED003,1968-08-05,discharge/débit,46.4,
01ED003,1968-08-06,discharge/débit,41.1,
01ED003,1968-08-07,discharge/débit,47.6,
01ED003,1968-08-08,discharge/débit,47.3,
01ED003,1968-08-09,discharge/débit,43.6,
01ED003,1968-08-10,discharge/débit,47.0,
01ED003,1968-08-11,discharge/débit,41.6,
01ED003,1968-08-12,discharge/débit,43.6,
01ED003,1968-08-13,discharge/débit,43.9,
01ED003,1968-08-14,discharge/débit,40.8,
01ED003,1968-08-15,discharge/débit,47.9,
01ED003,1968-08-16,discharge/débit,42.8,
01ED003,1968-08-17,discharge/débit,49.6,
01ED003,1968-08-18,discharge/débit,47.3,
01ED003,1968-08-19,discharge/débit,61.2,
01ED003,1968-08-20,discharge/débit,62.6,
01ED003,1968-08-21,discharge/débit,63.1,
01ED003,1968-08-22,discharge/débit,55.5,
01ED003,1968-08-23,discharge/débit,66.8,
01ED003,1968-08-24,discharge/débit,55.8,
01ED003,1968-08-25,discharge/débit,58.0,
01ED003,1968-08-26,discharge/débit,58.0,
01ED003,1968-08-27,discharge/débit,66.5,
01ED003,1968-08-28,discharge/débit,55.2,
01ED003,1968-08-29,discharge/débit,69.1,
01ED003,1968-08-30,discharge/débit,61.4,
01ED003,1968-08-31,discharge/débit,56.4,
01ED003,1968-09-01,discharge/débit,50.1,
01ED003,1968-09-02,discharge/débit,20.6,
01ED003,1968-09-03,discharge/débit,47.3,
01ED003,1968-09-04,discharge/débit,49.0,
01ED003,1968-09-05,discharge/débit,50.7,
01ED003,1968-09-06,discharge/débit,55.8,
01ED003,1968-09-07,discharge/débit,73.9,
01ED003,1968-09-08,discharge/débit,48.7,
01ED003,1968-09-09,discharge/débit,52.4,
01ED003,1968-09-10,discharge/débit,46.4,
01ED003,1968-09-11,discharge/débit,39.1,
01ED003,1968-09-12,discharge/débit,53.2,
01ED003,1968-09-13,discharge/débit,41.1,
01ED003,1968-09-14,discharge/débit,53.5,
01ED003,1968-09-15,discharge/débit,35.4,
01ED003,1968-09-16,discharge/débit,45.9,
01ED003,1968-09-17,discharge/débit,52.4,
01ED003,1968-09-18,discharge/débit,66.8,
01ED003,1968-09-19,discharge/débit,49.3,
01ED003,1968-09-20,discharge/débit,53.2,
01ED003,1968-09-21,discharge/débit,35.1,
01ED003,1968-09-22,discharge/débit,32.3,
01ED003,1968-09-23,discharge/débit,39.6,
01ED003,1968-09-24,discharge/débit,43.9,
01ED003,1968-09-25,discharge/débit,39.9,
01ED003,1968-09-26,discharge/débit,27.5,
01ED003,1968-09-27,discharge/débit,42.8,
01ED003,1968-09-28,discharge/débit,38.5,
01ED003,1968-09-29,discharge/débit,34.8,
01ED003,1968-09-30,discharge/débit,43.6,
01ED003,1968-10-01,discharge/débit,42.2,
01ED003,1968-10-02,discharge/débit,33.7,
01ED003,1968-10-03,discharge/débit,47.6,
01ED003,1968-10-04,discharge/débit,58.9,
01ED003,1968-10-05,discharge/débit,30.6,
01ED003,1968-10-06,discharge/débit,37.1,
01ED003,1968-10-07,discharge/débit,51.0,
01ED003,1968-10-08,discharge/débit,52.4,
01ED003,1968-10-09,discharge/débit,35.7,
01ED003,1968-10-10,discharge/débit,61.4,
01ED003,1968-10-11,discharge/débit,32.6,
01ED003,1968-10-12,discharge/débit,37.7,
01ED003,1968-10-13,discharge/débit,32.3,
01ED003,1968-10-14,discharge/débit,35.4,
01ED003,1968-10-15,discharge/débit,49.8,
01ED003,1968-10-16,discharge/débit,40.2,
01ED003,1968-10-17,discharge/débit,28.6,
01ED003,1968-10-18,discharge/débit,38.2,
01ED003,1968-10-19,discharge/débit,41.3,
01ED003,1968-10-20,discharge/débit,26.6,
01ED003,1968-10-21,discharge/débit,52.7,
01ED003,1968-10-22,discharge/débit,46.4,
01ED003,1968-10-23,discharge/débit,53.8,
01ED003,1968-10-24,discharge/débit,64.8,
01ED003,1968-10-25,discharge/débit,69.7,
01ED003,1968-10-26,discharge/débit,43.6,
01ED003,1968-10-27,discharge/débit,45.6,
01ED003,1968-10-28,discharge/débit,54.1,
01ED003,1968-10-29,discharge/débit,56.9,
01ED003,1968-10-30,discharge/débit,37.4,
01ED003,1968-10-31,discharge/débit,34.8,
01ED003,1968-11-01,discharge/débit,55.2,
01ED003,1968-11-02,discharge/débit,46.7,
01ED003,1968-11-03,discharge/débit,19.0,
01ED003,1968-11-04,discharge/débit,25.9,
01ED003,1968-11-05,discharge/débit,14.9,
01ED003,1968-11-06,discharge/débit,7.93,
01ED003,1968-11-07,discharge/débit,12.4,
01ED003,1968-11-08,discharge/débit,20.2,
01ED003,1968-11-09,discharge/débit,20.1,
01ED003,1968-11-10,discharge/débit,28.3,
01ED003,1968-11-11,discharge/débit,34.8,
01ED003,1968-11-12,discharge/débit,35.1,
01ED003,1968-11-13,discharge/débit,36.8,
01ED003,1968-11-14,discharge/débit,42.5,
01ED003,1968-11-15,discharge/débit,42.2,
01ED003,1968-11-16,discharge/débit,40.5,
01ED003,1968-11-17,discharge/débit,30.9,
01ED003,1968-11-18,discharge/débit,26.4,
01ED003,1968-11-19,discharge/débit,37.4,
01ED003,1968-11-20,discharge/débit,45.9,
01ED003,1968-11-21,discharge/débit,35.1,
01ED003,1968-11-22,discharge/débit,36.8,
01ED003,1968-11-23,discharge/débit,23.1,
01ED003,1968-11-24,discharge/débit,18.9,
01ED003,1968-11-25,discharge/débit,27.0,
01ED003,1968-11-26,discharge/débit,22.8,
01ED003,1968-11-27,discharge/débit,27.6,
01ED003,1968-11-28,discharge/débit,34.0,
01ED003,1968-11-29,discharge/débit,37.9,
01ED003,1968-11-30,discharge/débit,27.8,
01ED003,1968-12-01,discharge/débit,23.0,
01ED003,1968-12-02,discharge/débit,37.7,
01ED003,1968-12-03,discharge/débit,41.3,
01ED003,1968-12-04,discharge/débit,36.2,
01ED003,1968-12-05,discharge/débit,44.2,
01ED003,1968-12-06,discharge/débit,51.3,
01ED003,1968-12-07,discharge/débit,34.5,
01ED003,1968-12-08,discharge/débit,24.5,
01ED003,1968-12-09,discharge/débit,29.4,
01ED003,1968-12-10,discharge/débit,38.8,
01ED003,1968-12-11,discharge/débit,36.0,
01ED003,1968-12-12,discharge/débit,36.8,
01ED003,1968-12-13,discharge/débit,32.6,
01ED003,1968-12-14,discharge/débit,42.5,
01ED003,1968-12-15,discharge/débit,26.6,
01ED003,1968-12-16,discharge/débit,43.6,
01ED003,1968-12-17,discharge/débit,42.8,
01ED003,1968-12-18,discharge/débit,40.8,
01ED003,1968-12-19,discharge/débit,28.2,
01ED003,1968-12-20,discharge/débit,33.1,
01ED003,1968-12-21,discharge/débit,43.0,
01ED003,1968-12-22,discharge/débit,43.3,
01ED003,1968-12-23,discharge/débit,43.6,
01ED003,1968-12-24,discharge/débit,32.6,
01ED003,1968-12-25,discharge/débit,34.8,
01ED003,1968-12-26,discharge/débit,41.6,
01ED003,1968-12-27,discharge/débit,37.1,
01ED003,1968-12-28,discharge/débit,24.2,
01ED003,1968-12-29,discharge/débit,40.8,
01ED003,1968-12-30,discharge/débit,43.9,
01ED003,1968-12-31,discharge/débit,29.7,
01ED003,1969-01-01,discharge/débit,58.0,
01ED003,1969-01-02,discharge/débit,61.7,
01ED003,1969-01-03,discharge/débit,57.2,
01ED003,1969-01-04,discharge/débit,49.8,
01ED003,1969-01-05,discharge/débit,69.9,
01ED003,1969-01-06,discharge/débit,68.2,
01ED003,1969-01-07,discharge/débit,61.7,
01ED003,1969-01-08,discharge/débit,77.3,
01ED003,1969-01-09,discharge/débit,66.8,
01ED003,1969-01-10,discharge/débit,69.9,
01ED003,1969-01-11,discharge/débit,59.7,
01ED003,1969-01-12,discharge/débit,46.4,
01ED003,1969-01-13,discharge/débit,60.9,
01ED003,1969-01-14,discharge/débit,55.2,
01ED003,1969-01-15,discharge/débit,34.3,
01ED003,1969-01-16,discharge/débit,34.5,
01ED003,1969-01-17,discharge/débit,39.6,
01ED003,1969-01-18,discharge/débit,48.1,
01ED003,1969-01-19,discharge/débit,34.3,
01ED003,1969-01-20,discharge/débit,47.6,
01ED003,1969-01-21,discharge/débit,45.6,
01ED003,1969-01-22,discharge/débit,64.6,
01ED003,1969-01-23,discharge/débit,58.6,
01ED003,1969-01-24,discharge/débit,66.3,
01ED003,1969-01-25,discharge/débit,61.4,
01ED003,1969-01-26,discharge/débit,59.5,
01ED003,1969-01-27,discharge/débit,55.8,
01ED003,1969-01-28,discharge/débit,56.6,
01ED003,1969-01-29,discharge/débit,50.1,
01ED003,1969-01-30,discharge/débit,38.5,
01ED003,1969-01-31,discharge/débit,44.5,
01ED003,1969-02-01,discharge/débit,36.2,
01ED003,1969-02-02,discharge/débit,45.6,
01ED003,1969-02-03,discharge/débit,55.5,
01ED003,1969-02-04,discharge/débit,69.4,
01ED003,1969-02-05,discharge/débit,71.6,
01ED003,1969-02-06,discharge/débit,78.2,
01ED003,1969-02-07,discharge/débit,68.2,
01ED003,1969-02-08,discharge/débit,64.8,
01ED003,1969-02-09,discharge/débit,62.3,
01ED003,1969-02-10,discharge/débit,58.3,
01ED003,1969-02-11,discharge/débit,59.7,
01ED003,1969-02-12,discharge/débit,62.0,
01ED003,1969-02-13,discharge/débit,46.4,
01ED003,1969-02-14,discharge/débit,48.1,
01ED003,1969-02-15,discharge/débit,72.5,
01ED003,1969-02-16,discharge/débit,58.3,
01ED003,1969-02-17,discharge/débit,71.9,
01ED003,1969-02-18,discharge/débit,53.0,
01ED003,1969-02-19,discharge/débit,58.9,
01ED003,1969-02-20,discharge/débit,56.4,
01ED003,1969-02-21,discharge/débit,59.2,
01ED003,1969-02-22,discharge/débit,45.3,
01ED003,1969-02-23,discharge/débit,48.1,
01ED003,1969-02-24,discharge/débit,67.7,
01ED003,1969-02-25,discharge/débit,63.7,
01ED003,1969-02-26,discharge/débit,77.0,
01ED003,1969-02-27,discharge/débit,63.7,
01ED003,1969-02-28,discharge/débit,67.4,
01ED003,1969-03-01,discharge/débit,52.1,
01ED003,1969-03-02,discharge/débit,56.6,
01ED003,1969-03-03,discharge/débit,66.8,
01ED003,1969-03-04,discharge/débit,65.1,
01ED003,1969-03-05,discharge/débit,66.0,
01ED003,1969-03-06,discharge/débit,67.4,
01ED003,1969-03-07,discharge/débit,66.3,
01ED003,1969-03-08,discharge/débit,69.1,
01ED003,1969-03-09,discharge/débit,47.9,
01ED003,1969-03-10,discharge/débit,73.3,
01ED003,1969-03-11,discharge/débit,66.8,
01ED003,1969-03-12,discharge/débit,60.0,
01ED003,1969-03-13,discharge/débit,61.7,
01ED003,1969-03-14,discharge/débit,62.6,
01ED003,1969-03-15,discharge/débit,62.3,
01ED003,1969-03-16,discharge/débit,52.7,
01ED003,1969-03-17,discharge/débit,56.4,
01ED003,1969-03-18,discharge/débit,63.4,
01ED003,1969-03-19,discharge/débit,62.0,
01ED003,1969-03-20,discharge/débit,59.7,
01ED003,1969-03-21,discharge/débit,67.1,
01ED003,1969-03-22,discharge/débit,70.5,
01ED003,1969-03-23,discharge/débit,65.1,
01ED003,1969-03-24,discharge/débit,79.3,
01ED003,1969-03-25,discharge/débit,79.9,
01ED003,1969-03-26,discharge/débit,97.4,
01ED003,1969-03-27,discharge/débit,69.7,
01ED003,1969-03-28,discharge/débit,60.3,
01ED003,1969-03-29,discharge/débit,49.6,
01ED003,1969-03-30,discharge/débit,38.2,
01ED003,1969-03-31,discharge/débit,49.6,
01ED003,1969-04-01,discharge/débit,45.6,
01ED003,1969-04-02,discharge/débit,49.6,
01ED003,1969-04-03,discharge/débit,38.8,
01ED003,1969-04-04,discharge/débit,26.9,
01ED003,1969-04-05,discharge/débit,32.6,
01ED003,1969-04-06,discharge/débit,37.4,
01ED003,1969-04-07,discharge/débit,39.4,
01ED003,1969-04-08,discharge/débit,49.8,
01ED003,1969-04-09,discharge/débit,59.7,
01ED003,1969-04-10,discharge/débit,41.1,
01ED003,1969-04-11,discharge/débit,32.0,
01ED003,1969-04-12,discharge/débit,27.6,
01ED003,1969-04-13,discharge/débit,26.9,
01ED003,1969-04-14,discharge/débit,32.0,
01ED003,1969-04-15,discharge/débit,44.2,
01ED003,1969-04-16,discharge/débit,35.4,
01ED003,1969-04-17,discharge/débit,55.5,
01ED003,1969-04-18,discharge/débit,44.2,
01ED003,1969-04-19,discharge/débit,49.0,
01ED003,1969-04-20,discharge/débit,38.8,
01ED003,1969-04-21,discharge/débit,50.4,
01ED003,1969-04-22,discharge/débit,41.6,
01ED003,1969-04-23,discharge/débit,53.5,
01ED003,1969-04-24,discharge/débit,47.0,
01ED003,1969-04-25,discharge/débit,44.7,
01ED003,1969-04-26,discharge/débit,34.8,
01ED003,1969-04-27,discharge/débit,37.9,
01ED003,1969-04-28,discharge/débit,44.7,
01ED003,1969-04-29,discharge/débit,43.9,
01ED003,1969-04-30,discharge/débit,41.1,
01ED003,1969-05-01,discharge/débit,39.9,
01ED003,1969-05-02,discharge/débit,47.0,
01ED003,1969-05-03,discharge/débit,42.5,
01ED003,1969-05-04,discharge/débit,35.4,
01ED003,1969-05-05,discharge/débit,49.0,
01ED003,1969-05-06,discharge/débit,55.2,
01ED003,1969-05-07,discharge/débit,47.9,
01ED003,1969-05-08,discharge/débit,45.0,
01ED003,1969-05-09,discharge/débit,68.8,
01ED003,1969-05-10,discharge/débit,58.6,
01ED003,1969-05-11,discharge/débit,37.7,
01ED003,1969-05-12,discharge/débit,73.3,
01ED003,1969-05-13,discharge/débit,64.8,
01ED003,1969-05-14,discharge/débit,52.1,
01ED003,1969-05-15,discharge/débit,45.0,
01ED003,1969-05-16,discharge/débit,47.0,
01ED003,1969-05-17,discharge/débit,43.9,
01ED003,1969-05-18,discharge/débit,45.6,
01ED003,1969-05-19,discharge/débit,51.8,
01ED003,1969-05-20,discharge/débit,62.0,
01ED003,1969-05-21,discharge/débit,53.5,
01ED003,1969-05-22,discharge/débit,34.8,
01ED003,1969-05-23,discharge/débit,51.0,
01ED003,1969-05-24,discharge/débit,33.4,
01ED003,1969-05-25,discharge/débit,35.7,
01ED003,1969-05-26,discharge/débit,43.6,
01ED003,1969-05-27,discharge/débit,49.0,
01ED003,1969-05-28,discharge/débit,38.2,
01ED003,1969-05-29,discharge/débit,47.3,
01ED003,1969-05-30,discharge/débit,37.1,
01ED003,1969-05-31,discharge/débit,22.8,
01ED003,1969-06-01,discharge/débit,52.1,
01ED003,1969-06-02,discharge/débit,41.6,
01ED003,1969-06-03,discharge/débit,45.9,
01ED003,1969-06-04,discharge/débit,49.0,
01ED003,1969-06-05,discharge/débit,43.9,
01ED003,1969-06-06,discharge/débit,44.2,
01ED003,1969-06-07,discharge/débit,41.6,
01ED003,1969-06-08,discharge/débit,25.5,
01ED003,1969-06-09,discharge/débit,39.4,
01ED003,1969-06-10,discharge/débit,41.9,
01ED003,1969-06-11,discharge/débit,31.7,
01ED003,1969-06-12,discharge/débit,38.8,
01ED003,1969-06-13,discharge/débit,47.3,
01ED003,1969-06-14,discharge/débit,55.5,
01ED003,1969-06-15,discharge/débit,47.9,
01ED003,1969-06-16,discharge/débit,49.0,
01ED003,1969-06-17,discharge/débit,34.3,
01ED003,1969-06-18,discharge/débit,31.1,
01ED003,1969-06-19,discharge/débit,54.4,
01ED003,1969-06-20,discharge/débit,57.8,
01ED003,1969-06-21,discharge/débit,60.6,
01ED003,1969-06-22,discharge/débit,58.6,
01ED003,1969-06-23,discharge/débit,52.7,
01ED003,1969-06-24,discharge/débit,47.6,
01ED003,1969-06-25,discharge/débit,61.2,
01ED003,1969-06-26,discharge/débit,43.9,
01ED003,1969-06-27,discharge/débit,54.7,
01ED003,1969-06-28,discharge/débit,45.0,
01ED003,1969-06-29,discharge/débit,28.6,
01ED003,1969-06-30,discharge/débit,33.1,
01ED003,1969-07-01,discharge/débit,29.4,
01ED003,1969-07-02,discharge/débit,45.3,
01ED003,1969-07-03,discharge/débit,49.3,
01ED003,1969-07-04,discharge/débit,31.1,
01ED003,1969-07-05,discharge/débit,21.7,
01ED003,1969-07-06,discharge/débit,25.9,
01ED003,1969-07-07,discharge/débit,44.2,
01ED003,1969-07-08,discharge/débit,52.7,
01ED003,1969-07-09,discharge/débit,48.7,
01ED003,1969-07-10,discharge/débit,56.4,
01ED003,1969-07-11,discharge/débit,60.3,
01ED003,1969-07-12,discharge/débit,50.1,
01ED003,1969-07-13,discharge/débit,39.1,
01ED003,1969-07-14,discharge/débit,60.9,
01ED003,1969-07-15,discharge/débit,52.1,
01ED003,1969-07-16,discharge/débit,64.0,
01ED003,1969-07-17,discharge/débit,56.4,
01ED003,1969-07-18,discharge/débit,64.0,
01ED003,1969-07-19,discharge/débit,51.0,
01ED003,1969-07-20,discharge/débit,45.6,
01ED003,1969-07-21,discharge/débit,46.7,
01ED003,1969-07-22,discharge/débit,56.6,
01ED003,1969-07-23,discharge/débit,49.6,
01ED003,1969-07-24,discharge/débit,55.2,
01ED003,1969-07-25,discharge/débit,56.6,
01ED003,1969-07-26,discharge/débit,53.2,
01ED003,1969-07-27,discharge/débit,53.0,
01ED003,1969-07-28,discharge/débit,44.7,
01ED003,1969-07-29,discharge/débit,60.3,
01ED003,1969-07-30,discharge/débit,68.0,
01ED003,1969-07-31,discharge/débit,55.5,
01ED003,1969-08-01,discharge/débit,62.0,
01ED003,1969-08-02,discharge/débit,69.1,
01ED003,1969-08-03,discharge/débit,43.0,
01ED003,1969-08-04,discharge/débit,67.7,
01ED003,1969-08-05,discharge/débit,52.7,
01ED003,1969-08-06,discharge/débit,53.8,
01ED003,1969-08-07,discharge/débit,57.2,
01ED003,1969-08-08,discharge/débit,59.7,
01ED003,1969-08-09,discharge/débit,49.3,
01ED003,1969-08-10,discharge/débit,54.1,
01ED003,1969-08-11,discharge/débit,27.1,
01ED003,1969-08-12,discharge/débit,38.2,
01ED003,1969-08-13,discharge/débit,62.3,
01ED003,1969-08-14,discharge/débit,56.4,
01ED003,1969-08-15,discharge/débit,59.7,
01ED003,1969-08-16,discharge/débit,53.0,
01ED003,1969-08-17,discharge/débit,51.0,
01ED003,1969-08-18,discharge/débit,65.7,
01ED003,1969-08-19,discharge/débit,69.4,
01ED003,1969-08-20,discharge/débit,58.3,
01ED003,1969-08-21,discharge/débit,48.1,
01ED003,1969-08-22,discharge/débit,47.3,
01ED003,1969-08-23,discharge/débit,61.7,
01ED003,1969-08-24,discharge/débit,49.3,
01ED003,1969-08-25,discharge/débit,51.8,
01ED003,1969-08-26,discharge/débit,73.9,
01ED003,1969-08-27,discharge/débit,71.1,
01ED003,1969-08-28,discharge/débit,66.0,
01ED003,1969-08-29,discharge/débit,68.8,
01ED003,1969-08-30,discharge/débit,51.8,
01ED003,1969-08-31,discharge/débit,59.2,
01ED003,1969-09-01,discharge/débit,33.1,
01ED003,1969-09-02,discharge/débit,59.2,
01ED003,1969-09-03,discharge/débit,69.4,
01ED003,1969-09-04,discharge/débit,59.5,
01ED003,1969-09-05,discharge/débit,62.6,
01ED003,1969-09-06,discharge/débit,62.0,
01ED003,1969-09-07,discharge/débit,54.4,
01ED003,1969-09-08,discharge/débit,60.9,
01ED003,1969-09-09,discharge/débit,50.4,
01ED003,1969-09-10,discharge/débit,42.2,
01ED003,1969-09-11,discharge/débit,56.4,
01ED003,1969-09-12,discharge/débit,45.0,
01ED003,1969-09-13,discharge/débit,47.9,
01ED003,1969-09-14,discharge/débit,36.2,
01ED003,1969-09-15,discharge/débit,57.8,
01ED003,1969-09-16,discharge/débit,52.7,
01ED003,1969-09-17,discharge/débit,54.4,
01ED003,1969-09-18,discharge/débit,43.0,
01ED003,1969-09-19,discharge/débit,40.5,
01ED003,1969-09-20,discharge/débit,36.0,
01ED003,1969-09-21,discharge/débit,48.1,
01ED003,1969-09-22,discharge/débit,51.8,
01ED003,1969-09-23,discharge/débit,41.6,
01ED003,1969-09-24,discharge/débit,49.0,
01ED003,1969-09-25,discharge/débit,66.5,
01ED003,1969-09-26,discharge/débit,60.9,
01ED003,1969-09-27,discharge/débit,58.3,
01ED003,1969-09-28,discharge/débit,35.7,
01ED003,1969-09-29,discharge/débit,46.2,
01ED003,1969-09-30,discharge/débit,64.0,
01ED003,1969-10-01,discharge/débit,61.4,
01ED003,1969-10-02,discharge/débit,58.6,
01ED003,1969-10-03,discharge/débit,53.2,
01ED003,1969-10-04,discharge/débit,71.4,
01ED003,1969-10-05,discharge/débit,47.0,
01ED003,1969-10-06,discharge/débit,73.3,
01ED003,1969-10-07,discharge/débit,64.3,
01ED003,1969-10-08,discharge/débit,56.6,
01ED003,1969-10-09,discharge/débit,51.8,
01ED003,1969-10-10,discharge/débit,42.8,
01ED003,1969-10-11,discharge/débit,34.8,
01ED003,1969-10-12,discharge/débit,26.1,
01ED003,1969-10-13,discharge/débit,28.9,
01ED003,1969-10-14,discharge/débit,56.6,
01ED003,1969-10-15,discharge/débit,48.4,
01ED003,1969-10-16,discharge/débit,42.5,
01ED003,1969-10-17,discharge/débit,56.1,
01ED003,1969-10-18,discharge/débit,55.8,
01ED003,1969-10-19,discharge/débit,61.2,
01ED003,1969-10-20,discharge/débit,70.8,
01ED003,1969-10-21,discharge/débit,66.3,
01ED003,1969-10-22,discharge/débit,58.3,
01ED003,1969-10-23,discharge/débit,51.8,
01ED003,1969-10-24,discharge/débit,63.1,
01ED003,1969-10-25,discharge/débit,47.3,
01ED003,1969-10-26,discharge/débit,49.3,
01ED003,1969-10-27,discharge/débit,55.5,
01ED003,1969-10-28,discharge/débit,23.7,
01ED003,1969-10-29,discharge/débit,16.4,
01ED003,1969-10-30,discharge/débit,23.5,
01ED003,1969-10-31,discharge/débit,21.3,
01ED003,1969-11-01,discharge/débit,21.2,
01ED003,1969-11-02,discharge/débit,12.8,
01ED003,1969-11-03,discharge/débit,21.2,
01ED003,1969-11-04,discharge/débit,19.5,
01ED003,1969-11-05,discharge/débit,30.6,
01ED003,1969-11-06,discharge/débit,23.6,
01ED003,1969-11-07,discharge/débit,26.8,
01ED003,1969-11-08,discharge/débit,30.6,
01ED003,1969-11-09,discharge/débit,13.3,A
01ED003,1969-11-10,discharge/débit,20.6,E
01ED003,1969-11-11,discharge/débit,17.7,E
01ED003,1969-11-12,discharge/débit,25.8,E
01ED003,1969-11-13,discharge/débit,25.4,E
01ED003,1969-11-14,discharge/débit,26.8,E
01ED003,1969-11-15,discharge/débit,32.0,E
01ED003,1969-11-16,discharge/débit,21.7,A
01ED003,1969-11-17,discharge/débit,31.7,
01ED003,1969-11-18,discharge/débit,19.5,
01ED003,1969-11-19,discharge/débit,24.9,
01ED003,1969-11-20,discharge/débit,28.6,
01ED003,1969-11-21,discharge/débit,26.2,
01ED003,1969-11-22,discharge/débit,23.5,
01ED003,1969-11-23,discharge/débit,19.5,
01ED003,1969-11-24,discharge/débit,21.9,
01ED003,1969-11-25,discharge/débit,17.3,
01ED003,1969-11-26,discharge/débit,35.4,
01ED003,1969-11-27,discharge/débit,22.0,
01ED003,1969-11-28,discharge/débit,32.8,
01ED003,1969-11-29,discharge/débit,15.7,
01ED003,1969-11-30,discharge/débit,15.3,
01ED003,1969-12-01,discharge/débit,26.2,
01ED003,1969-12-02,discharge/débit,25.8,
01ED003,1969-12-03,discharge/débit,24.3,
01ED003,1969-12-04,discharge/débit,33.7,
01ED003,1969-12-05,discharge/débit,48.7,
01ED003,1969-12-06,discharge/débit,31.1,
01ED003,1969-12-07,discharge/débit,36.5,
01ED003,1969-12-08,discharge/débit,17.6,
01ED003,1969-12-09,discharge/débit,28.9,
01ED003,1969-12-10,discharge/débit,39.4,
01ED003,1969-12-11,discharge/débit,50.4,
01ED003,1969-12-12,discharge/débit,43.9,
01ED003,1969-12-13,discharge/débit,36.0,
01ED003,1969-12-14,discharge/débit,36.5,
01ED003,1969-12-15,discharge/débit,28.9,
01ED003,1969-12-16,discharge/débit,37.9,
01ED003,1969-12-17,discharge/débit,31.4,
01ED003,1969-12-18,discharge/débit,30.9,
01ED003,1969-12-19,discharge/débit,37.9,
01ED003,1969-12-20,discharge/débit,44.2,
01ED003,1969-12-21,discharge/débit,61.4,
01ED003,1969-12-22,discharge/débit,43.9,
01ED003,1969-12-23,discharge/débit,55.8,
01ED003,1969-12-24,discharge/débit,48.7,
01ED003,1969-12-25,discharge/débit,30.0,
01ED003,1969-12-26,discharge/débit,40.2,
01ED003,1969-12-27,discharge/débit,36.0,
01ED003,1969-12-28,discharge/débit,34.8,
01ED003,1969-12-29,discharge/débit,45.6,
01ED003,1969-12-30,discharge/débit,43.6,
01ED003,1969-12-31,discharge/débit,36.8,
01ED003,1970-01-01,discharge/débit,27.2,
01ED003,1970-01-02,discharge/débit,34.5,
01ED003,1970-01-03,discharge/débit,34.3,
01ED003,1970-01-04,discharge/débit,31.7,
01ED003,1970-01-05,discharge/débit,44.2,
01ED003,1970-01-06,discharge/débit,30.0,
01ED003,1970-01-07,discharge/débit,25.6,
01ED003,1970-01-08,discharge/débit,18.1,
01ED003,1970-01-09,discharge/débit,29.7,
01ED003,1970-01-10,discharge/débit,33.4,
01ED003,1970-01-11,discharge/débit,23.7,
01ED003,1970-01-12,discharge/débit,50.7,
01ED003,1970-01-13,discharge/débit,39.6,
01ED003,1970-01-14,discharge/débit,50.1,
01ED003,1970-01-15,discharge/débit,53.2,
01ED003,1970-01-16,discharge/débit,50.1,
01ED003,1970-01-17,discharge/débit,48.1,
01ED003,1970-01-18,discharge/débit,52.1,
01ED003,1970-01-19,discharge/débit,60.0,
01ED003,1970-01-20,discharge/débit,54.4,
01ED003,1970-01-21,discharge/débit,44.7,
01ED003,1970-01-22,discharge/débit,36.5,
01ED003,1970-01-23,discharge/débit,37.9,
01ED003,1970-01-24,discharge/débit,24.8,
01ED003,1970-01-25,discharge/débit,28.6,
01ED003,1970-01-26,discharge/débit,34.8,
01ED003,1970-01-27,discharge/débit,26.4,
01ED003,1970-01-28,discharge/débit,31.1,
01ED003,1970-01-29,discharge/débit,27.2,
01ED003,1970-01-30,discharge/débit,22.7,
01ED003,1970-01-31,discharge/débit,35.4,
01ED003,1970-02-01,discharge/débit,23.8,
01ED003,1970-02-02,discharge/débit,38.5,
01ED003,1970-02-03,discharge/débit,32.8,
01ED003,1970-02-04,discharge/débit,49.0,
01ED003,1970-02-05,discharge/débit,58.0,
01ED003,1970-02-06,discharge/débit,60.9,
01ED003,1970-02-07,discharge/débit,60.9,
01ED003,1970-02-08,discharge/débit,41.3,
01ED003,1970-02-09,discharge/débit,37.7,
01ED003,1970-02-10,discharge/débit,41.1,
01ED003,1970-02-11,discharge/débit,37.7,
01ED003,1970-02-12,discharge/débit,34.8,
01ED003,1970-02-13,discharge/débit,39.1,
01ED003,1970-02-14,discharge/débit,42.2,
01ED003,1970-02-15,discharge/débit,36.8,
01ED003,1970-02-16,discharge/débit,37.4,
01ED003,1970-02-17,discharge/débit,39.9,
01ED003,1970-02-18,discharge/débit,33.1,
01ED003,1970-02-19,discharge/débit,26.9,
01ED003,1970-02-20,discharge/débit,31.4,
01ED003,1970-02-21,discharge/débit,26.6,
01ED003,1970-02-22,discharge/débit,33.4,
01ED003,1970-02-23,discharge/débit,40.5,
01ED003,1970-02-24,discharge/débit,43.0,
01ED003,1970-02-25,discharge/débit,27.2,
01ED003,1970-02-26,discharge/débit,38.5,
01ED003,1970-02-27,discharge/débit,74.8,
01ED003,1970-02-28,discharge/débit,53.2,
01ED003,1970-03-01,discharge/débit,73.6,
01ED003,1970-03-02,discharge/débit,40.8,
01ED003,1970-03-03,discharge/débit,29.4,
01ED003,1970-03-04,discharge/débit,33.1,
01ED003,1970-03-05,discharge/débit,33.7,
01ED003,1970-03-06,discharge/débit,43.3,
01ED003,1970-03-07,discharge/débit,40.2,
01ED003,1970-03-08,discharge/débit,31.4,
01ED003,1970-03-09,discharge/débit,29.2,
01ED003,1970-03-10,discharge/débit,20.9,
01ED003,1970-03-11,discharge/débit,44.7,
01ED003,1970-03-12,discharge/débit,27.4,
01ED003,1970-03-13,discharge/débit,33.7,
01ED003,1970-03-14,discharge/débit,39.6,
01ED003,1970-03-15,discharge/débit,31.1,
01ED003,1970-03-16,discharge/débit,41.9,
01ED003,1970-03-17,discharge/débit,35.1,
01ED003,1970-03-18,discharge/débit,25.4,
01ED003,1970-03-19,discharge/débit,29.4,
01ED003,1970-03-20,discharge/débit,31.1,
01ED003,1970-03-21,discharge/débit,28.6,
01ED003,1970-03-22,discharge/débit,21.2,
01ED003,1970-03-23,discharge/débit,46.7,
01ED003,1970-03-24,discharge/débit,40.2,
01ED003,1970-03-25,discharge/débit,47.6,
01ED003,1970-03-26,discharge/débit,35.4,
01ED003,1970-03-27,discharge/débit,48.4,
01ED003,1970-03-28,discharge/débit,56.1,
01ED003,1970-03-29,discharge/débit,39.4,
01ED003,1970-03-30,discharge/débit,30.0,
01ED003,1970-03-31,discharge/débit,39.1,
01ED003,1970-04-01,discharge/débit,34.3,
01ED003,1970-04-02,discharge/débit,43.9,
01ED003,1970-04-03,discharge/débit,81.3,
01ED003,1970-04-04,discharge/débit,53.0,
01ED003,1970-04-05,discharge/débit,53.5,
01ED003,1970-04-06,discharge/débit,44.7,
01ED003,1970-04-07,discharge/débit,32.3,
01ED003,1970-04-08,discharge/débit,35.1,
01ED003,1970-04-09,discharge/débit,32.8,
01ED003,1970-04-10,discharge/débit,38.5,
01ED003,1970-04-11,discharge/débit,62.3,
01ED003,1970-04-12,discharge/débit,33.1,
01ED003,1970-04-13,discharge/débit,37.4,
01ED003,1970-04-14,discharge/débit,21.5,
01ED003,1970-04-15,discharge/débit,49.8,
01ED003,1970-04-16,discharge/débit,30.3,
01ED003,1970-04-17,discharge/débit,34.0,
01ED003,1970-04-18,discharge/débit,53.8,
01ED003,1970-04-19,discharge/débit,69.4,
01ED003,1970-04-20,discharge/débit,44.5,
01ED003,1970-04-21,discharge/débit,32.3,
01ED003,1970-04-22,discharge/débit,29.7,
01ED003,1970-04-23,discharge/débit,17.3,
01ED003,1970-04-24,discharge/débit,39.6,
01ED003,1970-04-25,discharge/débit,42.8,
01ED003,1970-04-26,discharge/débit,34.8,
01ED003,1970-04-27,discharge/débit,27.6,
01ED003,1970-04-28,discharge/débit,35.7,
01ED003,1970-04-29,discharge/débit,28.3,
01ED003,1970-04-30,discharge/débit,41.6,
01ED003,1970-05-01,discharge/débit,38.2,
01ED003,1970-05-02,discharge/débit,40.8,
01ED003,1970-05-03,discharge/débit,34.8,
01ED003,1970-05-04,discharge/débit,30.6,
01ED003,1970-05-05,discharge/débit,47.6,
01ED003,1970-05-06,discharge/débit,39.4,
01ED003,1970-05-07,discharge/débit,32.0,
01ED003,1970-05-08,discharge/débit,48.7,
01ED003,1970-05-09,discharge/débit,51.8,
01ED003,1970-05-10,discharge/débit,47.9,
01ED003,1970-05-11,discharge/débit,43.3,
01ED003,1970-05-12,discharge/débit,69.9,
01ED003,1970-05-13,discharge/débit,42.5,
01ED003,1970-05-14,discharge/débit,44.7,
01ED003,1970-05-15,discharge/débit,55.2,
01ED003,1970-05-16,discharge/débit,63.1,
01ED003,1970-05-17,discharge/débit,45.9,
01ED003,1970-05-18,discharge/débit,51.8,
01ED003,1970-05-19,discharge/débit,53.2,
01ED003,1970-05-20,discharge/débit,68.8,
01ED003,1970-05-21,discharge/débit,54.7,
01ED003,1970-05-22,discharge/débit,50.7,
01ED003,1970-05-23,discharge/débit,54.4,
01ED003,1970-05-24,discharge/débit,48.4,
01ED003,1970-05-25,discharge/débit,62.6,
01ED003,1970-05-26,discharge/débit,62.0,
01ED003,1970-05-27,discharge/débit,49.8,
01ED003,1970-05-28,discharge/débit,49.3,
01ED003,1970-05-29,discharge/débit,47.6,
01ED003,1970-05-30,discharge/débit,49.0,
01ED003,1970-05-31,discharge/débit,51.3,
01ED003,1970-06-01,discharge/débit,29.4,
01ED003,1970-06-02,discharge/débit,51.8,
01ED003,1970-06-03,discharge/débit,53.0,
01ED003,1970-06-04,discharge/débit,60.3,
01ED003,1970-06-05,discharge/débit,58.6,
01ED003,1970-06-06,discharge/débit,47.6,
01ED003,1970-06-07,discharge/débit,37.9,
01ED003,1970-06-08,discharge/débit,76.5,
01ED003,1970-06-09,discharge/débit,61.2,
01ED003,1970-06-10,discharge/débit,72.2,
01ED003,1970-06-11,discharge/débit,67.4,
01ED003,1970-06-12,discharge/débit,62.6,
01ED003,1970-06-13,discharge/débit,59.2,
01ED003,1970-06-14,discharge/débit,43.6,
01ED003,1970-06-15,discharge/débit,36.5,
01ED003,1970-06-16,discharge/débit,27.6,
01ED003,1970-06-17,discharge/débit,27.0,
01ED003,1970-06-18,discharge/débit,31.4,
01ED003,1970-06-19,discharge/débit,30.3,
01ED003,1970-06-20,discharge/débit,40.2,
01ED003,1970-06-21,discharge/débit,20.3,
01ED003,1970-06-22,discharge/débit,35.4,
01ED003,1970-06-23,discharge/débit,24.7,
01ED003,1970-06-24,discharge/débit,33.1,
01ED003,1970-06-25,discharge/débit,52.4,
01ED003,1970-06-26,discharge/débit,38.5,
01ED003,1970-06-27,discharge/débit,29.2,
01ED003,1970-06-28,discharge/débit,43.3,
01ED003,1970-06-29,discharge/débit,47.6,
01ED003,1970-06-30,discharge/débit,49.0,
01ED003,1970-07-01,discharge/débit,13.0,
01ED003,1970-07-02,discharge/débit,31.4,
01ED003,1970-07-03,discharge/débit,32.0,
01ED003,1970-07-04,discharge/débit,23.7,
01ED003,1970-07-05,discharge/débit,18.1,
01ED003,1970-07-06,discharge/débit,19.7,
01ED003,1970-07-07,discharge/débit,32.8,
01ED003,1970-07-08,discharge/débit,35.7,
01ED003,1970-07-09,discharge/débit,60.9,
01ED003,1970-07-10,discharge/débit,56.6,
01ED003,1970-07-11,discharge/débit,26.0,
01ED003,1970-07-12,discharge/débit,16.8,
01ED003,1970-07-13,discharge/débit,26.5,
01ED003,1970-07-14,discharge/débit,31.7,
01ED003,1970-07-15,discharge/débit,30.6,
01ED003,1970-07-16,discharge/débit,32.0,
01ED003,1970-07-17,discharge/débit,33.7,
01ED003,1970-07-18,discharge/débit,25.7,
01ED003,1970-07-19,discharge/débit,25.0,
01ED003,1970-07-20,discharge/débit,26.9,
01ED003,1970-07-21,discharge/débit,44.5,
01ED003,1970-07-22,discharge/débit,42.5,
01ED003,1970-07-23,discharge/débit,41.9,
01ED003,1970-07-24,discharge/débit,53.5,
01ED003,1970-07-25,discharge/débit,48.4,
01ED003,1970-07-26,discharge/débit,49.0,
01ED003,1970-07-27,discharge/débit,48.4,
01ED003,1970-07-28,discharge/débit,41.9,
01ED003,1970-07-29,discharge/débit,82.1,
01ED003,1970-07-30,discharge/débit,68.2,
01ED003,1970-07-31,discharge/débit,74.5,
01ED003,1970-08-01,discharge/débit,72.2,
01ED003,1970-08-02,discharge/débit,59.7,
01ED003,1970-08-03,discharge/débit,62.3,
01ED003,1970-08-04,discharge/débit,49.6,
01ED003,1970-08-05,discharge/débit,41.6,
01ED003,1970-08-06,discharge/débit,33.4,
01ED003,1970-08-07,discharge/débit,39.9,
01ED003,1970-08-08,discharge/débit,39.4,
01ED003,1970-08-09,discharge/débit,30.9,
01ED003,1970-08-10,discharge/débit,43.9,
01ED003,1970-08-11,discharge/débit,46.7,
01ED003,1970-08-12,discharge/débit,67.1,
01ED003,1970-08-13,discharge/débit,36.8,
01ED003,1970-08-14,discharge/débit,48.7,
01ED003,1970-08-15,discharge/débit,46.2,
01ED003,1970-08-16,discharge/débit,29.4,
01ED003,1970-08-17,discharge/débit,57.5,
01ED003,1970-08-18,discharge/débit,58.0,
01ED003,1970-08-19,discharge/débit,51.3,
01ED003,1970-08-20,discharge/débit,55.8,
01ED003,1970-08-21,discharge/débit,59.2,
01ED003,1970-08-22,discharge/débit,56.9,
01ED003,1970-08-23,discharge/débit,40.8,
01ED003,1970-08-24,discharge/débit,61.2,
01ED003,1970-08-25,discharge/débit,48.1,
01ED003,1970-08-26,discharge/débit,40.8,
01ED003,1970-08-27,discharge/débit,34.8,
01ED003,1970-08-28,discharge/débit,44.2,
01ED003,1970-08-29,discharge/débit,34.8,
01ED003,1970-08-30,discharge/débit,27.1,
01ED003,1970-08-31,discharge/débit,51.3,
01ED003,1970-09-01,discharge/débit,37.7,
01ED003,1970-09-02,discharge/débit,37.9,
01ED003,1970-09-03,discharge/débit,48.4,
01ED003,1970-09-04,discharge/débit,69.4,
01ED003,1970-09-05,discharge/débit,62.9,
01ED003,1970-09-06,discharge/débit,33.1,
01ED003,1970-09-07,discharge/débit,21.4,
01ED003,1970-09-08,discharge/débit,36.2,
01ED003,1970-09-09,discharge/débit,35.1,
01ED003,1970-09-10,discharge/débit,45.3,
01ED003,1970-09-11,discharge/débit,35.4,
01ED003,1970-09-12,discharge/débit,32.8,
01ED003,1970-09-13,discharge/débit,20.8,
01ED003,1970-09-14,discharge/débit,43.0,
01ED003,1970-09-15,discharge/débit,31.7,
01ED003,1970-09-16,discharge/débit,50.4,
01ED003,1970-09-17,discharge/débit,41.3,
01ED003,1970-09-18,discharge/débit,40.8,
01ED003,1970-09-19,discharge/débit,29.7,
01ED003,1970-09-20,discharge/débit,25.1,
01ED003,1970-09-21,discharge/débit,39.9,
01ED003,1970-09-22,discharge/débit,45.3,
01ED003,1970-09-23,discharge/débit,58.6,
01ED003,1970-09-24,discharge/débit,47.3,
01ED003,1970-09-25,discharge/débit,46.4,
01ED003,1970-09-26,discharge/débit,33.4,
01ED003,1970-09-27,discharge/débit,26.8,
01ED003,1970-09-28,discharge/débit,41.3,
01ED003,1970-09-29,discharge/débit,43.0,
01ED003,1970-09-30,discharge/débit,27.6,
01ED003,1970-10-01,discharge/débit,47.9,
01ED003,1970-10-02,discharge/débit,33.4,
01ED003,1970-10-03,discharge/débit,31.1,
01ED003,1970-10-04,discharge/débit,29.4,
01ED003,1970-10-05,discharge/débit,66.3,
01ED003,1970-10-06,discharge/débit,40.8,
01ED003,1970-10-07,discharge/débit,37.7,
01ED003,1970-10-08,discharge/débit,35.7,
01ED003,1970-10-09,discharge/débit,26.5,
01ED003,1970-10-10,discharge/débit,28.3,
01ED003,1970-10-11,discharge/débit,31.1,
01ED003,1970-10-12,discharge/débit,30.9,
01ED003,1970-10-13,discharge/débit,21.2,
01ED003,1970-10-14,discharge/débit,26.3,
01ED003,1970-10-15,discharge/débit,20.9,
01ED003,1970-10-16,discharge/débit,23.0,
01ED003,1970-10-17,discharge/débit,32.0,
01ED003,1970-10-18,discharge/débit,20.0,
01ED003,1970-10-19,discharge/débit,21.0,
01ED003,1970-10-20,discharge/débit,19.7,
01ED003,1970-10-21,discharge/débit,18.8,
01ED003,1970-10-22,discharge/débit,20.1,
01ED003,1970-10-23,discharge/débit,31.4,
01ED003,1970-10-24,discharge/débit,40.8,
01ED003,1970-10-25,discharge/débit,42.2,
01ED003,1970-10-26,discharge/débit,55.8,
01ED003,1970-10-27,discharge/débit,53.0,
01ED003,1970-10-28,discharge/débit,48.4,
01ED003,1970-10-29,discharge/débit,41.6,
01ED003,1970-10-30,discharge/débit,27.2,
01ED003,1970-10-31,discharge/débit,51.3,
01ED003,1970-11-01,discharge/débit,45.6,
01ED003,1970-11-02,discharge/débit,37.7,
01ED003,1970-11-03,discharge/débit,35.4,
01ED003,1970-11-04,discharge/débit,32.6,
01ED003,1970-11-05,discharge/débit,49.0,
01ED003,1970-11-06,discharge/débit,30.3,
01ED003,1970-11-07,discharge/débit,27.5,
01ED003,1970-11-08,discharge/débit,24.6,
01ED003,1970-11-09,discharge/débit,38.2,
01ED003,1970-11-10,discharge/débit,45.0,
01ED003,1970-11-11,discharge/débit,32.8,
01ED003,1970-11-12,discharge/débit,38.8,
01ED003,1970-11-13,discharge/débit,44.2,
01ED003,1970-11-14,discharge/débit,43.3,
01ED003,1970-11-15,discharge/débit,57.5,
01ED003,1970-11-16,discharge/débit,59.5,
01ED003,1970-11-17,discharge/débit,60.0,
01ED003,1970-11-18,discharge/débit,69.1,
01ED003,1970-11-19,discharge/débit,49.6,
01ED003,1970-11-20,discharge/débit,56.4,
01ED003,1970-11-21,discharge/débit,70.8,
01ED003,1970-11-22,discharge/débit,77.6,
01ED003,1970-11-23,discharge/débit,54.9,
01ED003,1970-11-24,discharge/débit,75.9,
01ED003,1970-11-25,discharge/débit,68.2,
01ED003,1970-11-26,discharge/débit,62.6,
01ED003,1970-11-27,discharge/débit,51.5,
01ED003,1970-11-28,discharge/débit,51.3,
01ED003,1970-11-29,discharge/débit,46.7,
01ED003,1970-11-30,discharge/débit,36.5,
01ED003,1970-12-01,discharge/débit,48.4,
01ED003,1970-12-02,discharge/débit,38.5,
01ED003,1970-12-03,discharge/débit,29.2,
01ED003,1970-12-04,discharge/débit,43.0,
01ED003,1970-12-05,discharge/débit,41.9,
01ED003,1970-12-06,discharge/débit,50.1,
01ED003,1970-12-07,discharge/débit,47.6,
01ED003,1970-12-08,discharge/débit,62.3,
01ED003,1970-12-09,discharge/débit,63.7,
01ED003,1970-12-10,discharge/débit,72.2,
01ED003,1970-12-11,discharge/débit,57.5,
01ED003,1970-12-12,discharge/débit,54.1,
01ED003,1970-12-13,discharge/débit,54.9,
01ED003,1970-12-14,discharge/débit,59.2,
01ED003,1970-12-15,discharge/débit,66.3,
01ED003,1970-12-16,discharge/débit,79.3,
01ED003,1970-12-17,discharge/débit,54.7,
01ED003,1970-12-18,discharge/débit,67.4,
01ED003,1970-12-19,discharge/débit,52.7,
01ED003,1970-12-20,discharge/débit,40.2,
01ED003,1970-12-21,discharge/débit,64.8,
01ED003,1970-12-22,discharge/débit,69.9,
01ED003,1970-12-23,discharge/débit,44.7,
01ED003,1970-12-24,discharge/débit,25.8,
01ED003,1970-12-25,discharge/débit,29.7,
01ED003,1970-12-26,discharge/débit,45.6,
01ED003,1970-12-27,discharge/débit,45.3,
01ED003,1970-12-28,discharge/débit,57.2,
01ED003,1970-12-29,discharge/débit,73.1,
01ED003,1970-12-30,discharge/débit,67.4,
01ED003,1970-12-31,discharge/débit,50.1,
01ED003,1971-01-01,discharge/débit,40.8,
01ED003,1971-01-02,discharge/débit,65.7,
01ED003,1971-01-03,discharge/débit,68.8,
01ED003,1971-01-04,discharge/débit,52.4,
01ED003,1971-01-05,discharge/débit,44.2,
01ED003,1971-01-06,discharge/débit,70.2,
01ED003,1971-01-07,discharge/débit,73.3,
01ED003,1971-01-08,discharge/débit,70.2,
01ED003,1971-01-09,discharge/débit,67.7,
01ED003,1971-01-10,discharge/débit,53.2,
01ED003,1971-01-11,discharge/débit,56.9,
01ED003,1971-01-12,discharge/débit,55.5,
01ED003,1971-01-13,discharge/débit,73.6,
01ED003,1971-01-14,discharge/débit,86.1,
01ED003,1971-01-15,discharge/débit,62.0,
01ED003,1971-01-16,discharge/débit,76.2,
01ED003,1971-01-17,discharge/débit,57.5,
01ED003,1971-01-18,discharge/débit,69.7,
01ED003,1971-01-19,discharge/débit,73.3,
01ED003,1971-01-20,discharge/débit,61.7,
01ED003,1971-01-21,discharge/débit,56.9,
01ED003,1971-01-22,discharge/débit,64.6,
01ED003,1971-01-23,discharge/débit,67.7,
01ED003,1971-01-24,discharge/débit,54.7,
01ED003,1971-01-25,discharge/débit,47.9,
01ED003,1971-01-26,discharge/débit,57.2,
01ED003,1971-01-27,discharge/débit,65.4,
01ED003,1971-01-28,discharge/débit,80.1,
01ED003,1971-01-29,discharge/débit,70.8,
01ED003,1971-01-30,discharge/débit,63.4,
01ED003,1971-01-31,discharge/débit,39.1,
01ED003,1971-02-01,discharge/débit,55.8,
01ED003,1971-02-02,discharge/débit,68.5,
01ED003,1971-02-03,discharge/débit,75.6,
01ED003,1971-02-04,discharge/débit,73.1,
01ED003,1971-02-05,discharge/débit,81.0,
01ED003,1971-02-06,discharge/débit,65.4,
01ED003,1971-02-07,discharge/débit,43.6,
01ED003,1971-02-08,discharge/débit,58.3,
01ED003,1971-02-09,discharge/débit,75.0,
01ED003,1971-02-10,discharge/débit,62.6,
01ED003,1971-02-11,discharge/débit,83.5,
01ED003,1971-02-12,discharge/débit,54.1,
01ED003,1971-02-13,discharge/débit,45.9,
01ED003,1971-02-14,discharge/débit,117.0,
01ED003,1971-02-15,discharge/débit,108.0,
01ED003,1971-02-16,discharge/débit,66.0,
01ED003,1971-02-17,discharge/débit,53.8,
01ED003,1971-02-18,discharge/débit,44.5,
01ED003,1971-02-19,discharge/débit,51.3,
01ED003,1971-02-20,discharge/débit,45.9,
01ED003,1971-02-21,discharge/débit,48.4,
01ED003,1971-02-22,discharge/débit,53.8,
01ED003,1971-02-23,discharge/débit,42.2,
01ED003,1971-02-24,discharge/débit,49.6,
01ED003,1971-02-25,discharge/débit,47.9,
01ED003,1971-02-26,discharge/débit,64.6,
01ED003,1971-02-27,discharge/débit,58.6,
01ED003,1971-02-28,discharge/débit,53.0,
01ED003,1971-03-01,discharge/débit,62.9,
01ED003,1971-03-02,discharge/débit,67.4,
01ED003,1971-03-03,discharge/débit,64.0,
01ED003,1971-03-04,discharge/débit,67.7,
01ED003,1971-03-05,discharge/débit,81.0,
01ED003,1971-03-06,discharge/débit,76.7,
01ED003,1971-03-07,discharge/débit,66.0,
01ED003,1971-03-08,discharge/débit,74.8,
01ED003,1971-03-09,discharge/débit,73.6,
01ED003,1971-03-10,discharge/débit,75.3,
01ED003,1971-03-11,discharge/débit,77.3,
01ED003,1971-03-12,discharge/débit,87.8,
01ED003,1971-03-13,discharge/débit,85.8,
01ED003,1971-03-14,discharge/débit,77.3,
01ED003,1971-03-15,discharge/débit,69.9,
01ED003,1971-03-16,discharge/débit,58.3,
01ED003,1971-03-17,discharge/débit,59.5,
01ED003,1971-03-18,discharge/débit,62.9,
01ED003,1971-03-19,discharge/débit,69.1,
01ED003,1971-03-20,discharge/débit,68.8,
01ED003,1971-03-21,discharge/débit,66.0,
01ED003,1971-03-22,discharge/débit,62.6,
01ED003,1971-03-23,discharge/débit,66.3,
01ED003,1971-03-24,discharge/débit,85.0,
01ED003,1971-03-25,discharge/débit,64.3,
01ED003,1971-03-26,discharge/débit,64.8,
01ED003,1971-03-27,discharge/débit,96.3,
01ED003,1971-03-28,discharge/débit,83.5,
01ED003,1971-03-29,discharge/débit,76.5,
01ED003,1971-03-30,discharge/débit,36.8,
01ED003,1971-03-31,discharge/débit,53.5,
01ED003,1971-04-01,discharge/débit,52.4,
01ED003,1971-04-02,discharge/débit,59.2,
01ED003,1971-04-03,discharge/débit,50.7,
01ED003,1971-04-04,discharge/débit,71.6,
01ED003,1971-04-05,discharge/débit,80.4,
01ED003,1971-04-06,discharge/débit,93.4,
01ED003,1971-04-07,discharge/débit,91.2,
01ED003,1971-04-08,discharge/débit,89.2,
01ED003,1971-04-09,discharge/débit,83.5,
01ED003,1971-04-10,discharge/débit,74.8,
01ED003,1971-04-11,discharge/débit,79.6,
01ED003,1971-04-12,discharge/débit,82.7,
01ED003,1971-04-13,discharge/débit,76.7,
01ED003,1971-04-14,discharge/débit,66.5,
01ED003,1971-04-15,discharge/débit,81.0,
01ED003,1971-04-16,discharge/débit,84.7,
01ED003,1971-04-17,discharge/débit,82.4,
01ED003,1971-04-18,discharge/débit,86.9,
01ED003,1971-04-19,discharge/débit,94.3,
01ED003,1971-04-20,discharge/débit,103.0,
01ED003,1971-04-21,discharge/débit,114.0,
01ED003,1971-04-22,discharge/débit,107.0,
01ED003,1971-04-23,discharge/débit,105.0,
01ED003,1971-04-24,discharge/débit,91.2,
01ED003,1971-04-25,discharge/débit,86.4,
01ED003,1971-04-26,discharge/débit,95.7,
01ED003,1971-04-27,discharge/débit,107.0,
01ED003,1971-04-28,discharge/débit,93.7,
01ED003,1971-04-29,discharge/débit,107.0,
01ED003,1971-04-30,discharge/débit,112.0,
01ED003,1971-05-01,discharge/débit,111.0,
01ED003,1971-05-02,discharge/débit,114.0,
01ED003,1971-05-03,discharge/débit,113.0,
01ED003,1971-05-04,discharge/débit,113.0,
01ED003,1971-05-05,discharge/débit,112.0,
01ED003,1971-05-06,discharge/débit,113.0,
01ED003,1971-05-07,discharge/débit,116.0,
01ED003,1971-05-08,discharge/débit,115.0,
01ED003,1971-05-09,discharge/débit,81.8,
01ED003,1971-05-10,discharge/débit,80.4,
01ED003,1971-05-11,discharge/débit,87.2,
01ED003,1971-05-12,discharge/débit,77.9,
01ED003,1971-05-13,discharge/débit,79.6,
01ED003,1971-05-14,discharge/débit,81.8,
01ED003,1971-05-15,discharge/débit,70.2,
01ED003,1971-05-16,discharge/débit,53.2,
01ED003,1971-05-17,discharge/débit,88.9,
01ED003,1971-05-18,discharge/débit,99.7,
01ED003,1971-05-19,discharge/débit,83.3,
01ED003,1971-05-20,discharge/débit,80.4,
01ED003,1971-05-21,discharge/débit,79.9,
01ED003,1971-05-22,discharge/débit,76.5,
01ED003,1971-05-23,discharge/débit,76.7,
01ED003,1971-05-24,discharge/débit,94.3,
01ED003,1971-05-25,discharge/débit,94.0,
01ED003,1971-05-26,discharge/débit,95.7,
01ED003,1971-05-27,discharge/débit,86.4,
01ED003,1971-05-28,discharge/débit,88.9,
01ED003,1971-05-29,discharge/débit,85.2,
01ED003,1971-05-30,discharge/débit,73.6,
01ED003,1971-05-31,discharge/débit,79.9,
01ED003,1971-06-01,discharge/débit,75.9,
01ED003,1971-06-02,discharge/débit,91.2,
01ED003,1971-06-03,discharge/débit,79.3,
01ED003,1971-06-04,discharge/débit,88.3,
01ED003,1971-06-05,discharge/débit,81.0,
01ED003,1971-06-06,discharge/débit,79.0,
01ED003,1971-06-07,discharge/débit,81.8,
01ED003,1971-06-08,discharge/débit,73.3,
01ED003,1971-06-09,discharge/débit,76.5,
01ED003,1971-06-10,discharge/débit,64.0,
01ED003,1971-06-11,discharge/débit,75.0,
01ED003,1971-06-12,discharge/débit,67.4,
01ED003,1971-06-13,discharge/débit,67.1,
01ED003,1971-06-14,discharge/débit,66.0,
01ED003,1971-06-15,discharge/débit,75.9,
01ED003,1971-06-16,discharge/débit,74.8,
01ED003,1971-06-17,discharge/débit,64.6,
01ED003,1971-06-18,discharge/débit,74.2,
01ED003,1971-06-19,discharge/débit,64.6,
01ED003,1971-06-20,discharge/débit,62.3,
01ED003,1971-06-21,discharge/débit,77.3,
01ED003,1971-06-22,discharge/débit,63.1,
01ED003,1971-06-23,discharge/débit,60.9,
01ED003,1971-06-24,discharge/débit,78.2,
01ED003,1971-06-25,discharge/débit,68.2,
01ED003,1971-06-26,discharge/débit,60.3,
01ED003,1971-06-27,discharge/débit,66.3,
01ED003,1971-06-28,discharge/débit,68.0,
01ED003,1971-06-29,discharge/débit,68.5,
01ED003,1971-06-30,discharge/débit,70.8,
01ED003,1971-07-01,discharge/débit,44.7,
01ED003,1971-07-02,discharge/débit,66.3,
01ED003,1971-07-03,discharge/débit,74.5,
01ED003,1971-07-04,discharge/débit,61.2,
01ED003,1971-07-05,discharge/débit,71.9,
01ED003,1971-07-06,discharge/débit,69.4,
01ED003,1971-07-07,discharge/débit,75.6,
01ED003,1971-07-08,discharge/débit,68.0,
01ED003,1971-07-09,discharge/débit,72.2,
01ED003,1971-07-10,discharge/débit,61.2,
01ED003,1971-07-11,discharge/débit,52.4,
01ED003,1971-07-12,discharge/débit,69.1,
01ED003,1971-07-13,discharge/débit,62.0,
01ED003,1971-07-14,discharge/débit,73.6,
01ED003,1971-07-15,discharge/débit,77.0,
01ED003,1971-07-16,discharge/débit,76.7,
01ED003,1971-07-17,discharge/débit,57.5,
01ED003,1971-07-18,discharge/débit,47.0,
01ED003,1971-07-19,discharge/débit,75.0,
01ED003,1971-07-20,discharge/débit,63.4,
01ED003,1971-07-21,discharge/débit,65.1,
01ED003,1971-07-22,discharge/débit,68.0,
01ED003,1971-07-23,discharge/débit,70.5,
01ED003,1971-07-24,discharge/débit,59.7,
01ED003,1971-07-25,discharge/débit,66.5,
01ED003,1971-07-26,discharge/débit,81.3,
01ED003,1971-07-27,discharge/débit,66.3,
01ED003,1971-07-28,discharge/débit,60.9,
01ED003,1971-07-29,discharge/débit,60.6,
01ED003,1971-07-30,discharge/débit,76.2,
01ED003,1971-07-31,discharge/débit,60.9,
01ED003,1971-08-01,discharge/débit,54.7,
01ED003,1971-08-02,discharge/débit,57.8,
01ED003,1971-08-03,discharge/débit,56.1,
01ED003,1971-08-04,discharge/débit,54.7,
01ED003,1971-08-05,discharge/débit,58.3,
01ED003,1971-08-06,discharge/débit,41.6,
01ED003,1971-08-07,discharge/débit,55.2,
01ED003,1971-08-08,discharge/débit,51.5,
01ED003,1971-08-09,discharge/débit,41.6,
01ED003,1971-08-10,discharge/débit,61.2,
01ED003,1971-08-11,discharge/débit,45.9,
01ED003,1971-08-12,discharge/débit,62.9,
01ED003,1971-08-13,discharge/débit,52.7,
01ED003,1971-08-14,discharge/débit,54.9,
01ED003,1971-08-15,discharge/débit,82.4,
01ED003,1971-08-16,discharge/débit,237.0,
01ED003,1971-08-17,discharge/débit,105.0,
01ED003,1971-08-18,discharge/débit,83.0,
01ED003,1971-08-19,discharge/débit,88.1,
01ED003,1971-08-20,discharge/débit,82.4,
01ED003,1971-08-21,discharge/débit,85.8,
01ED003,1971-08-22,discharge/débit,77.9,
01ED003,1971-08-23,discharge/débit,74.8,
01ED003,1971-08-24,discharge/débit,65.1,
01ED003,1971-08-25,discharge/débit,73.1,
01ED003,1971-08-26,discharge/débit,77.9,
01ED003,1971-08-27,discharge/débit,69.9,
01ED003,1971-08-28,discharge/débit,68.5,
01ED003,1971-08-29,discharge/débit,59.5,
01ED003,1971-08-30,discharge/débit,81.3,
01ED003,1971-08-31,discharge/débit,66.8,
01ED003,1971-09-01,discharge/débit,65.1,
01ED003,1971-09-02,discharge/débit,69.7,
01ED003,1971-09-03,discharge/débit,70.5,
01ED003,1971-09-04,discharge/débit,57.5,
01ED003,1971-09-05,discharge/débit,59.5,
01ED003,1971-09-06,discharge/débit,37.1,
01ED003,1971-09-07,discharge/débit,54.1,
01ED003,1971-09-08,discharge/débit,72.8,
01ED003,1971-09-09,discharge/débit,68.2,
01ED003,1971-09-10,discharge/débit,62.0,
01ED003,1971-09-11,discharge/débit,50.4,
01ED003,1971-09-12,discharge/débit,54.9,
01ED003,1971-09-13,discharge/débit,77.0,
01ED003,1971-09-14,discharge/débit,65.4,
01ED003,1971-09-15,discharge/débit,46.4,
01ED003,1971-09-16,discharge/débit,69.4,
01ED003,1971-09-17,discharge/débit,68.0,
01ED003,1971-09-18,discharge/débit,53.2,
01ED003,1971-09-19,discharge/débit,49.6,
01ED003,1971-09-20,discharge/débit,60.3,
01ED003,1971-09-21,discharge/débit,58.9,
01ED003,1971-09-22,discharge/débit,61.2,
01ED003,1971-09-23,discharge/débit,64.6,
01ED003,1971-09-24,discharge/débit,66.5,
01ED003,1971-09-25,discharge/débit,56.4,
01ED003,1971-09-26,discharge/débit,53.8,
01ED003,1971-09-27,discharge/débit,62.6,
01ED003,1971-09-28,discharge/débit,50.4,
01ED003,1971-09-29,discharge/débit,62.6,
01ED003,1971-09-30,discharge/débit,50.1,
01ED003,1971-10-01,discharge/débit,53.5,
01ED003,1971-10-02,discharge/débit,60.9,
01ED003,1971-10-03,discharge/débit,53.0,
01ED003,1971-10-04,discharge/débit,64.0,
01ED003,1971-10-05,discharge/débit,73.6,
01ED003,1971-10-06,discharge/débit,71.1,
01ED003,1971-10-07,discharge/débit,56.6,
01ED003,1971-10-08,discharge/débit,60.0,
01ED003,1971-10-09,discharge/débit,44.5,
01ED003,1971-10-10,discharge/débit,50.7,
01ED003,1971-10-11,discharge/débit,72.5,
01ED003,1971-10-12,discharge/débit,68.0,
01ED003,1971-10-13,discharge/débit,62.0,
01ED003,1971-10-14,discharge/débit,61.7,
01ED003,1971-10-15,discharge/débit,70.2,
01ED003,1971-10-16,discharge/débit,60.3,
01ED003,1971-10-17,discharge/débit,53.5,
01ED003,1971-10-18,discharge/débit,64.6,
01ED003,1971-10-19,discharge/débit,72.8,
01ED003,1971-10-20,discharge/débit,73.9,
01ED003,1971-10-21,discharge/débit,67.1,
01ED003,1971-10-22,discharge/débit,59.2,
01ED003,1971-10-23,discharge/débit,62.0,
01ED003,1971-10-24,discharge/débit,67.7,
01ED003,1971-10-25,discharge/débit,63.4,
01ED003,1971-10-26,discharge/débit,69.1,
01ED003,1971-10-27,discharge/débit,73.3,
01ED003,1971-10-28,discharge/débit,77.9,
01ED003,1971-10-29,discharge/débit,72.2,
01ED003,1971-10-30,discharge/débit,82.4,
01ED003,1971-10-31,discharge/débit,64.6,
01ED003,1971-11-01,discharge/débit,71.1,
01ED003,1971-11-02,discharge/débit,70.5,
01ED003,1971-11-03,discharge/débit,71.1,
01ED003,1971-11-04,discharge/débit,74.5,
01ED003,1971-11-05,discharge/débit,78.4,
01ED003,1971-11-06,discharge/débit,71.6,
01ED003,1971-11-07,discharge/débit,71.1,
01ED003,1971-11-08,discharge/débit,77.3,
01ED003,1971-11-09,discharge/débit,80.1,
01ED003,1971-11-10,discharge/débit,67.4,
01ED003,1971-11-11,discharge/débit,80.4,
01ED003,1971-11-12,discharge/débit,76.7,
01ED003,1971-11-13,discharge/débit,69.7,
01ED003,1971-11-14,discharge/débit,63.4,
01ED003,1971-11-15,discharge/débit,77.0,
01ED003,1971-11-16,discharge/débit,74.8,
01ED003,1971-11-17,discharge/débit,63.1,
01ED003,1971-11-18,discharge/débit,81.0,
01ED003,1971-11-19,discharge/débit,73.6,
01ED003,1971-11-20,discharge/débit,72.8,
01ED003,1971-11-21,discharge/débit,64.8,
01ED003,1971-11-22,discharge/débit,83.8,
01ED003,1971-11-23,discharge/débit,75.6,
01ED003,1971-11-24,discharge/débit,80.4,
01ED003,1971-11-25,discharge/débit,72.5,
01ED003,1971-11-26,discharge/débit,118.0,
01ED003,1971-11-27,discharge/débit,96.6,
01ED003,1971-11-28,discharge/débit,95.7,
01ED003,1971-11-29,discharge/débit,92.9,
01ED003,1971-11-30,discharge/débit,101.0,
01ED003,1971-12-01,discharge/débit,90.9,
01ED003,1971-12-02,discharge/débit,98.0,
01ED003,1971-12-03,discharge/débit,88.3,
01ED003,1971-12-04,discharge/débit,82.4,
01ED003,1971-12-05,discharge/débit,67.1,
01ED003,1971-12-06,discharge/débit,77.3,
01ED003,1971-12-07,discharge/débit,72.5,
01ED003,1971-12-08,discharge/débit,71.9,
01ED003,1971-12-09,discharge/débit,77.3,
01ED003,1971-12-10,discharge/débit,78.7,
01ED003,1971-12-11,discharge/débit,89.5,
01ED003,1971-12-12,discharge/débit,72.2,
01ED003,1971-12-13,discharge/débit,70.2,
01ED003,1971-12-14,discharge/débit,70.5,
01ED003,1971-12-15,discharge/débit,60.3,
01ED003,1971-12-16,discharge/débit,74.2,
01ED003,1971-12-17,discharge/débit,77.9,
01ED003,1971-12-18,discharge/débit,66.8,
01ED003,1971-12-19,discharge/débit,75.0,
01ED003,1971-12-20,discharge/débit,80.4,
01ED003,1971-12-21,discharge/débit,79.0,
01ED003,1971-12-22,discharge/débit,64.3,
01ED003,1971-12-23,discharge/débit,73.6,
01ED003,1971-12-24,discharge/débit,66.5,
01ED003,1971-12-25,discharge/débit,43.6,
01ED003,1971-12-26,discharge/débit,63.1,
01ED003,1971-12-27,discharge/débit,89.5,
01ED003,1971-12-28,discharge/débit,86.1,
01ED003,1971-12-29,discharge/débit,81.8,
01ED003,1971-12-30,discharge/débit,80.4,
01ED003,1971-12-31,discharge/débit,74.8,
01ED003,1972-01-01,discharge/débit,77.9,
01ED003,1972-01-02,discharge/débit,73.1,
01ED003,1972-01-03,discharge/débit,78.2,
01ED003,1972-01-04,discharge/débit,87.5,
01ED003,1972-01-05,discharge/débit,81.3,
01ED003,1972-01-06,discharge/débit,84.1,
01ED003,1972-01-07,discharge/débit,75.6,
01ED003,1972-01-08,discharge/débit,66.3,
01ED003,1972-01-09,discharge/débit,73.3,
01ED003,1972-01-10,discharge/débit,67.4,
01ED003,1972-01-11,discharge/débit,73.3,
01ED003,1972-01-12,discharge/débit,68.0,
01ED003,1972-01-13,discharge/débit,64.3,
01ED003,1972-01-14,discharge/débit,77.3,
01ED003,1972-01-15,discharge/débit,64.8,
01ED003,1972-01-16,discharge/débit,62.9,
01ED003,1972-01-17,discharge/débit,71.6,
01ED003,1972-01-18,discharge/débit,71.4,
01ED003,1972-01-19,discharge/débit,64.8,
01ED003,1972-01-20,discharge/débit,71.1,
01ED003,1972-01-21,discharge/débit,77.6,
01ED003,1972-01-22,discharge/débit,78.7,
01ED003,1972-01-23,discharge/débit,72.2,
01ED003,1972-01-24,discharge/débit,80.7,
01ED003,1972-01-25,discharge/débit,81.0,
01ED003,1972-01-26,discharge/débit,84.1,
01ED003,1972-01-27,discharge/débit,110.0,
01ED003,1972-01-28,discharge/débit,159.0,
01ED003,1972-01-29,discharge/débit,77.3,
01ED003,1972-01-30,discharge/débit,70.8,
01ED003,1972-01-31,discharge/débit,81.0,
01ED003,1972-02-01,discharge/débit,72.2,
01ED003,1972-02-02,discharge/débit,76.7,
01ED003,1972-02-03,discharge/débit,60.9,
01ED003,1972-02-04,discharge/débit,75.9,
01ED003,1972-02-05,discharge/débit,72.2,
01ED003,1972-02-06,discharge/débit,74.5,
01ED003,1972-02-07,discharge/débit,67.4,
01ED003,1972-02-08,discharge/débit,73.3,
01ED003,1972-02-09,discharge/débit,70.2,
01ED003,1972-02-10,discharge/débit,71.9,
01ED003,1972-02-11,discharge/débit,65.4,
01ED003,1972-02-12,discharge/débit,62.6,
01ED003,1972-02-13,discharge/débit,56.9,
01ED003,1972-02-14,discharge/débit,69.1,
01ED003,1972-02-15,discharge/débit,69.1,
01ED003,1972-02-16,discharge/débit,63.1,
01ED003,1972-02-17,discharge/débit,70.8,
01ED003,1972-02-18,discharge/débit,80.4,
01ED003,1972-02-19,discharge/débit,72.5,
01ED003,1972-02-20,discharge/débit,87.2,
01ED003,1972-02-21,discharge/débit,80.1,
01ED003,1972-02-22,discharge/débit,81.8,
01ED003,1972-02-23,discharge/débit,64.6,
01ED003,1972-02-24,discharge/débit,91.5,
01ED003,1972-02-25,discharge/débit,58.6,
01ED003,1972-02-26,discharge/débit,74.2,
01ED003,1972-02-27,discharge/débit,62.6,
01ED003,1972-02-28,discharge/débit,53.0,
01ED003,1972-02-29,discharge/débit,64.6,
01ED003,1972-03-01,discharge/débit,49.8,
01ED003,1972-03-02,discharge/débit,54.7,
01ED003,1972-03-03,discharge/débit,63.4,
01ED003,1972-03-04,discharge/débit,78.4,
01ED003,1972-03-05,discharge/débit,64.0,
01ED003,1972-03-06,discharge/débit,83.3,
01ED003,1972-03-07,discharge/débit,74.8,
01ED003,1972-03-08,discharge/débit,70.5,
01ED003,1972-03-09,discharge/débit,90.6,
01ED003,1972-03-10,discharge/débit,88.3,
01ED003,1972-03-11,discharge/débit,75.3,
01ED003,1972-03-12,discharge/débit,54.7,
01ED003,1972-03-13,discharge/débit,58.9,
01ED003,1972-03-14,discharge/débit,57.5,
01ED003,1972-03-15,discharge/débit,67.1,
01ED003,1972-03-16,discharge/débit,51.5,
01ED003,1972-03-17,discharge/débit,56.1,
01ED003,1972-03-18,discharge/débit,50.7,
01ED003,1972-03-19,discharge/débit,54.1,
01ED003,1972-03-20,discharge/débit,47.9,
01ED003,1972-03-21,discharge/débit,62.9,
01ED003,1972-03-22,discharge/débit,56.6,
01ED003,1972-03-23,discharge/débit,51.0,
01ED003,1972-03-24,discharge/débit,76.7,
01ED003,1972-03-25,discharge/débit,61.4,
01ED003,1972-03-26,discharge/débit,51.0,
01ED003,1972-03-27,discharge/débit,60.3,
01ED003,1972-03-28,discharge/débit,49.8,
01ED003,1972-03-29,discharge/débit,41.9,
01ED003,1972-03-30,discharge/débit,56.9,
01ED003,1972-03-31,discharge/débit,44.2,
01ED003,1972-04-01,discharge/débit,69.7,
01ED003,1972-04-02,discharge/débit,54.9,
01ED003,1972-04-03,discharge/débit,67.4,
01ED003,1972-04-04,discharge/débit,47.3,
01ED003,1972-04-05,discharge/débit,55.8,
01ED003,1972-04-06,discharge/débit,45.3,
01ED003,1972-04-07,discharge/débit,56.9,
01ED003,1972-04-08,discharge/débit,56.9,
01ED003,1972-04-09,discharge/débit,58.0,
01ED003,1972-04-10,discharge/débit,50.7,
01ED003,1972-04-11,discharge/débit,43.9,
01ED003,1972-04-12,discharge/débit,36.2,
01ED003,1972-04-13,discharge/débit,39.9,
01ED003,1972-04-14,discharge/débit,59.2,
01ED003,1972-04-15,discharge/débit,54.9,
01ED003,1972-04-16,discharge/débit,32.6,
01ED003,1972-04-17,discharge/débit,57.5,
01ED003,1972-04-18,discharge/débit,52.1,
01ED003,1972-04-19,discharge/débit,53.8,
01ED003,1972-04-20,discharge/débit,51.0,
01ED003,1972-04-21,discharge/débit,63.4,
01ED003,1972-04-22,discharge/débit,50.4,
01ED003,1972-04-23,discharge/débit,53.5,
01ED003,1972-04-24,discharge/débit,54.4,
01ED003,1972-04-25,discharge/débit,56.9,
01ED003,1972-04-26,discharge/débit,50.1,
01ED003,1972-04-27,discharge/débit,64.6,
01ED003,1972-04-28,discharge/débit,50.1,
01ED003,1972-04-29,discharge/débit,36.8,
01ED003,1972-04-30,discharge/débit,29.4,
01ED003,1972-05-01,discharge/débit,40.2,
01ED003,1972-05-02,discharge/débit,36.5,
01ED003,1972-05-03,discharge/débit,45.3,
01ED003,1972-05-04,discharge/débit,44.2,
01ED003,1972-05-05,discharge/débit,56.9,
01ED003,1972-05-06,discharge/débit,41.1,
01ED003,1972-05-07,discharge/débit,30.0,
01ED003,1972-05-08,discharge/débit,42.5,
01ED003,1972-05-09,discharge/débit,57.8,
01ED003,1972-05-10,discharge/débit,66.0,
01ED003,1972-05-11,discharge/débit,48.7,
01ED003,1972-05-12,discharge/débit,60.3,
01ED003,1972-05-13,discharge/débit,40.8,
01ED003,1972-05-14,discharge/débit,35.1,
01ED003,1972-05-15,discharge/débit,52.4,
01ED003,1972-05-16,discharge/débit,75.9,
01ED003,1972-05-17,discharge/débit,77.6,
01ED003,1972-05-18,discharge/débit,72.8,
01ED003,1972-05-19,discharge/débit,63.4,
01ED003,1972-05-20,discharge/débit,44.5,
01ED003,1972-05-21,discharge/débit,47.0,
01ED003,1972-05-22,discharge/débit,47.0,
01ED003,1972-05-23,discharge/débit,57.5,
01ED003,1972-05-24,discharge/débit,76.5,
01ED003,1972-05-25,discharge/débit,79.9,
01ED003,1972-05-26,discharge/débit,77.0,
01ED003,1972-05-27,discharge/débit,79.6,
01ED003,1972-05-28,discharge/débit,61.2,
01ED003,1972-05-29,discharge/débit,69.9,
01ED003,1972-05-30,discharge/débit,76.7,
01ED003,1972-05-31,discharge/débit,64.6,
01ED003,1972-06-01,discharge/débit,65.4,
01ED003,1972-06-02,discharge/débit,73.3,
01ED003,1972-06-03,discharge/débit,74.2,
01ED003,1972-06-04,discharge/débit,67.4,
01ED003,1972-06-05,discharge/débit,72.8,
01ED003,1972-06-06,discharge/débit,75.9,
01ED003,1972-06-07,discharge/débit,67.4,
01ED003,1972-06-08,discharge/débit,74.2,
01ED003,1972-06-09,discharge/débit,71.4,
01ED003,1972-06-10,discharge/débit,64.3,
01ED003,1972-06-11,discharge/débit,54.7,
01ED003,1972-06-12,discharge/débit,69.7,
01ED003,1972-06-13,discharge/débit,62.6,
01ED003,1972-06-14,discharge/débit,68.5,
01ED003,1972-06-15,discharge/débit,68.0,
01ED003,1972-06-16,discharge/débit,74.8,
01ED003,1972-06-17,discharge/débit,61.4,
01ED003,1972-06-18,discharge/débit,65.1,
01ED003,1972-06-19,discharge/débit,68.2,
01ED003,1972-06-20,discharge/débit,73.6,
01ED003,1972-06-21,discharge/débit,68.5,
01ED003,1972-06-22,discharge/débit,69.9,
01ED003,1972-06-23,discharge/débit,74.8,
01ED003,1972-06-24,discharge/débit,71.6,
01ED003,1972-06-25,discharge/débit,70.8,
01ED003,1972-06-26,discharge/débit,69.7,
01ED003,1972-06-27,discharge/débit,59.2,
01ED003,1972-06-28,discharge/débit,71.4,
01ED003,1972-06-29,discharge/débit,62.3,
01ED003,1972-06-30,discharge/débit,64.3,
01ED003,1972-07-01,discharge/débit,52.4,
01ED003,1972-07-02,discharge/débit,72.5,
01ED003,1972-07-03,discharge/débit,61.7,
01ED003,1972-07-04,discharge/débit,68.2,
01ED003,1972-07-05,discharge/débit,62.6,
01ED003,1972-07-06,discharge/débit,70.8,
01ED003,1972-07-07,discharge/débit,71.1,
01ED003,1972-07-08,discharge/débit,62.6,
01ED003,1972-07-09,discharge/débit,65.7,
01ED003,1972-07-10,discharge/débit,75.6,
01ED003,1972-07-11,discharge/débit,63.4,
01ED003,1972-07-12,discharge/débit,74.2,
01ED003,1972-07-13,discharge/débit,58.9,
01ED003,1972-07-14,discharge/débit,76.2,
01ED003,1972-07-15,discharge/débit,72.5,
01ED003,1972-07-16,discharge/débit,68.8,
01ED003,1972-07-17,discharge/débit,70.2,
01ED003,1972-07-18,discharge/débit,70.5,
01ED003,1972-07-19,discharge/débit,65.7,
01ED003,1972-07-20,discharge/débit,62.0,
01ED003,1972-07-21,discharge/débit,71.9,
01ED003,1972-07-22,discharge/débit,77.3,
01ED003,1972-07-23,discharge/débit,60.3,
01ED003,1972-07-24,discharge/débit,73.1,
01ED003,1972-07-25,discharge/débit,72.5,
01ED003,1972-07-26,discharge/débit,62.0,
01ED003,1972-07-27,discharge/débit,85.0,
01ED003,1972-07-28,discharge/débit,72.2,
01ED003,1972-07-29,discharge/débit,62.3,
01ED003,1972-07-30,discharge/débit,55.5,
01ED003,1972-07-31,discharge/débit,77.6,
01ED003,1972-08-01,discharge/débit,68.0,
01ED003,1972-08-02,discharge/débit,57.2,
01ED003,1972-08-03,discharge/débit,68.5,
01ED003,1972-08-04,discharge/débit,60.0,
01ED003,1972-08-05,discharge/débit,65.4,
01ED003,1972-08-06,discharge/débit,58.0,
01ED003,1972-08-07,discharge/débit,77.3,
01ED003,1972-08-08,discharge/débit,61.2,
01ED003,1972-08-09,discharge/débit,64.0,
01ED003,1972-08-10,discharge/débit,71.9,
01ED003,1972-08-11,discharge/débit,66.5,
01ED003,1972-08-12,discharge/débit,62.9,
01ED003,1972-08-13,discharge/débit,50.7,
01ED003,1972-08-14,discharge/débit,65.4,
01ED003,1972-08-15,discharge/débit,72.5,
01ED003,1972-08-16,discharge/débit,65.1,
01ED003,1972-08-17,discharge/débit,67.4,
01ED003,1972-08-18,discharge/débit,71.9,
01ED003,1972-08-19,discharge/débit,73.9,
01ED003,1972-08-20,discharge/débit,69.7,
01ED003,1972-08-21,discharge/débit,72.5,
01ED003,1972-08-22,discharge/débit,77.3,
01ED003,1972-08-23,discharge/débit,59.5,
01ED003,1972-08-24,discharge/débit,68.5,
01ED003,1972-08-25,discharge/débit,62.9,
01ED003,1972-08-26,discharge/débit,71.1,
01ED003,1972-08-27,discharge/débit,41.6,
01ED003,1972-08-28,discharge/débit,69.1,
01ED003,1972-08-29,discharge/débit,66.8,
01ED003,1972-08-30,discharge/débit,62.9,
01ED003,1972-08-31,discharge/débit,75.0,
01ED003,1972-09-01,discharge/débit,67.4,
01ED003,1972-09-02,discharge/débit,66.0,
01ED003,1972-09-03,discharge/débit,66.3,
01ED003,1972-09-04,discharge/débit,56.6,
01ED003,1972-09-05,discharge/débit,61.7,
01ED003,1972-09-06,discharge/débit,59.7,
01ED003,1972-09-07,discharge/débit,70.8,
01ED003,1972-09-08,discharge/débit,64.6,
01ED003,1972-09-09,discharge/débit,57.5,
01ED003,1972-09-10,discharge/débit,42.5,
01ED003,1972-09-11,discharge/débit,79.0,
01ED003,1972-09-12,discharge/débit,51.8,
01ED003,1972-09-13,discharge/débit,62.0,
01ED003,1972-09-14,discharge/débit,82.7,
01ED003,1972-09-15,discharge/débit,73.1,
01ED003,1972-09-16,discharge/débit,55.5,
01ED003,1972-09-17,discharge/débit,43.6,
01ED003,1972-09-18,discharge/débit,73.9,
01ED003,1972-09-19,discharge/débit,69.4,
01ED003,1972-09-20,discharge/débit,75.6,
01ED003,1972-09-21,discharge/débit,75.6,
01ED003,1972-09-22,discharge/débit,73.1,
01ED003,1972-09-23,discharge/débit,59.7,
01ED003,1972-09-24,discharge/débit,67.7,
01ED003,1972-09-25,discharge/débit,73.1,
01ED003,1972-09-26,discharge/débit,68.0,
01ED003,1972-09-27,discharge/débit,74.8,
01ED003,1972-09-28,discharge/débit,69.9,
01ED003,1972-09-29,discharge/débit,67.1,
01ED003,1972-09-30,discharge/débit,66.3,
01ED003,1972-10-01,discharge/débit,75.6,
01ED003,1972-10-02,discharge/débit,52.4,
01ED003,1972-10-03,discharge/débit,65.1,
01ED003,1972-10-04,discharge/débit,72.2,
01ED003,1972-10-05,discharge/débit,73.1,
01ED003,1972-10-06,discharge/débit,76.7,
01ED003,1972-10-07,discharge/débit,84.4,
01ED003,1972-10-08,discharge/débit,77.9,
01ED003,1972-10-09,discharge/débit,84.4,
01ED003,1972-10-10,discharge/débit,84.1,
01ED003,1972-10-11,discharge/débit,67.1,
01ED003,1972-10-12,discharge/débit,71.6,
01ED003,1972-10-13,discharge/débit,75.9,
01ED003,1972-10-14,discharge/débit,77.6,
01ED003,1972-10-15,discharge/débit,70.8,
01ED003,1972-10-16,discharge/débit,75.6,
01ED003,1972-10-17,discharge/débit,54.4,
01ED003,1972-10-18,discharge/débit,40.5,
01ED003,1972-10-19,discharge/débit,41.1,
01ED003,1972-10-20,discharge/débit,47.0,
01ED003,1972-10-21,discharge/débit,44.2,
01ED003,1972-10-22,discharge/débit,39.9,
01ED003,1972-10-23,discharge/débit,47.0,
01ED003,1972-10-24,discharge/débit,33.4,
01ED003,1972-10-25,discharge/débit,31.7,
01ED003,1972-10-26,discharge/débit,43.3,
01ED003,1972-10-27,discharge/débit,36.5,
01ED003,1972-10-28,discharge/débit,35.1,
01ED003,1972-10-29,discharge/débit,43.3,
01ED003,1972-10-30,discharge/débit,49.6,
01ED003,1972-10-31,discharge/débit,51.3,
01ED003,1972-11-01,discharge/débit,49.6,
01ED003,1972-11-02,discharge/débit,46.4,
01ED003,1972-11-03,discharge/débit,49.8,
01ED003,1972-11-04,discharge/débit,50.4,
01ED003,1972-11-05,discharge/débit,45.9,
01ED003,1972-11-06,discharge/débit,49.3,
01ED003,1972-11-07,discharge/débit,46.7,
01ED003,1972-11-08,discharge/débit,49.3,
01ED003,1972-11-09,discharge/débit,50.7,
01ED003,1972-11-10,discharge/débit,66.0,
01ED003,1972-11-11,discharge/débit,62.9,
01ED003,1972-11-12,discharge/débit,52.1,
01ED003,1972-11-13,discharge/débit,52.4,
01ED003,1972-11-14,discharge/débit,49.6,
01ED003,1972-11-15,discharge/débit,49.6,
01ED003,1972-11-16,discharge/débit,52.4,
01ED003,1972-11-17,discharge/débit,48.4,
01ED003,1972-11-18,discharge/débit,34.5,E
01ED003,1972-11-19,discharge/débit,49.0,E
01ED003,1972-11-20,discharge/débit,49.0,E
01ED003,1972-11-21,discharge/débit,49.0,E
01ED003,1972-11-22,discharge/débit,49.0,E
01ED003,1972-11-23,discharge/débit,49.0,E
01ED003,1972-11-24,discharge/débit,49.0,E
01ED003,1972-11-25,discharge/débit,49.0,E
01ED003,1972-11-26,discharge/débit,49.0,E
01ED003,1972-11-27,discharge/débit,49.0,E
01ED003,1972-11-28,discharge/débit,49.0,E
01ED003,1972-11-29,discharge/débit,49.0,E
01ED003,1972-11-30,discharge/débit,49.0,E
01ED003,1972-12-01,discharge/débit,49.0,E
01ED003,1972-12-02,discharge/débit,49.0,E
01ED003,1972-12-03,discharge/débit,49.0,E
01ED003,1972-12-04,discharge/débit,52.4,E
01ED003,1972-12-05,discharge/débit,57.2,E
01ED003,1972-12-06,discharge/débit,58.6,E
01ED003,1972-12-07,discharge/débit,58.6,E
01ED003,1972-12-08,discharge/débit,58.6,E
01ED003,1972-12-09,discharge/débit,58.6,E
01ED003,1972-12-10,discharge/débit,50.1,
01ED003,1972-12-11,discharge/débit,57.2,
01ED003,1972-12-12,discharge/débit,68.8,
01ED003,1972-12-13,discharge/débit,74.5,
01ED003,1972-12-14,discharge/débit,76.5,
01ED003,1972-12-15,discharge/débit,72.5,
01ED003,1972-12-16,discharge/débit,75.3,
01ED003,1972-12-17,discharge/débit,83.0,
01ED003,1972-12-18,discharge/débit,78.2,
01ED003,1972-12-19,discharge/débit,73.9,
01ED003,1972-12-20,discharge/débit,78.4,
01ED003,1972-12-21,discharge/débit,74.2,
01ED003,1972-12-22,discharge/débit,69.7,
01ED003,1972-12-23,discharge/débit,80.4,
01ED003,1972-12-24,discharge/débit,60.6,
01ED003,1972-12-25,discharge/débit,57.2,
01ED003,1972-12-26,discharge/débit,56.9,
01ED003,1972-12-27,discharge/débit,78.2,
01ED003,1972-12-28,discharge/débit,69.1,
01ED003,1972-12-29,discharge/débit,71.1,
01ED003,1972-12-30,discharge/débit,68.0,
01ED003,1972-12-31,discharge/débit,61.4,
01ED003,1973-01-01,discharge/débit,57.2,
01ED003,1973-01-02,discharge/débit,75.3,
01ED003,1973-01-03,discharge/débit,90.6,
01ED003,1973-01-04,discharge/débit,79.3,
01ED003,1973-01-05,discharge/débit,72.8,
01ED003,1973-01-06,discharge/débit,79.0,
01ED003,1973-01-07,discharge/débit,89.5,
01ED003,1973-01-08,discharge/débit,72.5,B
01ED003,1973-01-09,discharge/débit,72.5,B
01ED003,1973-01-10,discharge/débit,60.9,
01ED003,1973-01-11,discharge/débit,75.0,
01ED003,1973-01-12,discharge/débit,79.0,
01ED003,1973-01-13,discharge/débit,70.8,
01ED003,1973-01-14,discharge/débit,69.1,
01ED003,1973-01-15,discharge/débit,72.5,
01ED003,1973-01-16,discharge/débit,73.9,
01ED003,1973-01-17,discharge/débit,70.8,
01ED003,1973-01-18,discharge/débit,71.6,
01ED003,1973-01-19,discharge/débit,69.4,
01ED003,1973-01-20,discharge/débit,59.7,
01ED003,1973-01-21,discharge/débit,77.3,
01ED003,1973-01-22,discharge/débit,68.0,
01ED003,1973-01-23,discharge/débit,69.4,
01ED003,1973-01-24,discharge/débit,87.5,
01ED003,1973-01-25,discharge/débit,91.2,
01ED003,1973-01-26,discharge/débit,80.1,
01ED003,1973-01-27,discharge/débit,75.6,
01ED003,1973-01-28,discharge/débit,71.1,
01ED003,1973-01-29,discharge/débit,77.3,
01ED003,1973-01-30,discharge/débit,79.6,
01ED003,1973-01-31,discharge/débit,79.6,
01ED003,1973-02-01,discharge/débit,83.3,
01ED003,1973-02-02,discharge/débit,75.9,
01ED003,1973-02-03,discharge/débit,86.1,
01ED003,1973-02-04,discharge/débit,93.7,
01ED003,1973-02-05,discharge/débit,84.4,
01ED003,1973-02-06,discharge/débit,81.6,
01ED003,1973-02-07,discharge/débit,80.4,
01ED003,1973-02-08,discharge/débit,85.2,
01ED003,1973-02-09,discharge/débit,78.2,
01ED003,1973-02-10,discharge/débit,87.8,
01ED003,1973-02-11,discharge/débit,79.3,
01ED003,1973-02-12,discharge/débit,83.3,
01ED003,1973-02-13,discharge/débit,76.2,
01ED003,1973-02-14,discharge/débit,73.1,E
01ED003,1973-02-15,discharge/débit,72.5,E
01ED003,1973-02-16,discharge/débit,87.2,E
01ED003,1973-02-17,discharge/débit,80.4,E
01ED003,1973-02-18,discharge/débit,73.9,E
01ED003,1973-02-19,discharge/débit,76.2,E
01ED003,1973-02-20,discharge/débit,73.1,E
01ED003,1973-02-21,discharge/débit,73.9,E
01ED003,1973-02-22,discharge/débit,79.3,E
01ED003,1973-02-23,discharge/débit,81.0,E
01ED003,1973-02-24,discharge/débit,69.7,E
01ED003,1973-02-25,discharge/débit,77.6,E
01ED003,1973-02-26,discharge/débit,80.4,E
01ED003,1973-02-27,discharge/débit,69.7,E
01ED003,1973-02-28,discharge/débit,86.9,E
01ED003,1973-03-01,discharge/débit,63.4,E
01ED003,1973-03-02,discharge/débit,79.0,E
01ED003,1973-03-03,discharge/débit,81.6,E
01ED003,1973-03-04,discharge/débit,69.7,E
01ED003,1973-03-05,discharge/débit,83.8,E
01ED003,1973-03-06,discharge/débit,85.0,E
01ED003,1973-03-07,discharge/débit,85.8,E
01ED003,1973-03-08,discharge/débit,85.5,E
01ED003,1973-03-09,discharge/débit,96.8,E
01ED003,1973-03-10,discharge/débit,86.4,E
01ED003,1973-03-11,discharge/débit,83.8,E
01ED003,1973-03-12,discharge/débit,87.2,E
01ED003,1973-03-13,discharge/débit,85.5,E
01ED003,1973-03-14,discharge/débit,85.0,E
01ED003,1973-03-15,discharge/débit,83.0,
01ED003,1973-03-16,discharge/débit,80.1,
01ED003,1973-03-17,discharge/débit,88.9,
01ED003,1973-03-18,discharge/débit,88.1,
01ED003,1973-03-19,discharge/débit,97.1,
01ED003,1973-03-20,discharge/débit,93.4,
01ED003,1973-03-21,discharge/débit,81.3,
01ED003,1973-03-22,discharge/débit,82.7,
01ED003,1973-03-23,discharge/débit,77.9,
01ED003,1973-03-24,discharge/débit,73.9,
01ED003,1973-03-25,discharge/débit,81.6,
01ED003,1973-03-26,discharge/débit,77.9,
01ED003,1973-03-27,discharge/débit,86.1,
01ED003,1973-03-28,discharge/débit,81.0,
01ED003,1973-03-29,discharge/débit,87.5,
01ED003,1973-03-30,discharge/débit,77.0,
01ED003,1973-03-31,discharge/débit,77.0,
01ED003,1973-04-01,discharge/débit,85.2,
01ED003,1973-04-02,discharge/débit,75.9,
01ED003,1973-04-03,discharge/débit,94.0,
01ED003,1973-04-04,discharge/débit,97.7,
01ED003,1973-04-05,discharge/débit,91.5,
01ED003,1973-04-06,discharge/débit,98.8,
01ED003,1973-04-07,discharge/débit,98.3,
01ED003,1973-04-08,discharge/débit,85.5,
01ED003,1973-04-09,discharge/débit,88.3,
01ED003,1973-04-10,discharge/débit,80.4,
01ED003,1973-04-11,discharge/débit,87.8,
01ED003,1973-04-12,discharge/débit,86.9,
01ED003,1973-04-13,discharge/débit,84.4,
01ED003,1973-04-14,discharge/débit,74.8,
01ED003,1973-04-15,discharge/débit,69.7,
01ED003,1973-04-16,discharge/débit,78.7,
01ED003,1973-04-17,discharge/débit,68.0,
01ED003,1973-04-18,discharge/débit,74.2,
01ED003,1973-04-19,discharge/débit,68.0,
01ED003,1973-04-20,discharge/débit,63.1,
01ED003,1973-04-21,discharge/débit,66.8,
01ED003,1973-04-22,discharge/débit,66.5,
01ED003,1973-04-23,discharge/débit,71.1,
01ED003,1973-04-24,discharge/débit,67.1,
01ED003,1973-04-25,discharge/débit,72.8,
01ED003,1973-04-26,discharge/débit,69.7,
01ED003,1973-04-27,discharge/débit,73.1,
01ED003,1973-04-28,discharge/débit,84.4,
01ED003,1973-04-29,discharge/débit,95.1,
01ED003,1973-04-30,discharge/débit,96.0,
01ED003,1973-05-01,discharge/débit,81.0,
01ED003,1973-05-02,discharge/débit,61.7,
01ED003,1973-05-03,discharge/débit,67.7,
01ED003,1973-05-04,discharge/débit,65.7,
01ED003,1973-05-05,discharge/débit,68.5,
01ED003,1973-05-06,discharge/débit,68.5,
01ED003,1973-05-07,discharge/débit,73.6,
01ED003,1973-05-08,discharge/débit,71.1,
01ED003,1973-05-09,discharge/débit,71.4,
01ED003,1973-05-10,discharge/débit,69.1,
01ED003,1973-05-11,discharge/débit,76.2,
01ED003,1973-05-12,discharge/débit,62.0,
01ED003,1973-05-13,discharge/débit,49.8,
01ED003,1973-05-14,discharge/débit,68.8,
01ED003,1973-05-15,discharge/débit,70.5,
01ED003,1973-05-16,discharge/débit,68.0,
01ED003,1973-05-17,discharge/débit,69.1,
01ED003,1973-05-18,discharge/débit,71.6,
01ED003,1973-05-19,discharge/débit,67.1,
01ED003,1973-05-20,discharge/débit,54.7,
01ED003,1973-05-21,discharge/débit,73.3,
01ED003,1973-05-22,discharge/débit,87.8,
01ED003,1973-05-23,discharge/débit,79.3,
01ED003,1973-05-24,discharge/débit,72.8,
01ED003,1973-05-25,discharge/débit,74.8,
01ED003,1973-05-26,discharge/débit,69.1,
01ED003,1973-05-27,discharge/débit,77.0,
01ED003,1973-05-28,discharge/débit,81.8,
01ED003,1973-05-29,discharge/débit,77.6,
01ED003,1973-05-30,discharge/débit,75.3,
01ED003,1973-05-31,discharge/débit,73.6,
01ED003,1973-06-01,discharge/débit,80.1,
01ED003,1973-06-02,discharge/débit,62.6,
01ED003,1973-06-03,discharge/débit,62.6,
01ED003,1973-06-04,discharge/débit,67.4,
01ED003,1973-06-05,discharge/débit,64.3,
01ED003,1973-06-06,discharge/débit,56.9,
01ED003,1973-06-07,discharge/débit,65.7,
01ED003,1973-06-08,discharge/débit,67.1,
01ED003,1973-06-09,discharge/débit,66.3,
01ED003,1973-06-10,discharge/débit,69.9,
01ED003,1973-06-11,discharge/débit,69.9,
01ED003,1973-06-12,discharge/débit,74.5,
01ED003,1973-06-13,discharge/débit,66.5,
01ED003,1973-06-14,discharge/débit,74.5,
01ED003,1973-06-15,discharge/débit,60.6,
01ED003,1973-06-16,discharge/débit,77.3,
01ED003,1973-06-17,discharge/débit,98.5,
01ED003,1973-06-18,discharge/débit,70.2,
01ED003,1973-06-19,discharge/débit,77.6,E
01ED003,1973-06-20,discharge/débit,76.2,E
01ED003,1973-06-21,discharge/débit,88.1,E
01ED003,1973-06-22,discharge/débit,71.9,
01ED003,1973-06-23,discharge/débit,70.5,
01ED003,1973-06-24,discharge/débit,76.2,
01ED003,1973-06-25,discharge/débit,79.0,
01ED003,1973-06-26,discharge/débit,77.9,
01ED003,1973-06-27,discharge/débit,73.9,
01ED003,1973-06-28,discharge/débit,72.5,
01ED003,1973-06-29,discharge/débit,77.6,
01ED003,1973-06-30,discharge/débit,73.6,
01ED003,1973-07-01,discharge/débit,69.4,
01ED003,1973-07-02,discharge/débit,71.4,
01ED003,1973-07-03,discharge/débit,77.9,
01ED003,1973-07-04,discharge/débit,65.1,
01ED003,1973-07-05,discharge/débit,79.9,
01ED003,1973-07-06,discharge/débit,69.4,
01ED003,1973-07-07,discharge/débit,66.0,
01ED003,1973-07-08,discharge/débit,68.2,
01ED003,1973-07-09,discharge/débit,74.5,
01ED003,1973-07-10,discharge/débit,75.3,
01ED003,1973-07-11,discharge/débit,69.4,
01ED003,1973-07-12,discharge/débit,72.2,
01ED003,1973-07-13,discharge/débit,71.1,
01ED003,1973-07-14,discharge/débit,66.5,
01ED003,1973-07-15,discharge/débit,73.1,
01ED003,1973-07-16,discharge/débit,76.2,
01ED003,1973-07-17,discharge/débit,69.1,
01ED003,1973-07-18,discharge/débit,71.6,
01ED003,1973-07-19,discharge/débit,82.1,
01ED003,1973-07-20,discharge/débit,71.9,
01ED003,1973-07-21,discharge/débit,74.5,
01ED003,1973-07-22,discharge/débit,72.5,
01ED003,1973-07-23,discharge/débit,70.8,
01ED003,1973-07-24,discharge/débit,55.5,
01ED003,1973-07-25,discharge/débit,54.4,
01ED003,1973-07-26,discharge/débit,60.9,
01ED003,1973-07-27,discharge/débit,60.3,
01ED003,1973-07-28,discharge/débit,60.6,
01ED003,1973-07-29,discharge/débit,63.1,
01ED003,1973-07-30,discharge/débit,65.1,
01ED003,1973-07-31,discharge/débit,64.8,
01ED003,1973-08-01,discharge/débit,60.3,
01ED003,1973-08-02,discharge/débit,63.1,
01ED003,1973-08-03,discharge/débit,64.3,
01ED003,1973-08-04,discharge/débit,57.5,E
01ED003,1973-08-05,discharge/débit,54.4,E
01ED003,1973-08-06,discharge/débit,54.9,E
01ED003,1973-08-07,discharge/débit,39.6,E
01ED003,1973-08-08,discharge/débit,53.2,E
01ED003,1973-08-09,discharge/débit,56.6,E
01ED003,1973-08-10,discharge/débit,59.2,E
01ED003,1973-08-11,discharge/débit,52.1,E
01ED003,1973-08-12,discharge/débit,45.6,E
01ED003,1973-08-13,discharge/débit,55.8,E
01ED003,1973-08-14,discharge/débit,54.9,E
01ED003,1973-08-15,discharge/débit,60.6,
01ED003,1973-08-16,discharge/débit,61.7,
01ED003,1973-08-17,discharge/débit,54.9,
01ED003,1973-08-18,discharge/débit,64.3,
01ED003,1973-08-19,discharge/débit,62.0,
01ED003,1973-08-20,discharge/débit,63.1,
01ED003,1973-08-21,discharge/débit,58.3,
01ED003,1973-08-22,discharge/débit,62.3,
01ED003,1973-08-23,discharge/débit,62.3,
01ED003,1973-08-24,discharge/débit,63.4,
01ED003,1973-08-25,discharge/débit,64.0,
01ED003,1973-08-26,discharge/débit,63.7,
01ED003,1973-08-27,discharge/débit,58.6,
01ED003,1973-08-28,discharge/débit,54.7,
01ED003,1973-08-29,discharge/débit,53.5,
01ED003,1973-08-30,discharge/débit,63.7,
01ED003,1973-08-31,discharge/débit,53.5,
01ED003,1973-09-01,discharge/débit,61.7,
01ED003,1973-09-02,discharge/débit,51.5,E
01ED003,1973-09-03,discharge/débit,54.9,E
01ED003,1973-09-04,discharge/débit,58.0,E
01ED003,1973-09-05,discharge/débit,55.8,E
01ED003,1973-09-06,discharge/débit,54.9,E
01ED003,1973-09-07,discharge/débit,62.6,E
01ED003,1973-09-08,discharge/débit,54.9,E
01ED003,1973-09-09,discharge/débit,49.8,E
01ED003,1973-09-10,discharge/débit,56.4,E
01ED003,1973-09-11,discharge/débit,54.9,E
01ED003,1973-09-12,discharge/débit,54.1,E
01ED003,1973-09-13,discharge/débit,60.6,E
01ED003,1973-09-14,discharge/débit,63.1,E
01ED003,1973-09-15,discharge/débit,64.8,E
01ED003,1973-09-16,discharge/débit,47.0,E
01ED003,1973-09-17,discharge/débit,59.7,E
01ED003,1973-09-18,discharge/débit,53.2,E
01ED003,1973-09-19,discharge/débit,52.1,E
01ED003,1973-09-20,discharge/débit,58.0,E
01ED003,1973-09-21,discharge/débit,65.7,E
01ED003,1973-09-22,discharge/débit,56.4,E
01ED003,1973-09-23,discharge/débit,52.1,E
01ED003,1973-09-24,discharge/débit,54.9,E
01ED003,1973-09-25,discharge/débit,56.6,E
01ED003,1973-09-26,discharge/débit,51.0,E
01ED003,1973-09-27,discharge/débit,56.4,E
01ED003,1973-09-28,discharge/débit,53.2,E
01ED003,1973-09-29,discharge/débit,54.4,E
01ED003,1973-09-30,discharge/débit,54.1,E
01ED003,1973-10-01,discharge/débit,51.0,E
01ED003,1973-10-02,discharge/débit,56.4,E
01ED003,1973-10-03,discharge/débit,52.1,E
01ED003,1973-10-04,discharge/débit,54.9,E
01ED003,1973-10-05,discharge/débit,59.2,E
01ED003,1973-10-06,discharge/débit,51.0,E
01ED003,1973-10-07,discharge/débit,55.8,E
01ED003,1973-10-08,discharge/débit,52.1,E
01ED003,1973-10-09,discharge/débit,54.9,E
01ED003,1973-10-10,discharge/débit,49.3,E
01ED003,1973-10-11,discharge/débit,58.0,E
01ED003,1973-10-12,discharge/débit,49.3,E
01ED003,1973-10-13,discharge/débit,50.4,E
01ED003,1973-10-14,discharge/débit,45.6,E
01ED003,1973-10-15,discharge/débit,54.9,E
01ED003,1973-10-16,discharge/débit,41.1,E
01ED003,1973-10-17,discharge/débit,50.4,E
01ED003,1973-10-18,discharge/débit,65.7,E
01ED003,1973-10-19,discharge/débit,56.4,E
01ED003,1973-10-20,discharge/débit,55.8,E
01ED003,1973-10-21,discharge/débit,46.2,E
01ED003,1973-10-22,discharge/débit,45.6,E
01ED003,1973-10-23,discharge/débit,70.2,E
01ED003,1973-10-24,discharge/débit,57.5,
01ED003,1973-10-25,discharge/débit,53.0,
01ED003,1973-10-26,discharge/débit,59.7,
01ED003,1973-10-27,discharge/débit,55.8,
01ED003,1973-10-28,discharge/débit,46.4,
01ED003,1973-10-29,discharge/débit,56.1,
01ED003,1973-10-30,discharge/débit,60.6,
01ED003,1973-10-31,discharge/débit,70.8,
01ED003,1973-11-01,discharge/débit,70.8,
01ED003,1973-11-02,discharge/débit,70.2,
01ED003,1973-11-03,discharge/débit,69.4,
01ED003,1973-11-04,discharge/débit,66.8,
01ED003,1973-11-05,discharge/débit,61.4,
01ED003,1973-11-06,discharge/débit,68.2,
01ED003,1973-11-07,discharge/débit,61.2,
01ED003,1973-11-08,discharge/débit,66.8,
01ED003,1973-11-09,discharge/débit,75.0,
01ED003,1973-11-10,discharge/débit,54.4,
01ED003,1973-11-11,discharge/débit,63.1,
01ED003,1973-11-12,discharge/débit,64.0,
01ED003,1973-11-13,discharge/débit,64.6,
01ED003,1973-11-14,discharge/débit,63.1,
01ED003,1973-11-15,discharge/débit,61.4,
01ED003,1973-11-16,discharge/débit,58.6,
01ED003,1973-11-17,discharge/débit,69.1,
01ED003,1973-11-18,discharge/débit,53.5,
01ED003,1973-11-19,discharge/débit,64.0,
01ED003,1973-11-20,discharge/débit,64.8,
01ED003,1973-11-21,discharge/débit,63.1,
01ED003,1973-11-22,discharge/débit,57.8,
01ED003,1973-11-23,discharge/débit,54.1,
01ED003,1973-11-24,discharge/débit,54.1,
01ED003,1973-11-25,discharge/débit,48.1,
01ED003,1973-11-26,discharge/débit,68.0,
01ED003,1973-11-27,discharge/débit,49.0,
01ED003,1973-11-28,discharge/débit,53.2,
01ED003,1973-11-29,discharge/débit,66.0,
01ED003,1973-11-30,discharge/débit,67.7,
01ED003,1973-12-01,discharge/débit,65.1,
01ED003,1973-12-02,discharge/débit,58.0,
01ED003,1973-12-03,discharge/débit,67.1,
01ED003,1973-12-04,discharge/débit,57.8,
01ED003,1973-12-05,discharge/débit,57.5,
01ED003,1973-12-06,discharge/débit,62.6,
01ED003,1973-12-07,discharge/débit,71.4,
01ED003,1973-12-08,discharge/débit,71.1,
01ED003,1973-12-09,discharge/débit,68.0,
01ED003,1973-12-10,discharge/débit,65.4,
01ED003,1973-12-11,discharge/débit,75.3,
01ED003,1973-12-12,discharge/débit,83.8,
01ED003,1973-12-13,discharge/débit,84.1,
01ED003,1973-12-14,discharge/débit,80.7,
01ED003,1973-12-15,discharge/débit,69.9,
01ED003,1973-12-16,discharge/débit,69.7,
01ED003,1973-12-17,discharge/débit,63.1,
01ED003,1973-12-18,discharge/débit,65.4,
01ED003,1973-12-19,discharge/débit,67.7,
01ED003,1973-12-20,discharge/débit,62.6,
01ED003,1973-12-21,discharge/débit,63.7,
01ED003,1973-12-22,discharge/débit,69.1,
01ED003,1973-12-23,discharge/débit,65.7,
01ED003,1973-12-24,discharge/débit,62.9,
01ED003,1973-12-25,discharge/débit,53.8,
01ED003,1973-12-26,discharge/débit,64.3,
01ED003,1973-12-27,discharge/débit,69.4,
01ED003,1973-12-28,discharge/débit,68.5,
01ED003,1973-12-29,discharge/débit,66.3,
01ED003,1973-12-30,discharge/débit,61.2,
01ED003,1973-12-31,discharge/débit,61.2,
01ED003,1974-01-01,discharge/débit,58.9,
01ED003,1974-01-02,discharge/débit,58.6,
01ED003,1974-01-03,discharge/débit,71.1,
01ED003,1974-01-04,discharge/débit,68.5,
01ED003,1974-01-05,discharge/débit,56.6,
01ED003,1974-01-06,discharge/débit,59.7,
01ED003,1974-01-07,discharge/débit,65.1,
01ED003,1974-01-08,discharge/débit,41.6,
01ED003,1974-01-09,discharge/débit,63.7,
01ED003,1974-01-10,discharge/débit,47.6,
01ED003,1974-01-11,discharge/débit,45.0,
01ED003,1974-01-12,discharge/débit,50.4,
01ED003,1974-01-13,discharge/débit,45.9,
01ED003,1974-01-14,discharge/débit,46.2,
01ED003,1974-01-15,discharge/débit,44.5,
01ED003,1974-01-16,discharge/débit,44.7,
01ED003,1974-01-17,discharge/débit,58.3,
01ED003,1974-01-18,discharge/débit,58.3,
01ED003,1974-01-19,discharge/débit,59.5,
01ED003,1974-01-20,discharge/débit,59.2,
01ED003,1974-01-21,discharge/débit,68.2,
01ED003,1974-01-22,discharge/débit,45.3,
01ED003,1974-01-23,discharge/débit,46.4,
01ED003,1974-01-24,discharge/débit,47.0,
01ED003,1974-01-25,discharge/débit,47.3,
01ED003,1974-01-26,discharge/débit,46.7,
01ED003,1974-01-27,discharge/débit,47.3,
01ED003,1974-01-28,discharge/débit,45.0,
01ED003,1974-01-29,discharge/débit,49.0,
01ED003,1974-01-30,discharge/débit,46.4,
01ED003,1974-01-31,discharge/débit,45.9,
01ED003,1974-02-01,discharge/débit,46.2,
01ED003,1974-02-02,discharge/débit,32.6,A
01ED003,1974-02-03,discharge/débit,34.0,E
01ED003,1974-02-04,discharge/débit,44.7,E
01ED003,1974-02-05,discharge/débit,51.8,E
01ED003,1974-02-06,discharge/débit,48.1,E
01ED003,1974-02-07,discharge/débit,48.7,E
01ED003,1974-02-08,discharge/débit,49.6,E
01ED003,1974-02-09,discharge/débit,44.7,E
01ED003,1974-02-10,discharge/débit,51.3,E
01ED003,1974-02-11,discharge/débit,48.1,E
01ED003,1974-02-12,discharge/débit,48.7,E
01ED003,1974-02-13,discharge/débit,46.2,E
01ED003,1974-02-14,discharge/débit,49.0,E
01ED003,1974-02-15,discharge/débit,50.4,E
01ED003,1974-02-16,discharge/débit,53.5,E
01ED003,1974-02-17,discharge/débit,46.4,E
01ED003,1974-02-18,discharge/débit,45.3,E
01ED003,1974-02-19,discharge/débit,49.6,A
01ED003,1974-02-20,discharge/débit,49.3,
01ED003,1974-02-21,discharge/débit,49.8,
01ED003,1974-02-22,discharge/débit,49.8,
01ED003,1974-02-23,discharge/débit,81.3,
01ED003,1974-02-24,discharge/débit,98.8,
01ED003,1974-02-25,discharge/débit,46.7,
01ED003,1974-02-26,discharge/débit,59.5,
01ED003,1974-02-27,discharge/débit,53.0,
01ED003,1974-02-28,discharge/débit,48.4,
01ED003,1974-03-01,discharge/débit,45.0,
01ED003,1974-03-02,discharge/débit,51.8,
01ED003,1974-03-03,discharge/débit,53.5,
01ED003,1974-03-04,discharge/débit,52.4,
01ED003,1974-03-05,discharge/débit,52.1,
01ED003,1974-03-06,discharge/débit,50.1,
01ED003,1974-03-07,discharge/débit,52.7,
01ED003,1974-03-08,discharge/débit,49.6,
01ED003,1974-03-09,discharge/débit,46.4,
01ED003,1974-03-10,discharge/débit,46.2,
01ED003,1974-03-11,discharge/débit,44.7,
01ED003,1974-03-12,discharge/débit,53.8,
01ED003,1974-03-13,discharge/débit,44.5,
01ED003,1974-03-14,discharge/débit,44.7,
01ED003,1974-03-15,discharge/débit,44.7,
01ED003,1974-03-16,discharge/débit,46.2,
01ED003,1974-03-17,discharge/débit,45.6,
01ED003,1974-03-18,discharge/débit,47.3,
01ED003,1974-03-19,discharge/débit,46.2,
01ED003,1974-03-20,discharge/débit,45.9,
01ED003,1974-03-21,discharge/débit,62.3,
01ED003,1974-03-22,discharge/débit,64.8,
01ED003,1974-03-23,discharge/débit,61.4,
01ED003,1974-03-24,discharge/débit,46.2,
01ED003,1974-03-25,discharge/débit,53.0,
01ED003,1974-03-26,discharge/débit,44.7,
01ED003,1974-03-27,discharge/débit,47.0,
01ED003,1974-03-28,discharge/débit,49.8,
01ED003,1974-03-29,discharge/débit,32.6,
01ED003,1974-03-30,discharge/débit,53.5,
01ED003,1974-03-31,discharge/débit,56.1,
01ED003,1974-04-01,discharge/débit,65.1,
01ED003,1974-04-02,discharge/débit,64.8,
01ED003,1974-04-03,discharge/débit,73.6,
01ED003,1974-04-04,discharge/débit,63.7,
01ED003,1974-04-05,discharge/débit,71.4,
01ED003,1974-04-06,discharge/débit,71.1,
01ED003,1974-04-07,discharge/débit,69.7,
01ED003,1974-04-08,discharge/débit,62.9,
01ED003,1974-04-09,discharge/débit,62.3,
01ED003,1974-04-10,discharge/débit,79.0,
01ED003,1974-04-11,discharge/débit,84.1,
01ED003,1974-04-12,discharge/débit,74.5,
01ED003,1974-04-13,discharge/débit,73.9,
01ED003,1974-04-14,discharge/débit,69.1,
01ED003,1974-04-15,discharge/débit,77.6,
01ED003,1974-04-16,discharge/débit,73.9,
01ED003,1974-04-17,discharge/débit,72.5,
01ED003,1974-04-18,discharge/débit,77.6,
01ED003,1974-04-19,discharge/débit,73.6,
01ED003,1974-04-20,discharge/débit,68.2,
01ED003,1974-04-21,discharge/débit,68.5,
01ED003,1974-04-22,discharge/débit,70.5,
01ED003,1974-04-23,discharge/débit,63.1,
01ED003,1974-04-24,discharge/débit,66.0,
01ED003,1974-04-25,discharge/débit,69.4,
01ED003,1974-04-26,discharge/débit,65.7,
01ED003,1974-04-27,discharge/débit,70.2,
01ED003,1974-04-28,discharge/débit,62.3,
01ED003,1974-04-29,discharge/débit,71.1,
01ED003,1974-04-30,discharge/débit,66.8,
01ED003,1974-05-01,discharge/débit,66.5,
01ED003,1974-05-02,discharge/débit,66.0,
01ED003,1974-05-03,discharge/débit,66.0,
01ED003,1974-05-04,discharge/débit,64.8,
01ED003,1974-05-05,discharge/débit,76.2,
01ED003,1974-05-06,discharge/débit,66.5,
01ED003,1974-05-07,discharge/débit,59.7,
01ED003,1974-05-08,discharge/débit,64.3,
01ED003,1974-05-09,discharge/débit,76.2,
01ED003,1974-05-10,discharge/débit,64.3,
01ED003,1974-05-11,discharge/débit,62.9,
01ED003,1974-05-12,discharge/débit,60.6,
01ED003,1974-05-13,discharge/débit,66.5,
01ED003,1974-05-14,discharge/débit,63.1,
01ED003,1974-05-15,discharge/débit,68.0,
01ED003,1974-05-16,discharge/débit,68.2,
01ED003,1974-05-17,discharge/débit,66.8,
01ED003,1974-05-18,discharge/débit,57.2,
01ED003,1974-05-19,discharge/débit,55.8,
01ED003,1974-05-20,discharge/débit,63.4,
01ED003,1974-05-21,discharge/débit,61.7,
01ED003,1974-05-22,discharge/débit,66.0,
01ED003,1974-05-23,discharge/débit,66.3,
01ED003,1974-05-24,discharge/débit,69.7,
01ED003,1974-05-25,discharge/débit,78.2,
01ED003,1974-05-26,discharge/débit,69.1,
01ED003,1974-05-27,discharge/débit,55.2,
01ED003,1974-05-28,discharge/débit,71.9,
01ED003,1974-05-29,discharge/débit,83.0,
01ED003,1974-05-30,discharge/débit,75.9,
01ED003,1974-05-31,discharge/débit,70.2,
01ED003,1974-06-01,discharge/débit,62.0,
01ED003,1974-06-02,discharge/débit,57.8,
01ED003,1974-06-03,discharge/débit,67.4,
01ED003,1974-06-04,discharge/débit,62.6,
01ED003,1974-06-05,discharge/débit,53.2,
01ED003,1974-06-06,discharge/débit,58.3,
01ED003,1974-06-07,discharge/débit,53.2,
01ED003,1974-06-08,discharge/débit,57.5,
01ED003,1974-06-09,discharge/débit,61.2,
01ED003,1974-06-10,discharge/débit,56.6,
01ED003,1974-06-11,discharge/débit,49.6,
01ED003,1974-06-12,discharge/débit,56.4,
01ED003,1974-06-13,discharge/débit,54.9,
01ED003,1974-06-14,discharge/débit,49.0,
01ED003,1974-06-15,discharge/débit,53.2,
01ED003,1974-06-16,discharge/débit,51.5,
01ED003,1974-06-17,discharge/débit,52.7,
01ED003,1974-06-18,discharge/débit,50.4,
01ED003,1974-06-19,discharge/débit,47.3,
01ED003,1974-06-20,discharge/débit,49.3,
01ED003,1974-06-21,discharge/débit,52.4,
01ED003,1974-06-22,discharge/débit,56.4,
01ED003,1974-06-23,discharge/débit,45.3,
01ED003,1974-06-24,discharge/débit,54.9,
01ED003,1974-06-25,discharge/débit,52.7,
01ED003,1974-06-26,discharge/débit,58.9,
01ED003,1974-06-27,discharge/débit,44.5,
01ED003,1974-06-28,discharge/débit,61.7,
01ED003,1974-06-29,discharge/débit,49.0,
01ED003,1974-06-30,discharge/débit,48.1,
01ED003,1974-07-01,discharge/débit,40.8,
01ED003,1974-07-02,discharge/débit,51.0,
01ED003,1974-07-03,discharge/débit,49.6,
01ED003,1974-07-04,discharge/débit,47.9,
01ED003,1974-07-05,discharge/débit,47.0,
01ED003,1974-07-06,discharge/débit,46.2,
01ED003,1974-07-07,discharge/débit,46.2,
01ED003,1974-07-08,discharge/débit,50.7,
01ED003,1974-07-09,discharge/débit,48.4,
01ED003,1974-07-10,discharge/débit,59.5,
01ED003,1974-07-11,discharge/débit,55.5,
01ED003,1974-07-12,discharge/débit,57.5,
01ED003,1974-07-13,discharge/débit,54.1,
01ED003,1974-07-14,discharge/débit,33.1,
01ED003,1974-07-15,discharge/débit,43.6,
01ED003,1974-07-16,discharge/débit,44.2,
01ED003,1974-07-17,discharge/débit,50.7,
01ED003,1974-07-18,discharge/débit,49.8,
01ED003,1974-07-19,discharge/débit,57.5,
01ED003,1974-07-20,discharge/débit,50.1,
01ED003,1974-07-21,discharge/débit,43.6,
01ED003,1974-07-22,discharge/débit,49.0,
01ED003,1974-07-23,discharge/débit,45.9,
01ED003,1974-07-24,discharge/débit,53.5,
01ED003,1974-07-25,discharge/débit,54.7,
01ED003,1974-07-26,discharge/débit,49.8,
01ED003,1974-07-27,discharge/débit,45.6,
01ED003,1974-07-28,discharge/débit,36.0,
01ED003,1974-07-29,discharge/débit,48.1,
01ED003,1974-07-30,discharge/débit,48.7,
01ED003,1974-07-31,discharge/débit,50.4,
01ED003,1974-08-01,discharge/débit,52.7,
01ED003,1974-08-02,discharge/débit,46.2,
01ED003,1974-08-03,discharge/débit,55.5,
01ED003,1974-08-04,discharge/débit,38.2,
01ED003,1974-08-05,discharge/débit,51.3,
01ED003,1974-08-06,discharge/débit,51.5,
01ED003,1974-08-07,discharge/débit,56.9,
01ED003,1974-08-08,discharge/débit,53.8,
01ED003,1974-08-09,discharge/débit,50.1,
01ED003,1974-08-10,discharge/débit,45.3,
01ED003,1974-08-11,discharge/débit,35.7,
01ED003,1974-08-12,discharge/débit,54.7,
01ED003,1974-08-13,discharge/débit,48.1,
01ED003,1974-08-14,discharge/débit,53.2,
01ED003,1974-08-15,discharge/débit,61.2,
01ED003,1974-08-16,discharge/débit,45.3,
01ED003,1974-08-17,discharge/débit,48.7,
01ED003,1974-08-18,discharge/débit,45.0,
01ED003,1974-08-19,discharge/débit,55.2,
01ED003,1974-08-20,discharge/débit,50.1,
01ED003,1974-08-21,discharge/débit,52.4,
01ED003,1974-08-22,discharge/débit,51.0,
01ED003,1974-08-23,discharge/débit,51.5,
01ED003,1974-08-24,discharge/débit,47.3,
01ED003,1974-08-25,discharge/débit,44.2,
01ED003,1974-08-26,discharge/débit,48.7,
01ED003,1974-08-27,discharge/débit,62.6,
01ED003,1974-08-28,discharge/débit,52.1,
01ED003,1974-08-29,discharge/débit,54.7,
01ED003,1974-08-30,discharge/débit,54.1,
01ED003,1974-08-31,discharge/débit,36.5,
01ED003,1974-09-01,discharge/débit,42.8,
01ED003,1974-09-02,discharge/débit,27.1,
01ED003,1974-09-03,discharge/débit,52.4,
01ED003,1974-09-04,discharge/débit,48.7,
01ED003,1974-09-05,discharge/débit,53.0,
01ED003,1974-09-06,discharge/débit,53.5,
01ED003,1974-09-07,discharge/débit,62.6,
01ED003,1974-09-08,discharge/débit,38.8,
01ED003,1974-09-09,discharge/débit,51.8,
01ED003,1974-09-10,discharge/débit,56.9,
01ED003,1974-09-11,discharge/débit,52.4,
01ED003,1974-09-12,discharge/débit,56.4,
01ED003,1974-09-13,discharge/débit,49.6,
01ED003,1974-09-14,discharge/débit,51.5,
01ED003,1974-09-15,discharge/débit,45.0,
01ED003,1974-09-16,discharge/débit,59.7,
01ED003,1974-09-17,discharge/débit,58.0,
01ED003,1974-09-18,discharge/débit,62.3,
01ED003,1974-09-19,discharge/débit,54.4,
01ED003,1974-09-20,discharge/débit,57.2,
01ED003,1974-09-21,discharge/débit,50.4,
01ED003,1974-09-22,discharge/débit,44.7,
01ED003,1974-09-23,discharge/débit,68.2,
01ED003,1974-09-24,discharge/débit,65.4,
01ED003,1974-09-25,discharge/débit,56.1,
01ED003,1974-09-26,discharge/débit,59.7,
01ED003,1974-09-27,discharge/débit,57.2,
01ED003,1974-09-28,discharge/débit,47.3,
01ED003,1974-09-29,discharge/débit,56.6,
01ED003,1974-09-30,discharge/débit,72.5,
01ED003,1974-10-01,discharge/débit,74.5,
01ED003,1974-10-02,discharge/débit,66.5,
01ED003,1974-10-03,discharge/débit,72.8,
01ED003,1974-10-04,discharge/débit,71.6,
01ED003,1974-10-05,discharge/débit,54.1,
01ED003,1974-10-06,discharge/débit,46.7,
01ED003,1974-10-07,discharge/débit,63.1,
01ED003,1974-10-08,discharge/débit,58.9,
01ED003,1974-10-09,discharge/débit,69.4,
01ED003,1974-10-10,discharge/débit,66.8,
01ED003,1974-10-11,discharge/débit,69.7,
01ED003,1974-10-12,discharge/débit,60.0,
01ED003,1974-10-13,discharge/débit,49.3,
01ED003,1974-10-14,discharge/débit,53.5,
01ED003,1974-10-15,discharge/débit,61.2,
01ED003,1974-10-16,discharge/débit,68.0,
01ED003,1974-10-17,discharge/débit,69.1,
01ED003,1974-10-18,discharge/débit,74.8,
01ED003,1974-10-19,discharge/débit,56.6,
01ED003,1974-10-20,discharge/débit,62.9,
01ED003,1974-10-21,discharge/débit,77.0,
01ED003,1974-10-22,discharge/débit,66.8,
01ED003,1974-10-23,discharge/débit,58.9,
01ED003,1974-10-24,discharge/débit,75.6,
01ED003,1974-10-25,discharge/débit,67.1,
01ED003,1974-10-26,discharge/débit,58.3,
01ED003,1974-10-27,discharge/débit,63.4,
01ED003,1974-10-28,discharge/débit,79.3,
01ED003,1974-10-29,discharge/débit,67.7,
01ED003,1974-10-30,discharge/débit,58.3,
01ED003,1974-10-31,discharge/débit,63.4,
01ED003,1974-11-01,discharge/débit,58.9,
01ED003,1974-11-02,discharge/débit,59.7,
01ED003,1974-11-03,discharge/débit,53.8,
01ED003,1974-11-04,discharge/débit,68.2,
01ED003,1974-11-05,discharge/débit,61.4,
01ED003,1974-11-06,discharge/débit,58.0,
01ED003,1974-11-07,discharge/débit,62.9,
01ED003,1974-11-08,discharge/débit,68.0,
01ED003,1974-11-09,discharge/débit,64.8,
01ED003,1974-11-10,discharge/débit,64.3,
01ED003,1974-11-11,discharge/débit,58.6,
01ED003,1974-11-12,discharge/débit,64.3,
01ED003,1974-11-13,discharge/débit,65.1,
01ED003,1974-11-14,discharge/débit,67.4,
01ED003,1974-11-15,discharge/débit,61.2,
01ED003,1974-11-16,discharge/débit,68.5,
01ED003,1974-11-17,discharge/débit,62.9,
01ED003,1974-11-18,discharge/débit,66.0,
01ED003,1974-11-19,discharge/débit,63.1,
01ED003,1974-11-20,discharge/débit,66.0,
01ED003,1974-11-21,discharge/débit,73.6,
01ED003,1974-11-22,discharge/débit,73.3,
01ED003,1974-11-23,discharge/débit,71.6,
01ED003,1974-11-24,discharge/débit,61.2,
01ED003,1974-11-25,discharge/débit,67.1,
01ED003,1974-11-26,discharge/débit,68.5,
01ED003,1974-11-27,discharge/débit,87.2,
01ED003,1974-11-28,discharge/débit,74.8,
01ED003,1974-11-29,discharge/débit,74.8,
01ED003,1974-11-30,discharge/débit,70.5,
01ED003,1974-12-01,discharge/débit,62.6,
01ED003,1974-12-02,discharge/débit,65.1,
01ED003,1974-12-03,discharge/débit,91.5,
01ED003,1974-12-04,discharge/débit,78.7,
01ED003,1974-12-05,discharge/débit,70.8,
01ED003,1974-12-06,discharge/débit,68.8,
01ED003,1974-12-07,discharge/débit,65.7,
01ED003,1974-12-08,discharge/débit,56.9,
01ED003,1974-12-09,discharge/débit,61.7,
01ED003,1974-12-10,discharge/débit,69.9,
01ED003,1974-12-11,discharge/débit,70.5,
01ED003,1974-12-12,discharge/débit,55.2,
01ED003,1974-12-13,discharge/débit,66.0,
01ED003,1974-12-14,discharge/débit,63.7,
01ED003,1974-12-15,discharge/débit,67.1,
01ED003,1974-12-16,discharge/débit,67.7,
01ED003,1974-12-17,discharge/débit,68.2,
01ED003,1974-12-18,discharge/débit,62.6,
01ED003,1974-12-19,discharge/débit,73.6,
01ED003,1974-12-20,discharge/débit,68.2,
01ED003,1974-12-21,discharge/débit,71.6,
01ED003,1974-12-22,discharge/débit,68.5,
01ED003,1974-12-23,discharge/débit,68.8,
01ED003,1974-12-24,discharge/débit,56.4,
01ED003,1974-12-25,discharge/débit,30.0,
01ED003,1974-12-26,discharge/débit,59.7,
01ED003,1974-12-27,discharge/débit,69.1,
01ED003,1974-12-28,discharge/débit,62.6,
01ED003,1974-12-29,discharge/débit,62.3,
01ED003,1974-12-30,discharge/débit,60.9,
01ED003,1974-12-31,discharge/débit,48.7,
01ED003,1975-01-01,discharge/débit,38.2,
01ED003,1975-01-02,discharge/débit,64.0,
01ED003,1975-01-03,discharge/débit,68.2,
01ED003,1975-01-04,discharge/débit,69.4,
01ED003,1975-01-05,discharge/débit,63.7,
01ED003,1975-01-06,discharge/débit,61.7,
01ED003,1975-01-07,discharge/débit,64.8,
01ED003,1975-01-08,discharge/débit,83.3,
01ED003,1975-01-09,discharge/débit,79.6,
01ED003,1975-01-10,discharge/débit,70.5,
01ED003,1975-01-11,discharge/débit,73.3,
01ED003,1975-01-12,discharge/débit,62.0,
01ED003,1975-01-13,discharge/débit,65.4,
01ED003,1975-01-14,discharge/débit,86.7,
01ED003,1975-01-15,discharge/débit,79.9,
01ED003,1975-01-16,discharge/débit,78.7,
01ED003,1975-01-17,discharge/débit,75.9,
01ED003,1975-01-18,discharge/débit,75.0,
01ED003,1975-01-19,discharge/débit,67.4,
01ED003,1975-01-20,discharge/débit,64.8,
01ED003,1975-01-21,discharge/débit,68.8,
01ED003,1975-01-22,discharge/débit,65.4,
01ED003,1975-01-23,discharge/débit,65.1,
01ED003,1975-01-24,discharge/débit,60.9,
01ED003,1975-01-25,discharge/débit,55.8,
01ED003,1975-01-26,discharge/débit,45.3,A
01ED003,1975-01-27,discharge/débit,52.4,E
01ED003,1975-01-28,discharge/débit,65.4,A
01ED003,1975-01-29,discharge/débit,77.3,
01ED003,1975-01-30,discharge/débit,80.1,
01ED003,1975-01-31,discharge/débit,75.3,
01ED003,1975-02-01,discharge/débit,77.9,
01ED003,1975-02-02,discharge/débit,74.8,
01ED003,1975-02-03,discharge/débit,81.3,
01ED003,1975-02-04,discharge/débit,74.5,
01ED003,1975-02-05,discharge/débit,69.9,
01ED003,1975-02-06,discharge/débit,72.5,
01ED003,1975-02-07,discharge/débit,66.0,
01ED003,1975-02-08,discharge/débit,64.8,
01ED003,1975-02-09,discharge/débit,64.0,
01ED003,1975-02-10,discharge/débit,73.1,
01ED003,1975-02-11,discharge/débit,69.1,
01ED003,1975-02-12,discharge/débit,73.1,
01ED003,1975-02-13,discharge/débit,69.7,
01ED003,1975-02-14,discharge/débit,71.9,
01ED003,1975-02-15,discharge/débit,67.1,
01ED003,1975-02-16,discharge/débit,69.1,
01ED003,1975-02-17,discharge/débit,68.8,
01ED003,1975-02-18,discharge/débit,68.0,
01ED003,1975-02-19,discharge/débit,62.6,
01ED003,1975-02-20,discharge/débit,65.1,
01ED003,1975-02-21,discharge/débit,66.5,
01ED003,1975-02-22,discharge/débit,66.3,
01ED003,1975-02-23,discharge/débit,60.0,
01ED003,1975-02-24,discharge/débit,68.2,
01ED003,1975-02-25,discharge/débit,74.2,
01ED003,1975-02-26,discharge/débit,68.8,
01ED003,1975-02-27,discharge/débit,77.6,
01ED003,1975-02-28,discharge/débit,72.5,
01ED003,1975-03-01,discharge/débit,69.9,
01ED003,1975-03-02,discharge/débit,64.3,
01ED003,1975-03-03,discharge/débit,72.2,
01ED003,1975-03-04,discharge/débit,59.7,
01ED003,1975-03-05,discharge/débit,69.4,
01ED003,1975-03-06,discharge/débit,69.9,
01ED003,1975-03-07,discharge/débit,72.2,
01ED003,1975-03-08,discharge/débit,69.4,
01ED003,1975-03-09,discharge/débit,68.2,
01ED003,1975-03-10,discharge/débit,73.6,
01ED003,1975-03-11,discharge/débit,71.4,
01ED003,1975-03-12,discharge/débit,66.8,
01ED003,1975-03-13,discharge/débit,69.4,
01ED003,1975-03-14,discharge/débit,67.4,
01ED003,1975-03-15,discharge/débit,71.4,
01ED003,1975-03-16,discharge/débit,64.3,
01ED003,1975-03-17,discharge/débit,71.1,
01ED003,1975-03-18,discharge/débit,68.8,
01ED003,1975-03-19,discharge/débit,57.8,
01ED003,1975-03-20,discharge/débit,65.1,
01ED003,1975-03-21,discharge/débit,77.0,
01ED003,1975-03-22,discharge/débit,79.6,
01ED003,1975-03-23,discharge/débit,74.5,
01ED003,1975-03-24,discharge/débit,67.4,
01ED003,1975-03-25,discharge/débit,74.2,
01ED003,1975-03-26,discharge/débit,68.2,
01ED003,1975-03-27,discharge/débit,79.0,
01ED003,1975-03-28,discharge/débit,75.9,
01ED003,1975-03-29,discharge/débit,68.5,
01ED003,1975-03-30,discharge/débit,70.2,
01ED003,1975-03-31,discharge/débit,62.6,
01ED003,1975-04-01,discharge/débit,73.9,
01ED003,1975-04-02,discharge/débit,70.8,
01ED003,1975-04-03,discharge/débit,64.6,
01ED003,1975-04-04,discharge/débit,87.5,
01ED003,1975-04-05,discharge/débit,84.1,
01ED003,1975-04-06,discharge/débit,57.8,
01ED003,1975-04-07,discharge/débit,64.0,
01ED003,1975-04-08,discharge/débit,65.1,
01ED003,1975-04-09,discharge/débit,62.0,
01ED003,1975-04-10,discharge/débit,66.5,
01ED003,1975-04-11,discharge/débit,66.3,
01ED003,1975-04-12,discharge/débit,53.2,
01ED003,1975-04-13,discharge/débit,47.6,
01ED003,1975-04-14,discharge/débit,53.2,
01ED003,1975-04-15,discharge/débit,46.2,
01ED003,1975-04-16,discharge/débit,44.5,
01ED003,1975-04-17,discharge/débit,45.6,
01ED003,1975-04-18,discharge/débit,35.1,
01ED003,1975-04-19,discharge/débit,42.5,
01ED003,1975-04-20,discharge/débit,39.9,
01ED003,1975-04-21,discharge/débit,44.7,
01ED003,1975-04-22,discharge/débit,43.9,
01ED003,1975-04-23,discharge/débit,40.8,
01ED003,1975-04-24,discharge/débit,45.6,
01ED003,1975-04-25,discharge/débit,38.8,
01ED003,1975-04-26,discharge/débit,48.1,
01ED003,1975-04-27,discharge/débit,39.1,
01ED003,1975-04-28,discharge/débit,35.1,
01ED003,1975-04-29,discharge/débit,30.0,
01ED003,1975-04-30,discharge/débit,29.4,
01ED003,1975-05-01,discharge/débit,21.8,
01ED003,1975-05-02,discharge/débit,22.8,
01ED003,1975-05-03,discharge/débit,23.4,
01ED003,1975-05-04,discharge/débit,18.8,
01ED003,1975-05-05,discharge/débit,26.6,
01ED003,1975-05-06,discharge/débit,26.4,
01ED003,1975-05-07,discharge/débit,26.6,
01ED003,1975-05-08,discharge/débit,28.6,
01ED003,1975-05-09,discharge/débit,27.8,
01ED003,1975-05-10,discharge/débit,24.7,
01ED003,1975-05-11,discharge/débit,25.4,
01ED003,1975-05-12,discharge/débit,28.9,
01ED003,1975-05-13,discharge/débit,38.2,
01ED003,1975-05-14,discharge/débit,45.9,
01ED003,1975-05-15,discharge/débit,33.1,
01ED003,1975-05-16,discharge/débit,46.2,
01ED003,1975-05-17,discharge/débit,27.6,
01ED003,1975-05-18,discharge/débit,32.6,
01ED003,1975-05-19,discharge/débit,32.3,
01ED003,1975-05-20,discharge/débit,35.7,
01ED003,1975-05-21,discharge/débit,30.6,
01ED003,1975-05-22,discharge/débit,34.5,
01ED003,1975-05-23,discharge/débit,37.9,
01ED003,1975-05-24,discharge/débit,32.3,
01ED003,1975-05-25,discharge/débit,24.1,
01ED003,1975-05-26,discharge/débit,37.7,
01ED003,1975-05-27,discharge/débit,30.0,
01ED003,1975-05-28,discharge/débit,34.8,
01ED003,1975-05-29,discharge/débit,38.2,
01ED003,1975-05-30,discharge/débit,30.9,
01ED003,1975-05-31,discharge/débit,37.9,
01ED003,1975-06-01,discharge/débit,26.7,
01ED003,1975-06-02,discharge/débit,40.5,
01ED003,1975-06-03,discharge/débit,38.5,
01ED003,1975-06-04,discharge/débit,33.4,
01ED003,1975-06-05,discharge/débit,36.8,
01ED003,1975-06-06,discharge/débit,32.3,
01ED003,1975-06-07,discharge/débit,63.7,
01ED003,1975-06-08,discharge/débit,59.2,
01ED003,1975-06-09,discharge/débit,50.7,
01ED003,1975-06-10,discharge/débit,46.4,
01ED003,1975-06-11,discharge/débit,42.8,
01ED003,1975-06-12,discharge/débit,33.1,
01ED003,1975-06-13,discharge/débit,38.8,
01ED003,1975-06-14,discharge/débit,22.1,
01ED003,1975-06-15,discharge/débit,36.5,
01ED003,1975-06-16,discharge/débit,33.7,
01ED003,1975-06-17,discharge/débit,34.8,
01ED003,1975-06-18,discharge/débit,46.2,
01ED003,1975-06-19,discharge/débit,31.7,
01ED003,1975-06-20,discharge/débit,36.5,
01ED003,1975-06-21,discharge/débit,38.5,
01ED003,1975-06-22,discharge/débit,29.2,
01ED003,1975-06-23,discharge/débit,40.2,
01ED003,1975-06-24,discharge/débit,28.9,
01ED003,1975-06-25,discharge/débit,44.2,
01ED003,1975-06-26,discharge/débit,42.2,
01ED003,1975-06-27,discharge/débit,30.6,
01ED003,1975-06-28,discharge/débit,37.1,
01ED003,1975-06-29,discharge/débit,19.2,
01ED003,1975-06-30,discharge/débit,33.4,
01ED003,1975-07-01,discharge/débit,14.4,
01ED003,1975-07-02,discharge/débit,40.2,
01ED003,1975-07-03,discharge/débit,38.8,
01ED003,1975-07-04,discharge/débit,36.8,
01ED003,1975-07-05,discharge/débit,35.1,
01ED003,1975-07-06,discharge/débit,24.3,
01ED003,1975-07-07,discharge/débit,35.4,
01ED003,1975-07-08,discharge/débit,36.5,
01ED003,1975-07-09,discharge/débit,40.8,
01ED003,1975-07-10,discharge/débit,36.8,
01ED003,1975-07-11,discharge/débit,28.2,
01ED003,1975-07-12,discharge/débit,39.4,
01ED003,1975-07-13,discharge/débit,30.6,
01ED003,1975-07-14,discharge/débit,34.8,
01ED003,1975-07-15,discharge/débit,41.9,
01ED003,1975-07-16,discharge/débit,35.4,
01ED003,1975-07-17,discharge/débit,46.4,
01ED003,1975-07-18,discharge/débit,30.3,
01ED003,1975-07-19,discharge/débit,35.1,
01ED003,1975-07-20,discharge/débit,34.0,
01ED003,1975-07-21,discharge/débit,44.2,
01ED003,1975-07-22,discharge/débit,45.3,
01ED003,1975-07-23,discharge/débit,38.8,
01ED003,1975-07-24,discharge/débit,37.4,
01ED003,1975-07-25,discharge/débit,40.5,
01ED003,1975-07-26,discharge/débit,35.1,
01ED003,1975-07-27,discharge/débit,28.9,
01ED003,1975-07-28,discharge/débit,49.3,
01ED003,1975-07-29,discharge/débit,38.5,
01ED003,1975-07-30,discharge/débit,42.5,
01ED003,1975-07-31,discharge/débit,34.0,
01ED003,1975-08-01,discharge/débit,39.6,
01ED003,1975-08-02,discharge/débit,33.1,
01ED003,1975-08-03,discharge/débit,39.9,
01ED003,1975-08-04,discharge/débit,39.9,
01ED003,1975-08-05,discharge/débit,37.4,
01ED003,1975-08-06,discharge/débit,42.5,
01ED003,1975-08-07,discharge/débit,42.8,
01ED003,1975-08-08,discharge/débit,38.5,
01ED003,1975-08-09,discharge/débit,37.1,
01ED003,1975-08-10,discharge/débit,36.5,
01ED003,1975-08-11,discharge/débit,38.2,
01ED003,1975-08-12,discharge/débit,39.1,
01ED003,1975-08-13,discharge/débit,49.8,
01ED003,1975-08-14,discharge/débit,45.9,
01ED003,1975-08-15,discharge/débit,44.7,
01ED003,1975-08-16,discharge/débit,43.6,
01ED003,1975-08-17,discharge/débit,31.4,
01ED003,1975-08-18,discharge/débit,52.4,
01ED003,1975-08-19,discharge/débit,49.8,
01ED003,1975-08-20,discharge/débit,53.0,
01ED003,1975-08-21,discharge/débit,41.3,
01ED003,1975-08-22,discharge/débit,41.3,
01ED003,1975-08-23,discharge/débit,42.2,
01ED003,1975-08-24,discharge/débit,35.1,
01ED003,1975-08-25,discharge/débit,51.3,
01ED003,1975-08-26,discharge/débit,35.4,
01ED003,1975-08-27,discharge/débit,43.3,
01ED003,1975-08-28,discharge/débit,33.7,
01ED003,1975-08-29,discharge/débit,37.1,
01ED003,1975-08-30,discharge/débit,42.5,
01ED003,1975-08-31,discharge/débit,43.0,
01ED003,1975-09-01,discharge/débit,22.6,
01ED003,1975-09-02,discharge/débit,47.3,
01ED003,1975-09-03,discharge/débit,48.7,
01ED003,1975-09-04,discharge/débit,50.7,
01ED003,1975-09-05,discharge/débit,42.2,
01ED003,1975-09-06,discharge/débit,48.7,
01ED003,1975-09-07,discharge/débit,44.7,
01ED003,1975-09-08,discharge/débit,53.0,
01ED003,1975-09-09,discharge/débit,56.1,
01ED003,1975-09-10,discharge/débit,48.4,
01ED003,1975-09-11,discharge/débit,54.7,
01ED003,1975-09-12,discharge/débit,51.5,
01ED003,1975-09-13,discharge/débit,55.5,
01ED003,1975-09-14,discharge/débit,50.7,
01ED003,1975-09-15,discharge/débit,60.9,
01ED003,1975-09-16,discharge/débit,61.4,
01ED003,1975-09-17,discharge/débit,51.8,
01ED003,1975-09-18,discharge/débit,65.1,
01ED003,1975-09-19,discharge/débit,62.9,
01ED003,1975-09-20,discharge/débit,62.6,
01ED003,1975-09-21,discharge/débit,48.1,
01ED003,1975-09-22,discharge/débit,46.2,
01ED003,1975-09-23,discharge/débit,49.3,
01ED003,1975-09-24,discharge/débit,56.1,
01ED003,1975-09-25,discharge/débit,54.4,
01ED003,1975-09-26,discharge/débit,41.1,
01ED003,1975-09-27,discharge/débit,62.3,
01ED003,1975-09-28,discharge/débit,27.5,
01ED003,1975-09-29,discharge/débit,52.1,
01ED003,1975-09-30,discharge/débit,53.8,
01ED003,1975-10-01,discharge/débit,49.6,
01ED003,1975-10-02,discharge/débit,62.9,
01ED003,1975-10-03,discharge/débit,68.0,
01ED003,1975-10-04,discharge/débit,56.4,
01ED003,1975-10-05,discharge/débit,47.0,
01ED003,1975-10-06,discharge/débit,60.6,
01ED003,1975-10-07,discharge/débit,51.3,
01ED003,1975-10-08,discharge/débit,62.3,
01ED003,1975-10-09,discharge/débit,56.1,
01ED003,1975-10-10,discharge/débit,54.7,
01ED003,1975-10-11,discharge/débit,60.9,
01ED003,1975-10-12,discharge/débit,53.0,
01ED003,1975-10-13,discharge/débit,58.3,
01ED003,1975-10-14,discharge/débit,64.3,
01ED003,1975-10-15,discharge/débit,60.0,
01ED003,1975-10-16,discharge/débit,63.1,
01ED003,1975-10-17,discharge/débit,53.8,
01ED003,1975-10-18,discharge/débit,67.4,
01ED003,1975-10-19,discharge/débit,54.9,
01ED003,1975-10-20,discharge/débit,76.5,
01ED003,1975-10-21,discharge/débit,59.5,
01ED003,1975-10-22,discharge/débit,47.0,
01ED003,1975-10-23,discharge/débit,54.9,
01ED003,1975-10-24,discharge/débit,60.0,
01ED003,1975-10-25,discharge/débit,42.8,
01ED003,1975-10-26,discharge/débit,40.8,
01ED003,1975-10-27,discharge/débit,58.3,
01ED003,1975-10-28,discharge/débit,65.4,
01ED003,1975-10-29,discharge/débit,53.8,
01ED003,1975-10-30,discharge/débit,63.4,
01ED003,1975-10-31,discharge/débit,45.0,
01ED003,1975-11-01,discharge/débit,52.4,
01ED003,1975-11-02,discharge/débit,36.2,
01ED003,1975-11-03,discharge/débit,41.1,
01ED003,1975-11-04,discharge/débit,36.8,
01ED003,1975-11-05,discharge/débit,50.1,
01ED003,1975-11-06,discharge/débit,36.8,
01ED003,1975-11-07,discharge/débit,42.2,
01ED003,1975-11-08,discharge/débit,29.2,
01ED003,1975-11-09,discharge/débit,37.7,
01ED003,1975-11-10,discharge/débit,46.2,
01ED003,1975-11-11,discharge/débit,46.2,
01ED003,1975-11-12,discharge/débit,38.8,
01ED003,1975-11-13,discharge/débit,59.5,
01ED003,1975-11-14,discharge/débit,53.5,
01ED003,1975-11-15,discharge/débit,54.1,
01ED003,1975-11-16,discharge/débit,40.5,
01ED003,1975-11-17,discharge/débit,37.7,
01ED003,1975-11-18,discharge/débit,44.7,
01ED003,1975-11-19,discharge/débit,50.4,
01ED003,1975-11-20,discharge/débit,53.2,
01ED003,1975-11-21,discharge/débit,48.7,
01ED003,1975-11-22,discharge/débit,36.0,
01ED003,1975-11-23,discharge/débit,32.8,
01ED003,1975-11-24,discharge/débit,56.9,
01ED003,1975-11-25,discharge/débit,47.6,
01ED003,1975-11-26,discharge/débit,49.3,
01ED003,1975-11-27,discharge/débit,48.1,
01ED003,1975-11-28,discharge/débit,69.4,
01ED003,1975-11-29,discharge/débit,47.9,
01ED003,1975-11-30,discharge/débit,54.9,
01ED003,1975-12-01,discharge/débit,45.0,
01ED003,1975-12-02,discharge/débit,40.5,
01ED003,1975-12-03,discharge/débit,48.1,
01ED003,1975-12-04,discharge/débit,46.2,
01ED003,1975-12-05,discharge/débit,42.5,
01ED003,1975-12-06,discharge/débit,35.1,
01ED003,1975-12-07,discharge/débit,44.7,
01ED003,1975-12-08,discharge/débit,45.9,
01ED003,1975-12-09,discharge/débit,47.6,
01ED003,1975-12-10,discharge/débit,57.2,
01ED003,1975-12-11,discharge/débit,125.0,
01ED003,1975-12-12,discharge/débit,76.7,
01ED003,1975-12-13,discharge/débit,54.1,
01ED003,1975-12-14,discharge/débit,43.3,
01ED003,1975-12-15,discharge/débit,40.5,
01ED003,1975-12-16,discharge/débit,37.1,
01ED003,1975-12-17,discharge/débit,51.5,
01ED003,1975-12-18,discharge/débit,54.7,
01ED003,1975-12-19,discharge/débit,64.6,
01ED003,1975-12-20,discharge/débit,50.1,
01ED003,1975-12-21,discharge/débit,42.5,
01ED003,1975-12-22,discharge/débit,74.5,
01ED003,1975-12-23,discharge/débit,69.9,
01ED003,1975-12-24,discharge/débit,64.8,
01ED003,1975-12-25,discharge/débit,41.3,
01ED003,1975-12-26,discharge/débit,32.3,
01ED003,1975-12-27,discharge/débit,56.1,
01ED003,1975-12-28,discharge/débit,41.9,
01ED003,1975-12-29,discharge/débit,53.8,
01ED003,1975-12-30,discharge/débit,47.9,
01ED003,1975-12-31,discharge/débit,42.2,
01ED003,1976-01-01,discharge/débit,41.6,
01ED003,1976-01-02,discharge/débit,51.0,
01ED003,1976-01-03,discharge/débit,41.6,
01ED003,1976-01-04,discharge/débit,40.2,
01ED003,1976-01-05,discharge/débit,48.7,
01ED003,1976-01-06,discharge/débit,44.7,
01ED003,1976-01-07,discharge/débit,45.6,
01ED003,1976-01-08,discharge/débit,73.9,
01ED003,1976-01-09,discharge/débit,62.6,
01ED003,1976-01-10,discharge/débit,50.7,
01ED003,1976-01-11,discharge/débit,44.5,
01ED003,1976-01-12,discharge/débit,53.8,
01ED003,1976-01-13,discharge/débit,53.5,
01ED003,1976-01-14,discharge/débit,59.5,
01ED003,1976-01-15,discharge/débit,63.1,
01ED003,1976-01-16,discharge/débit,57.8,
01ED003,1976-01-17,discharge/débit,70.5,
01ED003,1976-01-18,discharge/débit,56.1,
01ED003,1976-01-19,discharge/débit,65.1,
01ED003,1976-01-20,discharge/débit,43.3,
01ED003,1976-01-21,discharge/débit,58.6,
01ED003,1976-01-22,discharge/débit,49.8,
01ED003,1976-01-23,discharge/débit,59.5,
01ED003,1976-01-24,discharge/débit,60.6,
01ED003,1976-01-25,discharge/débit,52.1,
01ED003,1976-01-26,discharge/débit,59.5,
01ED003,1976-01-27,discharge/débit,57.8,
01ED003,1976-01-28,discharge/débit,75.9,
01ED003,1976-01-29,discharge/débit,72.2,
01ED003,1976-01-30,discharge/débit,82.1,
01ED003,1976-01-31,discharge/débit,62.3,
01ED003,1976-02-01,discharge/débit,69.1,
01ED003,1976-02-02,discharge/débit,82.4,
01ED003,1976-02-03,discharge/débit,81.6,
01ED003,1976-02-04,discharge/débit,69.1,
01ED003,1976-02-05,discharge/débit,62.0,
01ED003,1976-02-06,discharge/débit,69.1,
01ED003,1976-02-07,discharge/débit,72.5,
01ED003,1976-02-08,discharge/débit,54.1,
01ED003,1976-02-09,discharge/débit,72.8,
01ED003,1976-02-10,discharge/débit,64.3,
01ED003,1976-02-11,discharge/débit,64.8,
01ED003,1976-02-12,discharge/débit,72.8,
01ED003,1976-02-13,discharge/débit,69.1,
01ED003,1976-02-14,discharge/débit,74.2,
01ED003,1976-02-15,discharge/débit,71.6,
01ED003,1976-02-16,discharge/débit,68.2,
01ED003,1976-02-17,discharge/débit,73.9,
01ED003,1976-02-18,discharge/débit,71.9,
01ED003,1976-02-19,discharge/débit,74.2,
01ED003,1976-02-20,discharge/débit,71.1,
01ED003,1976-02-21,discharge/débit,75.0,
01ED003,1976-02-22,discharge/débit,82.4,
01ED003,1976-02-23,discharge/débit,115.0,
01ED003,1976-02-24,discharge/débit,87.2,
01ED003,1976-02-25,discharge/débit,84.4,
01ED003,1976-02-26,discharge/débit,87.8,
01ED003,1976-02-27,discharge/débit,79.6,
01ED003,1976-02-28,discharge/débit,69.9,
01ED003,1976-02-29,discharge/débit,71.9,
01ED003,1976-03-01,discharge/débit,84.1,
01ED003,1976-03-02,discharge/débit,76.7,
01ED003,1976-03-03,discharge/débit,77.3,
01ED003,1976-03-04,discharge/débit,78.2,
01ED003,1976-03-05,discharge/débit,73.1,
01ED003,1976-03-06,discharge/débit,78.7,
01ED003,1976-03-07,discharge/débit,69.4,
01ED003,1976-03-08,discharge/débit,81.0,
01ED003,1976-03-09,discharge/débit,83.5,
01ED003,1976-03-10,discharge/débit,73.1,
01ED003,1976-03-11,discharge/débit,68.2,
01ED003,1976-03-12,discharge/débit,70.5,
01ED003,1976-03-13,discharge/débit,80.4,
01ED003,1976-03-14,discharge/débit,72.2,
01ED003,1976-03-15,discharge/débit,85.0,
01ED003,1976-03-16,discharge/débit,80.7,
01ED003,1976-03-17,discharge/débit,87.2,
01ED003,1976-03-18,discharge/débit,82.1,
01ED003,1976-03-19,discharge/débit,78.7,
01ED003,1976-03-20,discharge/débit,79.9,
01ED003,1976-03-21,discharge/débit,101.0,
01ED003,1976-03-22,discharge/débit,124.0,
01ED003,1976-03-23,discharge/débit,116.0,
01ED003,1976-03-24,discharge/débit,99.7,
01ED003,1976-03-25,discharge/débit,82.7,
01ED003,1976-03-26,discharge/débit,87.5,
01ED003,1976-03-27,discharge/débit,87.2,
01ED003,1976-03-28,discharge/débit,77.0,
01ED003,1976-03-29,discharge/débit,87.2,
01ED003,1976-03-30,discharge/débit,84.7,
01ED003,1976-03-31,discharge/débit,78.2,
01ED003,1976-04-01,discharge/débit,85.8,
01ED003,1976-04-02,discharge/débit,85.2,
01ED003,1976-04-03,discharge/débit,117.0,
01ED003,1976-04-04,discharge/débit,106.0,
01ED003,1976-04-05,discharge/débit,103.0,
01ED003,1976-04-06,discharge/débit,87.2,
01ED003,1976-04-07,discharge/débit,84.1,
01ED003,1976-04-08,discharge/débit,79.9,
01ED003,1976-04-09,discharge/débit,81.0,
01ED003,1976-04-10,discharge/débit,82.7,
01ED003,1976-04-11,discharge/débit,74.5,
01ED003,1976-04-12,discharge/débit,85.8,
01ED003,1976-04-13,discharge/débit,66.3,
01ED003,1976-04-14,discharge/débit,71.4,
01ED003,1976-04-15,discharge/débit,68.0,
01ED003,1976-04-16,discharge/débit,68.5,
01ED003,1976-04-17,discharge/débit,76.5,
01ED003,1976-04-18,discharge/débit,63.7,
01ED003,1976-04-19,discharge/débit,68.0,
01ED003,1976-04-20,discharge/débit,80.1,
01ED003,1976-04-21,discharge/débit,69.1,
01ED003,1976-04-22,discharge/débit,72.8,
01ED003,1976-04-23,discharge/débit,73.1,
01ED003,1976-04-24,discharge/débit,78.2,
01ED003,1976-04-25,discharge/débit,74.8,
01ED003,1976-04-26,discharge/débit,78.2,
01ED003,1976-04-27,discharge/débit,75.9,
01ED003,1976-04-28,discharge/débit,84.1,
01ED003,1976-04-29,discharge/débit,77.9,
01ED003,1976-04-30,discharge/débit,81.6,
01ED003,1976-05-01,discharge/débit,71.6,
01ED003,1976-05-02,discharge/débit,82.1,
01ED003,1976-05-03,discharge/débit,90.6,
01ED003,1976-05-04,discharge/débit,92.6,
01ED003,1976-05-05,discharge/débit,79.3,
01ED003,1976-05-06,discharge/débit,75.3,
01ED003,1976-05-07,discharge/débit,79.3,
01ED003,1976-05-08,discharge/débit,79.6,
01ED003,1976-05-09,discharge/débit,77.6,
01ED003,1976-05-10,discharge/débit,78.4,
01ED003,1976-05-11,discharge/débit,72.8,
01ED003,1976-05-12,discharge/débit,76.5,
01ED003,1976-05-13,discharge/débit,68.5,
01ED003,1976-05-14,discharge/débit,77.3,
01ED003,1976-05-15,discharge/débit,75.9,
01ED003,1976-05-16,discharge/débit,72.2,
01ED003,1976-05-17,discharge/débit,69.4,
01ED003,1976-05-18,discharge/débit,78.7,
01ED003,1976-05-19,discharge/débit,73.3,
01ED003,1976-05-20,discharge/débit,72.2,
01ED003,1976-05-21,discharge/débit,68.2,
01ED003,1976-05-22,discharge/débit,75.9,
01ED003,1976-05-23,discharge/débit,74.2,
01ED003,1976-05-24,discharge/débit,62.9,
01ED003,1976-05-25,discharge/débit,81.3,
01ED003,1976-05-26,discharge/débit,71.4,
01ED003,1976-05-27,discharge/débit,70.2,
01ED003,1976-05-28,discharge/débit,72.5,
01ED003,1976-05-29,discharge/débit,66.0,
01ED003,1976-05-30,discharge/débit,71.6,
01ED003,1976-05-31,discharge/débit,75.0,
01ED003,1976-06-01,discharge/débit,68.2,
01ED003,1976-06-02,discharge/débit,59.7,
01ED003,1976-06-03,discharge/débit,66.5,
01ED003,1976-06-04,discharge/débit,58.9,
01ED003,1976-06-05,discharge/débit,54.4,
01ED003,1976-06-06,discharge/débit,57.8,
01ED003,1976-06-07,discharge/débit,61.2,
01ED003,1976-06-08,discharge/débit,66.3,
01ED003,1976-06-09,discharge/débit,45.0,
01ED003,1976-06-10,discharge/débit,43.9,
01ED003,1976-06-11,discharge/débit,65.1,
01ED003,1976-06-12,discharge/débit,60.3,
01ED003,1976-06-13,discharge/débit,54.7,
01ED003,1976-06-14,discharge/débit,44.7,
01ED003,1976-06-15,discharge/débit,54.1,
01ED003,1976-06-16,discharge/débit,70.5,
01ED003,1976-06-17,discharge/débit,43.3,
01ED003,1976-06-18,discharge/débit,53.2,
01ED003,1976-06-19,discharge/débit,55.5,
01ED003,1976-06-20,discharge/débit,58.9,
01ED003,1976-06-21,discharge/débit,64.0,
01ED003,1976-06-22,discharge/débit,44.7,
01ED003,1976-06-23,discharge/débit,39.9,
01ED003,1976-06-24,discharge/débit,58.6,
01ED003,1976-06-25,discharge/débit,69.7,
01ED003,1976-06-26,discharge/débit,40.5,
01ED003,1976-06-27,discharge/débit,39.9,
01ED003,1976-06-28,discharge/débit,50.4,
01ED003,1976-06-29,discharge/débit,61.7,
01ED003,1976-06-30,discharge/débit,61.4,
01ED003,1976-07-01,discharge/débit,33.7,
01ED003,1976-07-02,discharge/débit,56.4,
01ED003,1976-07-03,discharge/débit,44.5,
01ED003,1976-07-04,discharge/débit,34.5,
01ED003,1976-07-05,discharge/débit,51.0,
01ED003,1976-07-06,discharge/débit,61.4,
01ED003,1976-07-07,discharge/débit,57.8,
01ED003,1976-07-08,discharge/débit,51.8,
01ED003,1976-07-09,discharge/débit,62.6,
01ED003,1976-07-10,discharge/débit,45.0,
01ED003,1976-07-11,discharge/débit,31.4,
01ED003,1976-07-12,discharge/débit,60.9,
01ED003,1976-07-13,discharge/débit,54.4,
01ED003,1976-07-14,discharge/débit,60.3,
01ED003,1976-07-15,discharge/débit,71.1,
01ED003,1976-07-16,discharge/débit,61.4,
01ED003,1976-07-17,discharge/débit,58.9,
01ED003,1976-07-18,discharge/débit,47.0,
01ED003,1976-07-19,discharge/débit,63.7,
01ED003,1976-07-20,discharge/débit,58.3,
01ED003,1976-07-21,discharge/débit,56.4,
01ED003,1976-07-22,discharge/débit,62.6,
01ED003,1976-07-23,discharge/débit,60.3,
01ED003,1976-07-24,discharge/débit,58.3,
01ED003,1976-07-25,discharge/débit,61.7,
01ED003,1976-07-26,discharge/débit,66.3,
01ED003,1976-07-27,discharge/débit,53.5,
01ED003,1976-07-28,discharge/débit,58.3,
01ED003,1976-07-29,discharge/débit,62.0,
01ED003,1976-07-30,discharge/débit,62.0,
01ED003,1976-07-31,discharge/débit,51.3,
01ED003,1976-08-01,discharge/débit,41.1,
01ED003,1976-08-02,discharge/débit,53.2,
01ED003,1976-08-03,discharge/débit,54.7,
01ED003,1976-08-04,discharge/débit,61.7,
01ED003,1976-08-05,discharge/débit,62.3,
01ED003,1976-08-06,discharge/débit,66.0,
01ED003,1976-08-07,discharge/débit,33.7,
01ED003,1976-08-08,discharge/débit,34.0,
01ED003,1976-08-09,discharge/débit,58.0,
01ED003,1976-08-10,discharge/débit,62.0,
01ED003,1976-08-11,discharge/débit,49.3,
01ED003,1976-08-12,discharge/débit,62.0,
01ED003,1976-08-13,discharge/débit,61.4,
01ED003,1976-08-14,discharge/débit,27.0,
01ED003,1976-08-15,discharge/débit,46.7,
01ED003,1976-08-16,discharge/débit,54.7,
01ED003,1976-08-17,discharge/débit,56.6,
01ED003,1976-08-18,discharge/débit,57.8,
01ED003,1976-08-19,discharge/débit,60.0,
01ED003,1976-08-20,discharge/débit,54.7,
01ED003,1976-08-21,discharge/débit,25.0,
01ED003,1976-08-22,discharge/débit,28.3,
01ED003,1976-08-23,discharge/débit,57.5,
01ED003,1976-08-24,discharge/débit,57.2,
01ED003,1976-08-25,discharge/débit,58.6,
01ED003,1976-08-26,discharge/débit,56.4,
01ED003,1976-08-27,discharge/débit,57.5,
01ED003,1976-08-28,discharge/débit,37.4,
01ED003,1976-08-29,discharge/débit,33.7,
01ED003,1976-08-30,discharge/débit,44.5,
01ED003,1976-08-31,discharge/débit,54.9,
01ED003,1976-09-01,discharge/débit,47.3,
01ED003,1976-09-02,discharge/débit,52.1,
01ED003,1976-09-03,discharge/débit,60.9,
01ED003,1976-09-04,discharge/débit,24.9,
01ED003,1976-09-05,discharge/débit,33.1,
01ED003,1976-09-06,discharge/débit,34.3,
01ED003,1976-09-07,discharge/débit,46.4,
01ED003,1976-09-08,discharge/débit,52.4,
01ED003,1976-09-09,discharge/débit,58.0,
01ED003,1976-09-10,discharge/débit,51.8,
01ED003,1976-09-11,discharge/débit,30.6,
01ED003,1976-09-12,discharge/débit,34.5,
01ED003,1976-09-13,discharge/débit,56.6,
01ED003,1976-09-14,discharge/débit,56.1,
01ED003,1976-09-15,discharge/débit,58.0,
01ED003,1976-09-16,discharge/débit,53.2,
01ED003,1976-09-17,discharge/débit,55.2,
01ED003,1976-09-18,discharge/débit,37.9,
01ED003,1976-09-19,discharge/débit,49.3,
01ED003,1976-09-20,discharge/débit,53.0,
01ED003,1976-09-21,discharge/débit,56.4,
01ED003,1976-09-22,discharge/débit,61.7,
01ED003,1976-09-23,discharge/débit,58.9,
01ED003,1976-09-24,discharge/débit,52.7,
01ED003,1976-09-25,discharge/débit,55.5,
01ED003,1976-09-26,discharge/débit,56.1,
01ED003,1976-09-27,discharge/débit,55.5,
01ED003,1976-09-28,discharge/débit,58.3,
01ED003,1976-09-29,discharge/débit,53.5,
01ED003,1976-09-30,discharge/débit,53.8,
01ED003,1976-10-01,discharge/débit,58.3,
01ED003,1976-10-02,discharge/débit,62.3,
01ED003,1976-10-03,discharge/débit,38.2,
01ED003,1976-10-04,discharge/débit,52.7,
01ED003,1976-10-05,discharge/débit,51.5,
01ED003,1976-10-06,discharge/débit,48.7,
01ED003,1976-10-07,discharge/débit,62.3,
01ED003,1976-10-08,discharge/débit,56.1,
01ED003,1976-10-09,discharge/débit,48.7,
01ED003,1976-10-10,discharge/débit,54.7,
01ED003,1976-10-11,discharge/débit,53.5,
01ED003,1976-10-12,discharge/débit,66.3,
01ED003,1976-10-13,discharge/débit,60.0,
01ED003,1976-10-14,discharge/débit,56.1,
01ED003,1976-10-15,discharge/débit,55.5,
01ED003,1976-10-16,discharge/débit,61.4,
01ED003,1976-10-17,discharge/débit,45.3,
01ED003,1976-10-18,discharge/débit,70.8,
01ED003,1976-10-19,discharge/débit,54.4,
01ED003,1976-10-20,discharge/débit,57.5,
01ED003,1976-10-21,discharge/débit,75.9,
01ED003,1976-10-22,discharge/débit,79.3,
01ED003,1976-10-23,discharge/débit,66.8,
01ED003,1976-10-24,discharge/débit,60.9,
01ED003,1976-10-25,discharge/débit,57.2,
01ED003,1976-10-26,discharge/débit,67.1,
01ED003,1976-10-27,discharge/débit,68.5,
01ED003,1976-10-28,discharge/débit,71.1,
01ED003,1976-10-29,discharge/débit,61.4,
01ED003,1976-10-30,discharge/débit,62.3,
01ED003,1976-10-31,discharge/débit,51.0,
01ED003,1976-11-01,discharge/débit,67.7,
01ED003,1976-11-02,discharge/débit,64.3,
01ED003,1976-11-03,discharge/débit,64.3,
01ED003,1976-11-04,discharge/débit,61.4,
01ED003,1976-11-05,discharge/débit,66.0,
01ED003,1976-11-06,discharge/débit,75.3,
01ED003,1976-11-07,discharge/débit,56.6,
01ED003,1976-11-08,discharge/débit,62.6,
01ED003,1976-11-09,discharge/débit,68.5,
01ED003,1976-11-10,discharge/débit,65.1,
01ED003,1976-11-11,discharge/débit,64.0,
01ED003,1976-11-12,discharge/débit,66.8,
01ED003,1976-11-13,discharge/débit,43.3,
01ED003,1976-11-14,discharge/débit,44.5,
01ED003,1976-11-15,discharge/débit,62.9,
01ED003,1976-11-16,discharge/débit,59.7,
01ED003,1976-11-17,discharge/débit,62.0,
01ED003,1976-11-18,discharge/débit,59.5,
01ED003,1976-11-19,discharge/débit,63.7,
01ED003,1976-11-20,discharge/débit,58.0,
01ED003,1976-11-21,discharge/débit,54.4,
01ED003,1976-11-22,discharge/débit,67.1,
01ED003,1976-11-23,discharge/débit,63.7,
01ED003,1976-11-24,discharge/débit,58.9,
01ED003,1976-11-25,discharge/débit,53.2,
01ED003,1976-11-26,discharge/débit,63.1,
01ED003,1976-11-27,discharge/débit,59.2,
01ED003,1976-11-28,discharge/débit,42.8,
01ED003,1976-11-29,discharge/débit,55.2,
01ED003,1976-11-30,discharge/débit,64.6,
01ED003,1976-12-01,discharge/débit,61.4,
01ED003,1976-12-02,discharge/débit,58.9,
01ED003,1976-12-03,discharge/débit,60.3,
01ED003,1976-12-04,discharge/débit,40.2,
01ED003,1976-12-05,discharge/débit,38.8,
01ED003,1976-12-06,discharge/débit,55.5,
01ED003,1976-12-07,discharge/débit,56.1,
01ED003,1976-12-08,discharge/débit,79.3,
01ED003,1976-12-09,discharge/débit,68.2,
01ED003,1976-12-10,discharge/débit,73.6,
01ED003,1976-12-11,discharge/débit,58.9,
01ED003,1976-12-12,discharge/débit,65.4,
01ED003,1976-12-13,discharge/débit,59.5,
01ED003,1976-12-14,discharge/débit,69.4,
01ED003,1976-12-15,discharge/débit,60.0,
01ED003,1976-12-16,discharge/débit,61.4,
01ED003,1976-12-17,discharge/débit,67.4,
01ED003,1976-12-18,discharge/débit,52.7,
01ED003,1976-12-19,discharge/débit,60.3,
01ED003,1976-12-20,discharge/débit,60.9,
01ED003,1976-12-21,discharge/débit,84.1,
01ED003,1976-12-22,discharge/débit,86.9,
01ED003,1976-12-23,discharge/débit,93.4,
01ED003,1976-12-24,discharge/débit,60.6,
01ED003,1976-12-25,discharge/débit,60.0,
01ED003,1976-12-26,discharge/débit,70.8,
01ED003,1976-12-27,discharge/débit,96.8,
01ED003,1976-12-28,discharge/débit,53.2,
01ED003,1976-12-29,discharge/débit,49.0,
01ED003,1976-12-30,discharge/débit,49.6,
01ED003,1976-12-31,discharge/débit,53.8,
01ED003,1977-01-01,discharge/débit,64.3,
01ED003,1977-01-02,discharge/débit,68.0,
01ED003,1977-01-03,discharge/débit,57.5,
01ED003,1977-01-04,discharge/débit,43.3,
01ED003,1977-01-05,discharge/débit,43.6,
01ED003,1977-01-06,discharge/débit,43.3,
01ED003,1977-01-07,discharge/débit,44.5,
01ED003,1977-01-08,discharge/débit,38.8,
01ED003,1977-01-09,discharge/débit,43.3,
01ED003,1977-01-10,discharge/débit,41.3,
01ED003,1977-01-11,discharge/débit,44.7,
01ED003,1977-01-12,discharge/débit,44.5,
01ED003,1977-01-13,discharge/débit,46.4,
01ED003,1977-01-14,discharge/débit,47.3,
01ED003,1977-01-15,discharge/débit,52.7,
01ED003,1977-01-16,discharge/débit,52.7,
01ED003,1977-01-17,discharge/débit,53.5,
01ED003,1977-01-18,discharge/débit,54.1,
01ED003,1977-01-19,discharge/débit,51.8,
01ED003,1977-01-20,discharge/débit,52.7,
01ED003,1977-01-21,discharge/débit,46.2,
01ED003,1977-01-22,discharge/débit,53.2,
01ED003,1977-01-23,discharge/débit,53.2,
01ED003,1977-01-24,discharge/débit,49.6,
01ED003,1977-01-25,discharge/débit,53.8,
01ED003,1977-01-26,discharge/débit,54.7,
01ED003,1977-01-27,discharge/débit,54.7,
01ED003,1977-01-28,discharge/débit,53.5,
01ED003,1977-01-29,discharge/débit,52.1,
01ED003,1977-01-30,discharge/débit,50.7,
01ED003,1977-01-31,discharge/débit,51.0,
01ED003,1977-02-01,discharge/débit,50.7,
01ED003,1977-02-02,discharge/débit,46.7,
01ED003,1977-02-03,discharge/débit,52.4,
01ED003,1977-02-04,discharge/débit,54.7,
01ED003,1977-02-05,discharge/débit,53.8,
01ED003,1977-02-06,discharge/débit,54.1,
01ED003,1977-02-07,discharge/débit,47.6,
01ED003,1977-02-08,discharge/débit,43.9,
01ED003,1977-02-09,discharge/débit,49.8,
01ED003,1977-02-10,discharge/débit,47.9,
01ED003,1977-02-11,discharge/débit,44.2,
01ED003,1977-02-12,discharge/débit,49.6,
01ED003,1977-02-13,discharge/débit,44.2,
01ED003,1977-02-14,discharge/débit,51.5,
01ED003,1977-02-15,discharge/débit,48.4,
01ED003,1977-02-16,discharge/débit,51.5,
01ED003,1977-02-17,discharge/débit,52.7,
01ED003,1977-02-18,discharge/débit,52.4,
01ED003,1977-02-19,discharge/débit,48.4,
01ED003,1977-02-20,discharge/débit,52.1,
01ED003,1977-02-21,discharge/débit,55.5,
01ED003,1977-02-22,discharge/débit,55.5,
01ED003,1977-02-23,discharge/débit,58.0,
01ED003,1977-02-24,discharge/débit,54.7,
01ED003,1977-02-25,discharge/débit,54.4,
01ED003,1977-02-26,discharge/débit,51.8,
01ED003,1977-02-27,discharge/débit,48.1,
01ED003,1977-02-28,discharge/débit,65.4,
01ED003,1977-03-01,discharge/débit,60.3,
01ED003,1977-03-02,discharge/débit,67.4,
01ED003,1977-03-03,discharge/débit,55.5,
01ED003,1977-03-04,discharge/débit,54.4,
01ED003,1977-03-05,discharge/débit,62.6,
01ED003,1977-03-06,discharge/débit,55.8,
01ED003,1977-03-07,discharge/débit,61.4,
01ED003,1977-03-08,discharge/débit,55.2,
01ED003,1977-03-09,discharge/débit,55.8,
01ED003,1977-03-10,discharge/débit,56.6,
01ED003,1977-03-11,discharge/débit,70.8,
01ED003,1977-03-12,discharge/débit,76.2,
01ED003,1977-03-13,discharge/débit,62.0,
01ED003,1977-03-14,discharge/débit,75.3,
01ED003,1977-03-15,discharge/débit,98.5,
01ED003,1977-03-16,discharge/débit,100.0,
01ED003,1977-03-17,discharge/débit,84.4,
01ED003,1977-03-18,discharge/débit,66.0,
01ED003,1977-03-19,discharge/débit,72.5,
01ED003,1977-03-20,discharge/débit,62.9,
01ED003,1977-03-21,discharge/débit,70.2,
01ED003,1977-03-22,discharge/débit,69.1,
01ED003,1977-03-23,discharge/débit,73.9,
01ED003,1977-03-24,discharge/débit,64.8,
01ED003,1977-03-25,discharge/débit,61.7,
01ED003,1977-03-26,discharge/débit,67.1,
01ED003,1977-03-27,discharge/débit,67.1,
01ED003,1977-03-28,discharge/débit,62.6,
01ED003,1977-03-29,discharge/débit,73.6,
01ED003,1977-03-30,discharge/débit,59.5,
01ED003,1977-03-31,discharge/débit,78.2,
01ED003,1977-04-01,discharge/débit,83.3,
01ED003,1977-04-02,discharge/débit,64.0,
01ED003,1977-04-03,discharge/débit,72.2,
01ED003,1977-04-04,discharge/débit,68.8,
01ED003,1977-04-05,discharge/débit,85.2,
01ED003,1977-04-06,discharge/débit,72.8,
01ED003,1977-04-07,discharge/débit,98.0,
01ED003,1977-04-08,discharge/débit,98.8,
01ED003,1977-04-09,discharge/débit,84.4,
01ED003,1977-04-10,discharge/débit,72.2,
01ED003,1977-04-11,discharge/débit,76.5,
01ED003,1977-04-12,discharge/débit,79.6,
01ED003,1977-04-13,discharge/débit,82.7,
01ED003,1977-04-14,discharge/débit,79.3,
01ED003,1977-04-15,discharge/débit,81.0,
01ED003,1977-04-16,discharge/débit,81.0,
01ED003,1977-04-17,discharge/débit,66.5,
01ED003,1977-04-18,discharge/débit,79.3,
01ED003,1977-04-19,discharge/débit,71.6,
01ED003,1977-04-20,discharge/débit,80.7,
01ED003,1977-04-21,discharge/débit,71.9,
01ED003,1977-04-22,discharge/débit,79.6,
01ED003,1977-04-23,discharge/débit,70.2,
01ED003,1977-04-24,discharge/débit,67.4,
01ED003,1977-04-25,discharge/débit,86.1,
01ED003,1977-04-26,discharge/débit,76.2,
01ED003,1977-04-27,discharge/débit,71.4,
01ED003,1977-04-28,discharge/débit,59.2,
01ED003,1977-04-29,discharge/débit,71.1,
01ED003,1977-04-30,discharge/débit,70.2,
01ED003,1977-05-01,discharge/débit,72.2,
01ED003,1977-05-02,discharge/débit,71.4,
01ED003,1977-05-03,discharge/débit,58.6,
01ED003,1977-05-04,discharge/débit,69.4,
01ED003,1977-05-05,discharge/débit,65.1,
01ED003,1977-05-06,discharge/débit,73.6,
01ED003,1977-05-07,discharge/débit,65.1,
01ED003,1977-05-08,discharge/débit,66.3,
01ED003,1977-05-09,discharge/débit,72.5,
01ED003,1977-05-10,discharge/débit,72.8,
01ED003,1977-05-11,discharge/débit,74.2,
01ED003,1977-05-12,discharge/débit,62.0,
01ED003,1977-05-13,discharge/débit,64.6,
01ED003,1977-05-14,discharge/débit,64.0,
01ED003,1977-05-15,discharge/débit,64.0,
01ED003,1977-05-16,discharge/débit,69.7,
01ED003,1977-05-17,discharge/débit,58.0,
01ED003,1977-05-18,discharge/débit,64.3,
01ED003,1977-05-19,discharge/débit,58.6,
01ED003,1977-05-20,discharge/débit,67.4,
01ED003,1977-05-21,discharge/débit,58.0,
01ED003,1977-05-22,discharge/débit,49.6,
01ED003,1977-05-23,discharge/débit,52.1,
01ED003,1977-05-24,discharge/débit,69.9,
01ED003,1977-05-25,discharge/débit,53.2,
01ED003,1977-05-26,discharge/débit,61.2,
01ED003,1977-05-27,discharge/débit,54.9,
01ED003,1977-05-28,discharge/débit,51.3,
01ED003,1977-05-29,discharge/débit,55.8,
01ED003,1977-05-30,discharge/débit,55.2,
01ED003,1977-05-31,discharge/débit,51.5,
01ED003,1977-06-01,discharge/débit,48.1,
01ED003,1977-06-02,discharge/débit,51.0,
01ED003,1977-06-03,discharge/débit,58.9,
01ED003,1977-06-04,discharge/débit,62.6,
01ED003,1977-06-05,discharge/débit,48.4,
01ED003,1977-06-06,discharge/débit,50.4,
01ED003,1977-06-07,discharge/débit,56.9,
01ED003,1977-06-08,discharge/débit,57.2,
01ED003,1977-06-09,discharge/débit,50.7,
01ED003,1977-06-10,discharge/débit,61.2,
01ED003,1977-06-11,discharge/débit,77.3,
01ED003,1977-06-12,discharge/débit,66.8,
01ED003,1977-06-13,discharge/débit,62.3,
01ED003,1977-06-14,discharge/débit,46.4,
01ED003,1977-06-15,discharge/débit,36.8,
01ED003,1977-06-16,discharge/débit,42.2,
01ED003,1977-06-17,discharge/débit,48.4,
01ED003,1977-06-18,discharge/débit,50.1,
01ED003,1977-06-19,discharge/débit,57.2,
01ED003,1977-06-20,discharge/débit,57.2,
01ED003,1977-06-21,discharge/débit,46.4,
01ED003,1977-06-22,discharge/débit,37.1,
01ED003,1977-06-23,discharge/débit,49.0,
01ED003,1977-06-24,discharge/débit,59.5,
01ED003,1977-06-25,discharge/débit,52.4,
01ED003,1977-06-26,discharge/débit,49.6,
01ED003,1977-06-27,discharge/débit,62.6,
01ED003,1977-06-28,discharge/débit,40.2,
01ED003,1977-06-29,discharge/débit,44.5,
01ED003,1977-06-30,discharge/débit,41.1,
01ED003,1977-07-01,discharge/débit,27.5,
01ED003,1977-07-02,discharge/débit,41.6,
01ED003,1977-07-03,discharge/débit,29.2,
01ED003,1977-07-04,discharge/débit,44.5,
01ED003,1977-07-05,discharge/débit,40.5,
01ED003,1977-07-06,discharge/débit,30.3,
01ED003,1977-07-07,discharge/débit,38.5,
01ED003,1977-07-08,discharge/débit,39.9,
01ED003,1977-07-09,discharge/débit,37.1,
01ED003,1977-07-10,discharge/débit,39.4,
01ED003,1977-07-11,discharge/débit,39.6,
01ED003,1977-07-12,discharge/débit,39.9,
01ED003,1977-07-13,discharge/débit,37.9,
01ED003,1977-07-14,discharge/débit,43.9,
01ED003,1977-07-15,discharge/débit,40.2,
01ED003,1977-07-16,discharge/débit,38.2,
01ED003,1977-07-17,discharge/débit,36.8,
01ED003,1977-07-18,discharge/débit,42.5,
01ED003,1977-07-19,discharge/débit,43.9,
01ED003,1977-07-20,discharge/débit,31.4,
01ED003,1977-07-21,discharge/débit,38.5,
01ED003,1977-07-22,discharge/débit,33.4,
01ED003,1977-07-23,discharge/débit,30.3,
01ED003,1977-07-24,discharge/débit,38.5,
01ED003,1977-07-25,discharge/débit,40.8,
01ED003,1977-07-26,discharge/débit,37.7,
01ED003,1977-07-27,discharge/débit,42.5,
01ED003,1977-07-28,discharge/débit,33.7,
01ED003,1977-07-29,discharge/débit,37.4,
01ED003,1977-07-30,discharge/débit,34.0,
01ED003,1977-07-31,discharge/débit,37.4,
01ED003,1977-08-01,discharge/débit,41.9,
01ED003,1977-08-02,discharge/débit,41.3,
01ED003,1977-08-03,discharge/débit,43.6,
01ED003,1977-08-04,discharge/débit,45.0,
01ED003,1977-08-05,discharge/débit,30.0,
01ED003,1977-08-06,discharge/débit,33.1,
01ED003,1977-08-07,discharge/débit,43.9,
01ED003,1977-08-08,discharge/débit,44.5,
01ED003,1977-08-09,discharge/débit,36.5,
01ED003,1977-08-10,discharge/débit,37.7,
01ED003,1977-08-11,discharge/débit,39.6,
01ED003,1977-08-12,discharge/débit,36.0,
01ED003,1977-08-13,discharge/débit,36.0,
01ED003,1977-08-14,discharge/débit,39.4,
01ED003,1977-08-15,discharge/débit,43.6,
01ED003,1977-08-16,discharge/débit,34.8,
01ED003,1977-08-17,discharge/débit,38.8,
01ED003,1977-08-18,discharge/débit,34.0,
01ED003,1977-08-19,discharge/débit,41.1,
01ED003,1977-08-20,discharge/débit,36.8,
01ED003,1977-08-21,discharge/débit,33.4,
01ED003,1977-08-22,discharge/débit,39.6,
01ED003,1977-08-23,discharge/débit,38.2,
01ED003,1977-08-24,discharge/débit,38.8,
01ED003,1977-08-25,discharge/débit,45.3,
01ED003,1977-08-26,discharge/débit,40.2,
01ED003,1977-08-27,discharge/débit,36.5,
01ED003,1977-08-28,discharge/débit,38.2,
01ED003,1977-08-29,discharge/débit,44.5,
01ED003,1977-08-30,discharge/débit,32.6,
01ED003,1977-08-31,discharge/débit,36.2,
01ED003,1977-09-01,discharge/débit,37.7,
01ED003,1977-09-02,discharge/débit,37.4,
01ED003,1977-09-03,discharge/débit,33.1,
01ED003,1977-09-04,discharge/débit,38.5,
01ED003,1977-09-05,discharge/débit,34.8,
01ED003,1977-09-06,discharge/débit,38.8,
01ED003,1977-09-07,discharge/débit,41.1,
01ED003,1977-09-08,discharge/débit,29.4,
01ED003,1977-09-09,discharge/débit,32.0,
01ED003,1977-09-10,discharge/débit,40.2,
01ED003,1977-09-11,discharge/débit,39.9,
01ED003,1977-09-12,discharge/débit,40.5,
01ED003,1977-09-13,discharge/débit,36.5,
01ED003,1977-09-14,discharge/débit,46.7,
01ED003,1977-09-15,discharge/débit,43.6,
01ED003,1977-09-16,discharge/débit,47.0,
01ED003,1977-09-17,discharge/débit,54.9,
01ED003,1977-09-18,discharge/débit,54.1,
01ED003,1977-09-19,discharge/débit,44.2,
01ED003,1977-09-20,discharge/débit,51.5,
01ED003,1977-09-21,discharge/débit,55.5,
01ED003,1977-09-22,discharge/débit,57.5,
01ED003,1977-09-23,discharge/débit,64.8,
01ED003,1977-09-24,discharge/débit,58.0,
01ED003,1977-09-25,discharge/débit,52.1,
01ED003,1977-09-26,discharge/débit,60.0,
01ED003,1977-09-27,discharge/débit,49.0,
01ED003,1977-09-28,discharge/débit,37.1,
01ED003,1977-09-29,discharge/débit,71.1,
01ED003,1977-09-30,discharge/débit,71.9,
01ED003,1977-10-01,discharge/débit,77.6,
01ED003,1977-10-02,discharge/débit,74.5,
01ED003,1977-10-03,discharge/débit,85.0,
01ED003,1977-10-04,discharge/débit,68.8,
01ED003,1977-10-05,discharge/débit,46.7,
01ED003,1977-10-06,discharge/débit,55.5,
01ED003,1977-10-07,discharge/débit,56.6,
01ED003,1977-10-08,discharge/débit,57.5,
01ED003,1977-10-09,discharge/débit,59.5,
01ED003,1977-10-10,discharge/débit,59.2,
01ED003,1977-10-11,discharge/débit,57.8,
01ED003,1977-10-12,discharge/débit,68.0,
01ED003,1977-10-13,discharge/débit,71.4,
01ED003,1977-10-14,discharge/débit,66.0,
01ED003,1977-10-15,discharge/débit,85.2,
01ED003,1977-10-16,discharge/débit,84.4,
01ED003,1977-10-17,discharge/débit,85.2,
01ED003,1977-10-18,discharge/débit,103.0,
01ED003,1977-10-19,discharge/débit,79.0,
01ED003,1977-10-20,discharge/débit,101.0,
01ED003,1977-10-21,discharge/débit,111.0,
01ED003,1977-10-22,discharge/débit,111.0,
01ED003,1977-10-23,discharge/débit,94.3,
01ED003,1977-10-24,discharge/débit,67.7,
01ED003,1977-10-25,discharge/débit,84.7,
01ED003,1977-10-26,discharge/débit,74.2,
01ED003,1977-10-27,discharge/débit,85.5,
01ED003,1977-10-28,discharge/débit,84.4,
01ED003,1977-10-29,discharge/débit,71.9,
01ED003,1977-10-30,discharge/débit,75.3,
01ED003,1977-10-31,discharge/débit,78.7,
01ED003,1977-11-01,discharge/débit,73.1,
01ED003,1977-11-02,discharge/débit,73.1,
01ED003,1977-11-03,discharge/débit,81.3,
01ED003,1977-11-04,discharge/débit,77.0,
01ED003,1977-11-05,discharge/débit,80.1,
01ED003,1977-11-06,discharge/débit,70.8,
01ED003,1977-11-07,discharge/débit,84.1,
01ED003,1977-11-08,discharge/débit,74.2,
01ED003,1977-11-09,discharge/débit,84.1,
01ED003,1977-11-10,discharge/débit,75.3,
01ED003,1977-11-11,discharge/débit,88.3,
01ED003,1977-11-12,discharge/débit,83.8,
01ED003,1977-11-13,discharge/débit,86.1,
01ED003,1977-11-14,discharge/débit,89.8,
01ED003,1977-11-15,discharge/débit,82.7,
01ED003,1977-11-16,discharge/débit,84.4,
01ED003,1977-11-17,discharge/débit,89.5,
01ED003,1977-11-18,discharge/débit,88.3,
01ED003,1977-11-19,discharge/débit,100.0,
01ED003,1977-11-20,discharge/débit,88.3,
01ED003,1977-11-21,discharge/débit,88.3,
01ED003,1977-11-22,discharge/débit,87.2,
01ED003,1977-11-23,discharge/débit,85.8,
01ED003,1977-11-24,discharge/débit,79.3,
01ED003,1977-11-25,discharge/débit,88.6,
01ED003,1977-11-26,discharge/débit,91.2,
01ED003,1977-11-27,discharge/débit,90.0,
01ED003,1977-11-28,discharge/débit,84.4,
01ED003,1977-11-29,discharge/débit,80.7,
01ED003,1977-11-30,discharge/débit,83.3,
01ED003,1977-12-01,discharge/débit,78.7,
01ED003,1977-12-02,discharge/débit,81.6,
01ED003,1977-12-03,discharge/débit,88.3,
01ED003,1977-12-04,discharge/débit,78.7,
01ED003,1977-12-05,discharge/débit,88.9,
01ED003,1977-12-06,discharge/débit,85.5,
01ED003,1977-12-07,discharge/débit,83.3,
01ED003,1977-12-08,discharge/débit,87.5,
01ED003,1977-12-09,discharge/débit,92.3,
01ED003,1977-12-10,discharge/débit,97.4,
01ED003,1977-12-11,discharge/débit,90.9,
01ED003,1977-12-12,discharge/débit,84.4,
01ED003,1977-12-13,discharge/débit,86.1,
01ED003,1977-12-14,discharge/débit,87.8,
01ED003,1977-12-15,discharge/débit,94.6,
01ED003,1977-12-16,discharge/débit,91.2,
01ED003,1977-12-17,discharge/débit,98.5,
01ED003,1977-12-18,discharge/débit,75.3,
01ED003,1977-12-19,discharge/débit,91.2,
01ED003,1977-12-20,discharge/débit,80.7,
01ED003,1977-12-21,discharge/débit,83.8,
01ED003,1977-12-22,discharge/débit,93.2,
01ED003,1977-12-23,discharge/débit,112.0,
01ED003,1977-12-24,discharge/débit,103.0,
01ED003,1977-12-25,discharge/débit,99.1,
01ED003,1977-12-26,discharge/débit,99.4,
01ED003,1977-12-27,discharge/débit,104.0,
01ED003,1977-12-28,discharge/débit,98.3,
01ED003,1977-12-29,discharge/débit,91.2,
01ED003,1977-12-30,discharge/débit,103.0,
01ED003,1977-12-31,discharge/débit,104.0,
01ED003,1978-01-01,discharge/débit,99.7,
01ED003,1978-01-02,discharge/débit,101.0,
01ED003,1978-01-03,discharge/débit,98.3,
01ED003,1978-01-04,discharge/débit,97.4,
01ED003,1978-01-05,discharge/débit,100.0,
01ED003,1978-01-06,discharge/débit,103.0,
01ED003,1978-01-07,discharge/débit,101.0,
01ED003,1978-01-08,discharge/débit,103.0,
01ED003,1978-01-09,discharge/débit,104.0,
01ED003,1978-01-10,discharge/débit,103.0,
01ED003,1978-01-11,discharge/débit,103.0,
01ED003,1978-01-12,discharge/débit,106.0,
01ED003,1978-01-13,discharge/débit,104.0,
01ED003,1978-01-14,discharge/débit,127.0,
01ED003,1978-01-15,discharge/débit,396.0,
01ED003,1978-01-16,discharge/débit,248.0,
01ED003,1978-01-17,discharge/débit,197.0,
01ED003,1978-01-18,discharge/débit,257.0,
01ED003,1978-01-19,discharge/débit,510.0,
01ED003,1978-01-20,discharge/débit,651.0,
01ED003,1978-01-21,discharge/débit,626.0,A
01ED003,1978-01-22,discharge/débit,592.0,E
01ED003,1978-01-23,discharge/débit,564.0,E
01ED003,1978-01-24,discharge/débit,535.0,E
01ED003,1978-01-25,discharge/débit,507.0,A
01ED003,1978-01-26,discharge/débit,589.0,
01ED003,1978-01-27,discharge/débit,731.0,
01ED003,1978-01-28,discharge/débit,612.0,
01ED003,1978-01-29,discharge/débit,564.0,
01ED003,1978-01-30,discharge/débit,439.0,
01ED003,1978-01-31,discharge/débit,283.0,
01ED003,1978-02-01,discharge/débit,266.0,
01ED003,1978-02-02,discharge/débit,297.0,
01ED003,1978-02-03,discharge/débit,275.0,
01ED003,1978-02-04,discharge/débit,240.0,
01ED003,1978-02-05,discharge/débit,247.0,
01ED003,1978-02-06,discharge/débit,222.0,
01ED003,1978-02-07,discharge/débit,154.0,
01ED003,1978-02-08,discharge/débit,163.0,
01ED003,1978-02-09,discharge/débit,156.0,
01ED003,1978-02-10,discharge/débit,104.0,
01ED003,1978-02-11,discharge/débit,105.0,
01ED003,1978-02-12,discharge/débit,108.0,
01ED003,1978-02-13,discharge/débit,114.0,
01ED003,1978-02-14,discharge/débit,112.0,
01ED003,1978-02-15,discharge/débit,110.0,
01ED003,1978-02-16,discharge/débit,94.3,
01ED003,1978-02-17,discharge/débit,113.0,
01ED003,1978-02-18,discharge/débit,114.0,
01ED003,1978-02-19,discharge/débit,103.0,
01ED003,1978-02-20,discharge/débit,103.0,
01ED003,1978-02-21,discharge/débit,106.0,
01ED003,1978-02-22,discharge/débit,104.0,
01ED003,1978-02-23,discharge/débit,112.0,
01ED003,1978-02-24,discharge/débit,112.0,
01ED003,1978-02-25,discharge/débit,106.0,
01ED003,1978-02-26,discharge/débit,102.0,
01ED003,1978-02-27,discharge/débit,103.0,
01ED003,1978-02-28,discharge/débit,110.0,
01ED003,1978-03-01,discharge/débit,116.0,
01ED003,1978-03-02,discharge/débit,96.8,
01ED003,1978-03-03,discharge/débit,103.0,
01ED003,1978-03-04,discharge/débit,116.0,
01ED003,1978-03-05,discharge/débit,112.0,
01ED003,1978-03-06,discharge/débit,102.0,
01ED003,1978-03-07,discharge/débit,113.0,
01ED003,1978-03-08,discharge/débit,103.0,
01ED003,1978-03-09,discharge/débit,112.0,
01ED003,1978-03-10,discharge/débit,94.6,
01ED003,1978-03-11,discharge/débit,96.8,
01ED003,1978-03-12,discharge/débit,103.0,
01ED003,1978-03-13,discharge/débit,93.7,
01ED003,1978-03-14,discharge/débit,91.2,
01ED003,1978-03-15,discharge/débit,62.9,
01ED003,1978-03-16,discharge/débit,86.7,
01ED003,1978-03-17,discharge/débit,87.2,
01ED003,1978-03-18,discharge/débit,81.0,
01ED003,1978-03-19,discharge/débit,79.6,
01ED003,1978-03-20,discharge/débit,88.3,
01ED003,1978-03-21,discharge/débit,86.1,
01ED003,1978-03-22,discharge/débit,75.6,
01ED003,1978-03-23,discharge/débit,99.4,
01ED003,1978-03-24,discharge/débit,92.9,
01ED003,1978-03-25,discharge/débit,89.8,
01ED003,1978-03-26,discharge/débit,90.6,
01ED003,1978-03-27,discharge/débit,88.1,
01ED003,1978-03-28,discharge/débit,118.0,
01ED003,1978-03-29,discharge/débit,96.0,
01ED003,1978-03-30,discharge/débit,88.6,
01ED003,1978-03-31,discharge/débit,74.8,
01ED003,1978-04-01,discharge/débit,70.8,
01ED003,1978-04-02,discharge/débit,81.8,
01ED003,1978-04-03,discharge/débit,85.8,
01ED003,1978-04-04,discharge/débit,78.4,
01ED003,1978-04-05,discharge/débit,72.8,
01ED003,1978-04-06,discharge/débit,82.7,
01ED003,1978-04-07,discharge/débit,81.8,
01ED003,1978-04-08,discharge/débit,63.7,
01ED003,1978-04-09,discharge/débit,74.8,
01ED003,1978-04-10,discharge/débit,67.4,
01ED003,1978-04-11,discharge/débit,59.7,
01ED003,1978-04-12,discharge/débit,74.8,
01ED003,1978-04-13,discharge/débit,73.9,
01ED003,1978-04-14,discharge/débit,74.2,
01ED003,1978-04-15,discharge/débit,67.7,
01ED003,1978-04-16,discharge/débit,67.4,
01ED003,1978-04-17,discharge/débit,62.9,
01ED003,1978-04-18,discharge/débit,66.5,
01ED003,1978-04-19,discharge/débit,79.6,
01ED003,1978-04-20,discharge/débit,63.7,
01ED003,1978-04-21,discharge/débit,81.0,
01ED003,1978-04-22,discharge/débit,74.2,
01ED003,1978-04-23,discharge/débit,68.2,
01ED003,1978-04-24,discharge/débit,71.6,
01ED003,1978-04-25,discharge/débit,75.6,
01ED003,1978-04-26,discharge/débit,53.0,
01ED003,1978-04-27,discharge/débit,61.7,
01ED003,1978-04-28,discharge/débit,54.4,
01ED003,1978-04-29,discharge/débit,38.2,
01ED003,1978-04-30,discharge/débit,23.0,
01ED003,1978-05-01,discharge/débit,50.7,
01ED003,1978-05-02,discharge/débit,61.7,
01ED003,1978-05-03,discharge/débit,52.1,
01ED003,1978-05-04,discharge/débit,54.4,
01ED003,1978-05-05,discharge/débit,51.5,
01ED003,1978-05-06,discharge/débit,43.6,
01ED003,1978-05-07,discharge/débit,34.8,
01ED003,1978-05-08,discharge/débit,52.7,
01ED003,1978-05-09,discharge/débit,61.2,
01ED003,1978-05-10,discharge/débit,62.0,
01ED003,1978-05-11,discharge/débit,53.0,
01ED003,1978-05-12,discharge/débit,47.6,
01ED003,1978-05-13,discharge/débit,45.9,
01ED003,1978-05-14,discharge/débit,22.7,
01ED003,1978-05-15,discharge/débit,52.7,
01ED003,1978-05-16,discharge/débit,53.5,
01ED003,1978-05-17,discharge/débit,57.2,
01ED003,1978-05-18,discharge/débit,63.7,
01ED003,1978-05-19,discharge/débit,59.5,
01ED003,1978-05-20,discharge/débit,37.1,
01ED003,1978-05-21,discharge/débit,33.1,
01ED003,1978-05-22,discharge/débit,49.6,
01ED003,1978-05-23,discharge/débit,51.3,
01ED003,1978-05-24,discharge/débit,44.2,
01ED003,1978-05-25,discharge/débit,49.6,
01ED003,1978-05-26,discharge/débit,47.3,
01ED003,1978-05-27,discharge/débit,28.6,
01ED003,1978-05-28,discharge/débit,17.3,
01ED003,1978-05-29,discharge/débit,40.8,
01ED003,1978-05-30,discharge/débit,36.5,
01ED003,1978-05-31,discharge/débit,43.3,
01ED003,1978-06-01,discharge/débit,43.6,
01ED003,1978-06-02,discharge/débit,45.0,
01ED003,1978-06-03,discharge/débit,32.8,
01ED003,1978-06-04,discharge/débit,27.5,
01ED003,1978-06-05,discharge/débit,33.4,
01ED003,1978-06-06,discharge/débit,49.3,
01ED003,1978-06-07,discharge/débit,41.1,
01ED003,1978-06-08,discharge/débit,40.8,
01ED003,1978-06-09,discharge/débit,40.8,
01ED003,1978-06-10,discharge/débit,23.9,
01ED003,1978-06-11,discharge/débit,18.8,
01ED003,1978-06-12,discharge/débit,35.7,
01ED003,1978-06-13,discharge/débit,42.2,
01ED003,1978-06-14,discharge/débit,48.4,
01ED003,1978-06-15,discharge/débit,42.2,
01ED003,1978-06-16,discharge/débit,48.1,
01ED003,1978-06-17,discharge/débit,41.1,
01ED003,1978-06-18,discharge/débit,45.6,
01ED003,1978-06-19,discharge/débit,38.8,
01ED003,1978-06-20,discharge/débit,35.7,
01ED003,1978-06-21,discharge/débit,41.9,
01ED003,1978-06-22,discharge/débit,40.8,
01ED003,1978-06-23,discharge/débit,37.9,
01ED003,1978-06-24,discharge/débit,37.9,
01ED003,1978-06-25,discharge/débit,36.8,
01ED003,1978-06-26,discharge/débit,43.6,
01ED003,1978-06-27,discharge/débit,42.2,
01ED003,1978-06-28,discharge/débit,41.6,
01ED003,1978-06-29,discharge/débit,41.6,
01ED003,1978-06-30,discharge/débit,41.9,
01ED003,1978-07-01,discharge/débit,46.2,
01ED003,1978-07-02,discharge/débit,40.8,
01ED003,1978-07-03,discharge/débit,39.9,
01ED003,1978-07-04,discharge/débit,40.5,
01ED003,1978-07-05,discharge/débit,38.5,
01ED003,1978-07-06,discharge/débit,48.4,
01ED003,1978-07-07,discharge/débit,42.8,
01ED003,1978-07-08,discharge/débit,40.8,
01ED003,1978-07-09,discharge/débit,40.2,
01ED003,1978-07-10,discharge/débit,39.6,
01ED003,1978-07-11,discharge/débit,43.9,
01ED003,1978-07-12,discharge/débit,39.9,
01ED003,1978-07-13,discharge/débit,37.7,
01ED003,1978-07-14,discharge/débit,39.9,
01ED003,1978-07-15,discharge/débit,37.7,
01ED003,1978-07-16,discharge/débit,40.2,
01ED003,1978-07-17,discharge/débit,39.9,
01ED003,1978-07-18,discharge/débit,40.5,
01ED003,1978-07-19,discharge/débit,40.5,
01ED003,1978-07-20,discharge/débit,39.6,
01ED003,1978-07-21,discharge/débit,38.5,
01ED003,1978-07-22,discharge/débit,41.3,
01ED003,1978-07-23,discharge/débit,30.0,
01ED003,1978-07-24,discharge/débit,37.7,
01ED003,1978-07-25,discharge/débit,36.5,
01ED003,1978-07-26,discharge/débit,35.4,
01ED003,1978-07-27,discharge/débit,37.9,
01ED003,1978-07-28,discharge/débit,44.2,
01ED003,1978-07-29,discharge/débit,38.5,
01ED003,1978-07-30,discharge/débit,28.1,
01ED003,1978-07-31,discharge/débit,36.2,
01ED003,1978-08-01,discharge/débit,44.2,
01ED003,1978-08-02,discharge/débit,52.4,
01ED003,1978-08-03,discharge/débit,44.5,
01ED003,1978-08-04,discharge/débit,52.4,
01ED003,1978-08-05,discharge/débit,39.6,
01ED003,1978-08-06,discharge/débit,47.3,
01ED003,1978-08-07,discharge/débit,41.3,
01ED003,1978-08-08,discharge/débit,34.0,
01ED003,1978-08-09,discharge/débit,38.5,
01ED003,1978-08-10,discharge/débit,37.4,
01ED003,1978-08-11,discharge/débit,48.1,
01ED003,1978-08-12,discharge/débit,44.7,
01ED003,1978-08-13,discharge/débit,43.9,
01ED003,1978-08-14,discharge/débit,45.9,
01ED003,1978-08-15,discharge/débit,47.3,
01ED003,1978-08-16,discharge/débit,47.6,
01ED003,1978-08-17,discharge/débit,58.6,
01ED003,1978-08-18,discharge/débit,49.6,
01ED003,1978-08-19,discharge/débit,47.6,
01ED003,1978-08-20,discharge/débit,51.8,
01ED003,1978-08-21,discharge/débit,37.7,
01ED003,1978-08-22,discharge/débit,34.0,
01ED003,1978-08-23,discharge/débit,37.1,
01ED003,1978-08-24,discharge/débit,42.2,
01ED003,1978-08-25,discharge/débit,34.5,
01ED003,1978-08-26,discharge/débit,28.1,
01ED003,1978-08-27,discharge/débit,33.1,
01ED003,1978-08-28,discharge/débit,43.9,
01ED003,1978-08-29,discharge/débit,35.4,
01ED003,1978-08-30,discharge/débit,40.5,
01ED003,1978-08-31,discharge/débit,29.7,
01ED003,1978-09-01,discharge/débit,36.0,
01ED003,1978-09-02,discharge/débit,19.0,
01ED003,1978-09-03,discharge/débit,18.1,
01ED003,1978-09-04,discharge/débit,21.6,
01ED003,1978-09-05,discharge/débit,26.1,
01ED003,1978-09-06,discharge/débit,37.1,
01ED003,1978-09-07,discharge/débit,40.2,
01ED003,1978-09-08,discharge/débit,33.4,
01ED003,1978-09-09,discharge/débit,35.1,
01ED003,1978-09-10,discharge/débit,34.5,
01ED003,1978-09-11,discharge/débit,37.1,
01ED003,1978-09-12,discharge/débit,38.2,
01ED003,1978-09-13,discharge/débit,36.2,
01ED003,1978-09-14,discharge/débit,34.5,
01ED003,1978-09-15,discharge/débit,33.1,
01ED003,1978-09-16,discharge/débit,38.2,
01ED003,1978-09-17,discharge/débit,9.12,
01ED003,1978-09-18,discharge/débit,38.8,
01ED003,1978-09-19,discharge/débit,11.2,
01ED003,1978-09-20,discharge/débit,11.0,
01ED003,1978-09-21,discharge/débit,10.8,
01ED003,1978-09-22,discharge/débit,9.09,
01ED003,1978-09-23,discharge/débit,10.8,
01ED003,1978-09-24,discharge/débit,9.46,
01ED003,1978-09-25,discharge/débit,9.77,
01ED003,1978-09-26,discharge/débit,11.6,
01ED003,1978-09-27,discharge/débit,11.7,
01ED003,1978-09-28,discharge/débit,34.3,
01ED003,1978-09-29,discharge/débit,35.1,
01ED003,1978-09-30,discharge/débit,32.3,
01ED003,1978-10-01,discharge/débit,10.8,
01ED003,1978-10-02,discharge/débit,8.61,
01ED003,1978-10-03,discharge/débit,37.1,
01ED003,1978-10-04,discharge/débit,9.17,
01ED003,1978-10-05,discharge/débit,34.8,
01ED003,1978-10-06,discharge/débit,47.0,
01ED003,1978-10-07,discharge/débit,15.3,
01ED003,1978-10-08,discharge/débit,16.1,
01ED003,1978-10-09,discharge/débit,41.3,
01ED003,1978-10-10,discharge/débit,41.1,
01ED003,1978-10-11,discharge/débit,32.3,
01ED003,1978-10-12,discharge/débit,32.8,
01ED003,1978-10-13,discharge/débit,36.0,
01ED003,1978-10-14,discharge/débit,24.8,
01ED003,1978-10-15,discharge/débit,29.2,
01ED003,1978-10-16,discharge/débit,37.9,
01ED003,1978-10-17,discharge/débit,41.1,
01ED003,1978-10-18,discharge/débit,37.4,
01ED003,1978-10-19,discharge/débit,36.2,
01ED003,1978-10-20,discharge/débit,35.1,
01ED003,1978-10-21,discharge/débit,15.7,
01ED003,1978-10-22,discharge/débit,18.2,
01ED003,1978-10-23,discharge/débit,34.5,
01ED003,1978-10-24,discharge/débit,44.2,
01ED003,1978-10-25,discharge/débit,30.6,
01ED003,1978-10-26,discharge/débit,34.0,
01ED003,1978-10-27,discharge/débit,43.3,
01ED003,1978-10-28,discharge/débit,20.5,
01ED003,1978-10-29,discharge/débit,27.4,
01ED003,1978-10-30,discharge/débit,38.8,
01ED003,1978-10-31,discharge/débit,32.6,
01ED003,1978-11-01,discharge/débit,25.5,
01ED003,1978-11-02,discharge/débit,30.6,
01ED003,1978-11-03,discharge/débit,41.1,
01ED003,1978-11-04,discharge/débit,14.9,
01ED003,1978-11-05,discharge/débit,25.3,
01ED003,1978-11-06,discharge/débit,29.7,
01ED003,1978-11-07,discharge/débit,26.2,
01ED003,1978-11-08,discharge/débit,33.4,
01ED003,1978-11-09,discharge/débit,29.2,
01ED003,1978-11-10,discharge/débit,23.9,
01ED003,1978-11-11,discharge/débit,10.3,
01ED003,1978-11-12,discharge/débit,16.8,
01ED003,1978-11-13,discharge/débit,8.1,
01ED003,1978-11-14,discharge/débit,41.6,
01ED003,1978-11-15,discharge/débit,24.2,
01ED003,1978-11-16,discharge/débit,24.5,
01ED003,1978-11-17,discharge/débit,30.0,
01ED003,1978-11-18,discharge/débit,13.2,
01ED003,1978-11-19,discharge/débit,18.9,
01ED003,1978-11-20,discharge/débit,30.6,
01ED003,1978-11-21,discharge/débit,29.7,
01ED003,1978-11-22,discharge/débit,30.6,
01ED003,1978-11-23,discharge/débit,32.8,
01ED003,1978-11-24,discharge/débit,35.1,
01ED003,1978-11-25,discharge/débit,22.7,
01ED003,1978-11-26,discharge/débit,21.5,
01ED003,1978-11-27,discharge/débit,44.5,
01ED003,1978-11-28,discharge/débit,35.7,
01ED003,1978-11-29,discharge/débit,24.0,
01ED003,1978-11-30,discharge/débit,31.4,
01ED003,1978-12-01,discharge/débit,31.7,
01ED003,1978-12-02,discharge/débit,8.5,
01ED003,1978-12-03,discharge/débit,15.5,
01ED003,1978-12-04,discharge/débit,7.84,
01ED003,1978-12-05,discharge/débit,47.0,
01ED003,1978-12-06,discharge/débit,27.7,
01ED003,1978-12-07,discharge/débit,27.7,
01ED003,1978-12-08,discharge/débit,24.7,
01ED003,1978-12-09,discharge/débit,48.7,
01ED003,1978-12-10,discharge/débit,30.6,
01ED003,1978-12-11,discharge/débit,47.9,
01ED003,1978-12-12,discharge/débit,45.6,
01ED003,1978-12-13,discharge/débit,34.0,
01ED003,1978-12-14,discharge/débit,35.1,
01ED003,1978-12-15,discharge/débit,36.0,
01ED003,1978-12-16,discharge/débit,17.7,
01ED003,1978-12-17,discharge/débit,17.1,
01ED003,1978-12-18,discharge/débit,45.6,
01ED003,1978-12-19,discharge/débit,48.4,
01ED003,1978-12-20,discharge/débit,8.55,
01ED003,1978-12-21,discharge/débit,8.72,
01ED003,1978-12-22,discharge/débit,39.9,
01ED003,1978-12-23,discharge/débit,29.2,
01ED003,1978-12-24,discharge/débit,12.7,
01ED003,1978-12-25,discharge/débit,12.1,
01ED003,1978-12-26,discharge/débit,11.6,
01ED003,1978-12-27,discharge/débit,35.7,
01ED003,1978-12-28,discharge/débit,33.1,
01ED003,1978-12-29,discharge/débit,41.3,
01ED003,1978-12-30,discharge/débit,10.3,
01ED003,1978-12-31,discharge/débit,10.8,
01ED003,1979-01-01,discharge/débit,17.3,
01ED003,1979-01-02,discharge/débit,42.1,
01ED003,1979-01-03,discharge/débit,48.2,
01ED003,1979-01-04,discharge/débit,52.4,
01ED003,1979-01-05,discharge/débit,45.6,
01ED003,1979-01-06,discharge/débit,40.4,
01ED003,1979-01-07,discharge/débit,20.3,
01ED003,1979-01-08,discharge/débit,54.6,
01ED003,1979-01-09,discharge/débit,62.4,
01ED003,1979-01-10,discharge/débit,57.6,
01ED003,1979-01-11,discharge/débit,46.5,
01ED003,1979-01-12,discharge/débit,36.5,
01ED003,1979-01-13,discharge/débit,10.2,
01ED003,1979-01-14,discharge/débit,12.2,
01ED003,1979-01-15,discharge/débit,12.3,
01ED003,1979-01-16,discharge/débit,12.3,
01ED003,1979-01-17,discharge/débit,11.7,
01ED003,1979-01-18,discharge/débit,11.9,
01ED003,1979-01-19,discharge/débit,42.4,
01ED003,1979-01-20,discharge/débit,55.5,
01ED003,1979-01-21,discharge/débit,40.9,
01ED003,1979-01-22,discharge/débit,67.0,
01ED003,1979-01-23,discharge/débit,57.8,
01ED003,1979-01-24,discharge/débit,49.6,
01ED003,1979-01-25,discharge/débit,56.7,
01ED003,1979-01-26,discharge/débit,56.1,
01ED003,1979-01-27,discharge/débit,78.0,
01ED003,1979-01-28,discharge/débit,77.2,
01ED003,1979-01-29,discharge/débit,75.3,
01ED003,1979-01-30,discharge/débit,87.6,
01ED003,1979-01-31,discharge/débit,61.7,
01ED003,1979-02-01,discharge/débit,60.0,
01ED003,1979-02-02,discharge/débit,58.6,
01ED003,1979-02-03,discharge/débit,53.9,
01ED003,1979-02-04,discharge/débit,59.7,
01ED003,1979-02-05,discharge/débit,52.4,
01ED003,1979-02-06,discharge/débit,37.4,
01ED003,1979-02-07,discharge/débit,41.9,E
01ED003,1979-02-08,discharge/débit,44.7,E
01ED003,1979-02-09,discharge/débit,43.9,E
01ED003,1979-02-10,discharge/débit,44.7,E
01ED003,1979-02-11,discharge/débit,49.6,E
01ED003,1979-02-12,discharge/débit,48.1,E
01ED003,1979-02-13,discharge/débit,45.3,E
01ED003,1979-02-14,discharge/débit,50.4,A
01ED003,1979-02-15,discharge/débit,49.5,
01ED003,1979-02-16,discharge/débit,48.4,
01ED003,1979-02-17,discharge/débit,45.0,
01ED003,1979-02-18,discharge/débit,41.4,
01ED003,1979-02-19,discharge/débit,45.6,
01ED003,1979-02-20,discharge/débit,43.7,
01ED003,1979-02-21,discharge/débit,43.4,
01ED003,1979-02-22,discharge/débit,49.7,
01ED003,1979-02-23,discharge/débit,48.3,
01ED003,1979-02-24,discharge/débit,53.6,
01ED003,1979-02-25,discharge/débit,46.9,
01ED003,1979-02-26,discharge/débit,52.0,
01ED003,1979-02-27,discharge/débit,92.2,
01ED003,1979-02-28,discharge/débit,109.0,
01ED003,1979-03-01,discharge/débit,63.4,
01ED003,1979-03-02,discharge/débit,57.5,
01ED003,1979-03-03,discharge/débit,49.2,
01ED003,1979-03-04,discharge/débit,58.3,
01ED003,1979-03-05,discharge/débit,47.1,
01ED003,1979-03-06,discharge/débit,51.8,
01ED003,1979-03-07,discharge/débit,53.7,
01ED003,1979-03-08,discharge/débit,61.1,
01ED003,1979-03-09,discharge/débit,54.3,
01ED003,1979-03-10,discharge/débit,52.6,
01ED003,1979-03-11,discharge/débit,69.2,
01ED003,1979-03-12,discharge/débit,124.0,
01ED003,1979-03-13,discharge/débit,108.0,
01ED003,1979-03-14,discharge/débit,109.0,
01ED003,1979-03-15,discharge/débit,152.0,
01ED003,1979-03-16,discharge/débit,155.0,A
01ED003,1979-03-17,discharge/débit,129.0,A
01ED003,1979-03-18,discharge/débit,117.0,E
01ED003,1979-03-19,discharge/débit,106.0,A
01ED003,1979-03-20,discharge/débit,110.0,
01ED003,1979-03-21,discharge/débit,123.0,
01ED003,1979-03-22,discharge/débit,123.0,
01ED003,1979-03-23,discharge/débit,119.0,
01ED003,1979-03-24,discharge/débit,121.0,
01ED003,1979-03-25,discharge/débit,115.0,
01ED003,1979-03-26,discharge/débit,120.0,
01ED003,1979-03-27,discharge/débit,133.0,
01ED003,1979-03-28,discharge/débit,127.0,
01ED003,1979-03-29,discharge/débit,125.0,
01ED003,1979-03-30,discharge/débit,120.0,
01ED003,1979-03-31,discharge/débit,119.0,
01ED003,1979-04-01,discharge/débit,117.0,
01ED003,1979-04-02,discharge/débit,117.0,
01ED003,1979-04-03,discharge/débit,117.0,
01ED003,1979-04-04,discharge/débit,118.0,
01ED003,1979-04-05,discharge/débit,116.0,
01ED003,1979-04-06,discharge/débit,117.0,
01ED003,1979-04-07,discharge/débit,112.0,
01ED003,1979-04-08,discharge/débit,108.0,
01ED003,1979-04-09,discharge/débit,91.3,
01ED003,1979-04-10,discharge/débit,112.0,
01ED003,1979-04-11,discharge/débit,141.0,
01ED003,1979-04-12,discharge/débit,126.0,
01ED003,1979-04-13,discharge/débit,116.0,
01ED003,1979-04-14,discharge/débit,109.0,
01ED003,1979-04-15,discharge/débit,108.0,
01ED003,1979-04-16,discharge/débit,106.0,
01ED003,1979-04-17,discharge/débit,89.1,
01ED003,1979-04-18,discharge/débit,84.3,
01ED003,1979-04-19,discharge/débit,96.1,
01ED003,1979-04-20,discharge/débit,95.9,
01ED003,1979-04-21,discharge/débit,80.6,
01ED003,1979-04-22,discharge/débit,85.9,
01ED003,1979-04-23,discharge/débit,79.8,
01ED003,1979-04-24,discharge/débit,87.4,
01ED003,1979-04-25,discharge/débit,76.7,
01ED003,1979-04-26,discharge/débit,85.2,
01ED003,1979-04-27,discharge/débit,73.2,
01ED003,1979-04-28,discharge/débit,70.5,
01ED003,1979-04-29,discharge/débit,71.1,
01ED003,1979-04-30,discharge/débit,101.0,
01ED003,1979-05-01,discharge/débit,110.0,
01ED003,1979-05-02,discharge/débit,103.0,
01ED003,1979-05-03,discharge/débit,84.1,
01ED003,1979-05-04,discharge/débit,85.6,
01ED003,1979-05-05,discharge/débit,75.9,
01ED003,1979-05-06,discharge/débit,78.7,
01ED003,1979-05-07,discharge/débit,68.1,
01ED003,1979-05-08,discharge/débit,71.3,
01ED003,1979-05-09,discharge/débit,72.5,
01ED003,1979-05-10,discharge/débit,69.1,
01ED003,1979-05-11,discharge/débit,74.5,
01ED003,1979-05-12,discharge/débit,64.1,
01ED003,1979-05-13,discharge/débit,71.4,
01ED003,1979-05-14,discharge/débit,72.5,
01ED003,1979-05-15,discharge/débit,68.1,
01ED003,1979-05-16,discharge/débit,62.6,
01ED003,1979-05-17,discharge/débit,77.6,
01ED003,1979-05-18,discharge/débit,66.0,
01ED003,1979-05-19,discharge/débit,71.8,
01ED003,1979-05-20,discharge/débit,66.0,
01ED003,1979-05-21,discharge/débit,61.7,
01ED003,1979-05-22,discharge/débit,72.3,
01ED003,1979-05-23,discharge/débit,71.8,
01ED003,1979-05-24,discharge/débit,72.4,
01ED003,1979-05-25,discharge/débit,79.0,
01ED003,1979-05-26,discharge/débit,74.6,
01ED003,1979-05-27,discharge/débit,76.7,
01ED003,1979-05-28,discharge/débit,79.4,
01ED003,1979-05-29,discharge/débit,68.6,
